gpa,cibil_score,parent_income,loan_amount,region,gender,state,age,course_type,institution_tier,co_applicant_type,approval_status
8.78,582,1103680,1253370,South,Female,Kerala,25,Business,Tier 1,Relative,Approved
6.99,667,577277,760561,North,Male,Uttarakhand,26,Engineering,Tier 2,Parent,Approved
7.9,503,527076,761647,East,Female,Bihar,22,Business,Tier 1,Sibling,Approved
10.0,651,1158091,710074,North,Female,Himachal Pradesh,19,Arts,Tier 2,Parent,Approved
7.62,515,925730,783513,North,Male,Uttarakhand,19,Business,Tier 2,Parent,Approved
5.74,424,641775,770963,South,Male,Kerala,20,Arts,Tier 3,Relative,Approved
7.89,524,721608,1149973,South,Male,Kerala,25,Engineering,Tier 2,Relative,Approved
8.44,535,1088352,2215592,North,Female,Punjab,27,Medical,Tier 1,Sibling,Approved
9.42,711,682187,930338,East,Male,Assam,24,Engineering,Tier 1,Relative,Approved
5.0,521,870931,1302662,South,Male,Karnataka,28,Medical,Tier 3,Parent,Rejected
5.0,537,740720,1438201,South,Male,Karnataka,21,Medical,Tier 3,Parent,Rejected
8.84,679,797785,1178281,North,Male,Delhi,18,Engineering,Tier 1,Parent,Approved
6.31,649,630110,1131170,West,Male,Goa,19,Business,Tier 2,Parent,Approved
6.56,540,519484,617179,East,Male,Jharkhand,26,Arts,Tier 2,None,Rejected
7.06,586,1157218,1181260,West,Female,Goa,18,Engineering,Tier 1,Parent,Rejected
7.44,562,585694,453579,West,Female,Rajasthan,18,Engineering,Tier 3,Parent,Approved
8.42,632,1180516,1834864,West,Male,Maharashtra,21,Engineering,Tier 2,Sibling,Approved
7.52,476,1258736,680158,South,Male,Telangana,20,Science,Tier 2,Parent,Approved
8.23,566,627884,1777629,South,Male,Karnataka,18,Architecture,Tier 2,Parent,Approved
6.18,449,532995,1236956,East,Female,Jharkhand,22,Engineering,Tier 1,Parent,Rejected
8.59,651,538633,1295089,South,Male,Karnataka,26,Arts,Tier 2,Relative,Rejected
7.7,737,386017,534089,East,Female,Jharkhand,20,Medical,Tier 2,Parent,Approved
7.58,628,330563,224999,East,Male,Jharkhand,27,Science,Tier 2,Relative,Approved
8.39,529,654134,1133076,North,Female,Haryana,24,Engineering,Tier 1,Parent,Approved
5.0,548,697061,1618621,North,Male,Himachal Pradesh,22,Engineering,Tier 3,Parent,Rejected
7.67,588,1021121,1303047,South,Female,Kerala,27,Medical,Tier 3,Parent,Approved
7.0,633,1026780,1596094,North,Male,Punjab,27,Law,Tier 3,Sibling,Rejected
6.76,539,1127829,1283031,Central,Female,Chhattisgarh,21,Business,Tier 2,Parent,Rejected
8.98,521,277193,1052610,Central,Male,Madhya Pradesh,19,Engineering,Tier 2,Parent,Approved
6.06,597,1056864,795279,South,Female,Tamil Nadu,28,Science,Tier 3,Parent,Rejected
6.06,358,280297,431449,South,Male,Telangana,18,Arts,Tier 3,Parent,Rejected
7.62,530,880290,591673,North,Male,Uttarakhand,26,Science,Tier 2,Parent,Approved
9.72,662,701145,1044244,East,Female,Assam,21,Law,Tier 3,None,Rejected
7.07,639,447161,1575976,West,Male,Goa,27,Medical,Tier 3,Parent,Rejected
5.0,474,694538,1002917,North,Female,Uttarakhand,21,Medical,Tier 3,Parent,Rejected
9.77,592,1019802,1159755,South,Male,Tamil Nadu,21,Engineering,Tier 1,Parent,Approved
7.34,598,803777,940292,West,Male,Gujarat,27,Engineering,Tier 3,Parent,Approved
7.94,564,652374,408820,East,Female,West Bengal,22,Arts,Tier 2,None,Approved
7.7,555,281754,1314275,South,Male,Andhra Pradesh,27,Medical,Tier 1,Parent,Approved
8.11,657,1266830,561894,South,Female,Telangana,20,Science,Tier 3,Parent,Rejected
7.76,612,654687,580317,North,Female,Delhi,23,Science,Tier 2,Parent,Approved
7.65,598,519126,957391,West,Female,Rajasthan,18,Engineering,Tier 1,Parent,Approved
8.41,535,550735,1601396,South,Male,Tamil Nadu,19,Business,Tier 3,None,Rejected
7.56,514,872105,990263,West,Female,Rajasthan,20,Law,Tier 2,Parent,Approved
7.27,573,954918,804720,East,Male,Jharkhand,24,Business,Tier 2,Relative,Approved
5.38,569,1249966,723738,North,Female,Haryana,20,Business,Tier 2,Parent,Approved
8.0,578,1113593,853871,West,Male,Goa,19,Business,Tier 1,Parent,Approved
9.01,607,1171622,608870,South,Female,Karnataka,27,Arts,Tier 1,Parent,Approved
6.75,605,200000,759368,West,Male,Rajasthan,25,Business,Tier 2,Relative,Rejected
7.74,515,244436,526547,East,Male,Odisha,23,Business,Tier 1,Parent,Approved
5.69,651,799011,698648,North,Female,Himachal Pradesh,26,Arts,Tier 3,Sibling,Approved
6.42,530,793557,133731,North,Male,Himachal Pradesh,27,Business,Tier 1,None,Rejected
8.67,740,1072361,1000195,North,Female,Delhi,24,Engineering,Tier 1,None,Approved
9.14,669,555564,670978,West,Female,Gujarat,20,Science,Tier 1,Parent,Approved
9.98,658,200000,421782,East,Female,Assam,28,Business,Tier 2,Sibling,Approved
7.24,525,847860,1469182,North,Male,Delhi,28,Business,Tier 2,None,Rejected
7.8,544,774087,1066107,Central,Male,Chhattisgarh,20,Law,Tier 3,Sibling,Approved
5.0,618,347978,996270,East,Female,West Bengal,27,Medical,Tier 3,Parent,Rejected
5.73,565,1143126,1551776,North,Female,Punjab,22,Law,Tier 2,Parent,Approved
10.0,687,920610,1506820,West,Female,Gujarat,26,Medical,Tier 1,None,Approved
9.46,643,1092067,1766544,West,Male,Goa,25,Engineering,Tier 1,Sibling,Approved
8.29,602,730545,1776709,South,Male,Tamil Nadu,25,Business,Tier 2,Parent,Approved
6.1,506,1190554,886424,North,Female,Himachal Pradesh,21,Law,Tier 3,Parent,Approved
6.79,494,759979,343000,North,Female,Delhi,23,Business,Tier 2,Parent,Approved
7.19,564,224214,203604,Central,Male,Uttar Pradesh,28,Arts,Tier 2,Parent,Approved
7.48,546,729167,521672,Central,Male,Chhattisgarh,28,Business,Tier 1,None,Approved
6.33,621,200000,1107302,Central,Male,Madhya Pradesh,24,Medical,Tier 3,Parent,Rejected
9.41,560,743726,822935,South,Female,Tamil Nadu,19,Business,Tier 2,Parent,Approved
9.44,550,1195044,783591,South,Female,Tamil Nadu,18,Engineering,Tier 1,Parent,Approved
8.53,687,987019,726290,North,Male,Uttarakhand,20,Science,Tier 2,None,Rejected
6.83,528,1041171,901864,Central,Male,Uttar Pradesh,24,Science,Tier 1,Relative,Approved
5.0,598,1343759,1124298,South,Female,Andhra Pradesh,21,Business,Tier 2,Parent,Rejected
8.24,667,329940,668189,South,Male,Karnataka,25,Arts,Tier 2,Parent,Rejected
9.67,585,594787,634864,East,Female,West Bengal,23,Engineering,Tier 2,Parent,Approved
7.11,435,1142919,664859,West,Male,Maharashtra,26,Business,Tier 2,Relative,Rejected
8.24,627,762615,950163,North,Male,Haryana,27,Engineering,Tier 3,Relative,Approved
7.92,471,630502,1167660,Central,Male,Madhya Pradesh,27,Engineering,Tier 1,Parent,Rejected
5.63,574,679885,1189962,North,Male,Delhi,18,Business,Tier 2,Sibling,Approved
8.43,664,755168,942526,East,Male,Jharkhand,28,Law,Tier 1,Parent,Approved
9.03,593,1108592,2031888,West,Female,Gujarat,23,Architecture,Tier 3,Parent,Approved
7.68,684,753927,1487909,Central,Female,Uttar Pradesh,27,Medical,Tier 1,Parent,Approved
8.58,620,200000,938395,North,Male,Haryana,27,Business,Tier 2,Parent,Approved
8.54,605,849061,837553,South,Female,Karnataka,21,Science,Tier 2,Parent,Approved
8.6,568,894158,2665527,West,Other,Goa,18,Medical,Tier 2,None,Approved
6.57,633,437781,712912,West,Male,Rajasthan,25,Engineering,Tier 1,Sibling,Rejected
8.67,505,922357,1861559,South,Female,Karnataka,24,Architecture,Tier 1,Parent,Approved
8.13,531,447928,1690517,North,Male,Haryana,25,Medical,Tier 1,Relative,Rejected
5.0,502,536488,502819,North,Male,Delhi,26,Science,Tier 3,Parent,Rejected
8.26,638,830638,591025,North,Male,Delhi,22,Arts,Tier 1,Parent,Approved
8.4,632,926505,729716,West,Female,Maharashtra,18,Science,Tier 3,Relative,Approved
8.56,577,771573,713022,West,Female,Gujarat,24,Science,Tier 3,Parent,Approved
9.15,599,232236,742190,North,Female,Uttarakhand,24,Engineering,Tier 1,Parent,Approved
6.33,504,858226,1005066,North,Male,Punjab,22,Engineering,Tier 3,Parent,Rejected
7.55,684,565968,502908,South,Female,Kerala,19,Science,Tier 3,Parent,Approved
8.03,653,574281,2235319,South,Male,Telangana,21,Medical,Tier 2,Parent,Approved
5.0,595,458332,1035986,Central,Male,Madhya Pradesh,22,Law,Tier 3,Parent,Approved
8.84,647,937025,2197901,West,Female,Gujarat,28,Architecture,Tier 1,Relative,Approved
5.45,497,785070,1531319,North,Male,Himachal Pradesh,27,Business,Tier 3,Parent,Approved
9.86,685,615228,1081543,South,Male,Telangana,22,Business,Tier 2,Parent,Rejected
8.18,547,611900,481568,Central,Female,Chhattisgarh,25,Engineering,Tier 1,Parent,Approved
8.03,639,868781,723076,Central,Male,Madhya Pradesh,18,Science,Tier 1,Parent,Approved
9.27,688,1257105,843497,West,Female,Maharashtra,20,Science,Tier 2,Parent,Approved
7.98,544,1513877,607632,South,Female,Andhra Pradesh,23,Science,Tier 2,Sibling,Approved
8.11,577,200776,295999,North,Female,Himachal Pradesh,25,Science,Tier 2,Parent,Approved
6.28,420,1300895,1260889,South,Male,Andhra Pradesh,18,Science,Tier 3,Parent,Rejected
9.3,703,812746,2532509,South,Female,Tamil Nadu,21,Medical,Tier 1,Parent,Approved
5.0,584,784873,100000,North,Female,Punjab,19,Engineering,Tier 3,Relative,Approved
7.21,456,890206,1629884,East,Male,Bihar,26,Architecture,Tier 1,Relative,Approved
10.0,674,1055066,2697192,North,Male,Punjab,26,Medical,Tier 1,Parent,Approved
8.43,580,788833,560207,West,Female,Goa,23,Engineering,Tier 1,Parent,Approved
5.65,574,926200,553240,South,Male,Andhra Pradesh,27,Medical,Tier 2,Sibling,Approved
9.1,671,556978,263504,North,Male,Punjab,27,Arts,Tier 1,Parent,Rejected
6.4,542,847660,763398,South,Male,Tamil Nadu,18,Science,Tier 3,Sibling,Rejected
6.89,546,1079302,1607112,West,Female,Maharashtra,27,Medical,Tier 1,None,Approved
6.45,442,1025862,1326607,West,Female,Goa,23,Medical,Tier 3,Relative,Rejected
10.0,593,1139195,1041939,South,Female,Tamil Nadu,24,Business,Tier 2,Parent,Approved
5.0,464,1487282,1095738,North,Female,Punjab,26,Medical,Tier 3,Parent,Approved
8.14,576,670297,662607,East,Female,Bihar,24,Science,Tier 3,Parent,Approved
6.51,587,807217,899910,South,Male,Andhra Pradesh,28,Law,Tier 2,Relative,Rejected
9.45,604,434471,637642,East,Male,Jharkhand,27,Science,Tier 1,Parent,Approved
8.75,655,1475136,1708032,West,Male,Maharashtra,27,Engineering,Tier 1,Sibling,Approved
8.33,631,910139,1210254,South,Female,Karnataka,27,Engineering,Tier 2,Sibling,Approved
5.93,480,800487,427200,South,Male,Karnataka,20,Science,Tier 2,Parent,Rejected
7.7,658,1323690,2897141,South,Female,Karnataka,26,Architecture,Tier 1,Parent,Rejected
7.4,567,586610,593649,North,Male,Punjab,23,Business,Tier 1,Parent,Approved
5.11,593,912216,1072602,West,Male,Maharashtra,25,Science,Tier 2,Parent,Rejected
7.51,582,970294,1294491,South,Male,Andhra Pradesh,27,Architecture,Tier 1,Sibling,Approved
7.41,555,639257,1106020,South,Female,Andhra Pradesh,20,Law,Tier 1,None,Rejected
9.0,559,745598,262458,East,Female,Odisha,25,Science,Tier 1,Relative,Approved
7.97,592,1223249,2041381,Central,Female,Chhattisgarh,20,Medical,Tier 2,None,Rejected
8.18,577,979878,432553,North,Female,Punjab,23,Science,Tier 2,Parent,Approved
6.96,504,1045329,1220368,West,Male,Goa,19,Business,Tier 3,Parent,Approved
9.01,604,768895,235239,South,Male,Telangana,19,Engineering,Tier 1,Parent,Approved
7.24,525,1247217,929549,North,Female,Uttarakhand,28,Business,Tier 2,Parent,Approved
7.66,609,1166726,1982183,South,Male,Andhra Pradesh,18,Business,Tier 3,Parent,Approved
8.15,572,1027746,1785654,North,Female,Uttarakhand,20,Medical,Tier 2,Sibling,Approved
6.31,628,790718,861815,North,Male,Punjab,24,Engineering,Tier 2,Parent,Approved
6.45,483,200000,945175,South,Male,Andhra Pradesh,19,Business,Tier 2,Sibling,Rejected
10.0,619,537999,1059606,South,Male,Tamil Nadu,19,Engineering,Tier 3,Parent,Approved
7.23,524,827012,624728,North,Male,Haryana,22,Arts,Tier 2,Parent,Approved
9.7,583,602931,1347951,North,Female,Uttarakhand,25,Medical,Tier 1,Sibling,Approved
9.11,592,1193347,976001,West,Female,Goa,27,Engineering,Tier 1,Parent,Approved
6.03,646,1078352,1727214,West,Female,Gujarat,24,Engineering,Tier 3,None,Rejected
6.11,688,415610,908378,West,Female,Rajasthan,27,Medical,Tier 3,Parent,Rejected
8.8,588,879769,1052779,North,Male,Haryana,18,Business,Tier 1,Sibling,Approved
7.44,587,200000,985009,South,Female,Andhra Pradesh,28,Medical,Tier 3,Relative,Approved
8.46,601,813041,1239613,Central,Male,Chhattisgarh,25,Medical,Tier 2,Sibling,Rejected
8.93,731,602015,965247,South,Male,Tamil Nadu,25,Engineering,Tier 3,Parent,Approved
7.72,488,994484,583843,North,Male,Uttarakhand,26,Business,Tier 1,None,Approved
8.21,490,868552,733772,South,Female,Telangana,27,Medical,Tier 2,Sibling,Rejected
7.53,574,1122594,1759221,North,Female,Himachal Pradesh,26,Medical,Tier 2,Relative,Approved
5.77,608,798987,695697,North,Male,Punjab,20,Engineering,Tier 3,Parent,Rejected
6.04,573,406588,962326,West,Male,Goa,21,Engineering,Tier 3,Parent,Rejected
9.65,731,643521,866678,South,Male,Andhra Pradesh,21,Science,Tier 1,Parent,Approved
7.21,637,200000,630288,South,Male,Telangana,28,Engineering,Tier 3,Parent,Rejected
7.62,555,843788,351729,North,Female,Punjab,22,Arts,Tier 2,Parent,Approved
8.86,678,672610,607294,South,Male,Andhra Pradesh,27,Engineering,Tier 1,Parent,Approved
6.08,547,1065213,1059688,West,Male,Maharashtra,21,Engineering,Tier 1,Parent,Approved
7.67,501,424182,459840,Central,Male,Uttar Pradesh,26,Business,Tier 3,Parent,Rejected
7.82,645,452380,100000,Central,Male,Madhya Pradesh,19,Arts,Tier 2,Parent,Approved
7.38,541,762547,2330007,East,Female,Odisha,18,Medical,Tier 1,Parent,Rejected
7.87,556,960867,632444,South,Female,Andhra Pradesh,28,Business,Tier 1,Parent,Approved
8.59,743,759695,1588215,East,Male,Assam,23,Engineering,Tier 1,Sibling,Approved
5.0,434,386891,422138,South,Male,Tamil Nadu,21,Science,Tier 2,Parent,Approved
6.13,336,960673,1376761,North,Male,Delhi,21,Engineering,Tier 2,Relative,Rejected
10.0,694,854842,401604,North,Female,Uttarakhand,20,Science,Tier 1,Parent,Approved
7.4,645,908330,947037,South,Female,Kerala,26,Science,Tier 2,None,Approved
7.98,501,422836,286664,West,Male,Rajasthan,28,Arts,Tier 1,None,Rejected
6.17,549,548052,1139337,North,Female,Delhi,28,Law,Tier 2,Relative,Approved
5.82,666,982591,854687,North,Male,Delhi,22,Medical,Tier 3,Parent,Approved
6.52,485,597361,997448,West,Female,Rajasthan,20,Engineering,Tier 3,Parent,Rejected
6.3,602,430563,228434,Central,Male,Chhattisgarh,20,Arts,Tier 2,Parent,Rejected
5.0,463,371590,411073,West,Female,Rajasthan,19,Arts,Tier 3,Parent,Rejected
9.04,617,1065425,2023040,West,Male,Maharashtra,26,Medical,Tier 1,Relative,Approved
5.63,528,622966,752640,East,Female,Bihar,21,Engineering,Tier 3,Parent,Approved
7.64,582,824783,871042,East,Male,Bihar,26,Engineering,Tier 3,Sibling,Rejected
8.85,668,1149052,1258734,North,Female,Punjab,22,Business,Tier 1,Parent,Approved
8.33,702,657502,2327359,East,Male,Jharkhand,23,Medical,Tier 3,Parent,Approved
8.01,578,843001,2750128,West,Male,Rajasthan,21,Medical,Tier 2,Parent,Approved
8.28,484,200000,873814,North,Male,Delhi,23,Engineering,Tier 1,Parent,Approved
9.58,483,455617,815989,East,Male,West Bengal,25,Engineering,Tier 1,Sibling,Rejected
8.79,572,757459,681900,South,Male,Karnataka,18,Engineering,Tier 2,Parent,Approved
8.76,648,407365,883014,South,Male,Telangana,22,Engineering,Tier 2,None,Approved
7.67,560,200000,257179,West,Female,Maharashtra,21,Arts,Tier 1,Parent,Approved
8.47,510,891595,1797764,North,Male,Delhi,24,Medical,Tier 2,Parent,Approved
7.36,431,832567,707151,North,Male,Haryana,22,Law,Tier 1,Parent,Approved
8.76,605,516151,563013,East,Male,Assam,18,Engineering,Tier 2,Parent,Rejected
5.0,621,426703,161362,East,Male,Bihar,20,Science,Tier 3,Parent,Approved
8.73,630,200000,1018217,West,Male,Goa,22,Business,Tier 1,Parent,Approved
7.53,566,925456,912954,West,Female,Goa,21,Business,Tier 2,Parent,Approved
8.05,467,633163,377694,South,Male,Kerala,22,Engineering,Tier 3,Parent,Approved
8.07,514,854981,1138695,East,Male,West Bengal,19,Engineering,Tier 1,Sibling,Approved
8.82,664,692626,1158290,West,Male,Rajasthan,24,Business,Tier 1,Parent,Approved
8.96,618,1016270,372518,South,Female,Kerala,22,Arts,Tier 1,None,Approved
7.83,616,1055609,631423,South,Male,Telangana,23,Science,Tier 1,Relative,Approved
7.9,765,1212331,975197,West,Female,Gujarat,21,Engineering,Tier 1,Parent,Approved
6.27,591,401393,625393,Central,Male,Chhattisgarh,21,Science,Tier 2,Parent,Rejected
6.87,666,1104231,1096748,North,Female,Punjab,27,Business,Tier 2,Relative,Rejected
7.72,559,843571,1246478,North,Other,Haryana,18,Medical,Tier 2,Parent,Approved
9.57,549,985221,1119403,South,Female,Kerala,20,Business,Tier 2,Parent,Approved
8.01,519,698286,446069,North,Male,Punjab,19,Arts,Tier 2,Parent,Approved
5.0,318,1160933,1137755,North,Female,Delhi,18,Business,Tier 3,Parent,Rejected
7.35,577,942427,486296,East,Male,Odisha,19,Arts,Tier 3,Parent,Approved
7.68,546,1142360,1063039,South,Male,Tamil Nadu,25,Business,Tier 1,Parent,Approved
7.64,495,1137676,730929,West,Male,Gujarat,25,Engineering,Tier 1,Parent,Approved
7.42,649,1443592,1586396,South,Female,Kerala,20,Law,Tier 2,Parent,Approved
7.13,564,859194,1601490,North,Female,Uttarakhand,22,Architecture,Tier 3,Parent,Approved
9.77,594,989244,1117952,North,Male,Himachal Pradesh,26,Business,Tier 1,Parent,Approved
8.72,608,950596,506301,South,Female,Karnataka,26,Science,Tier 3,Relative,Rejected
6.53,620,846295,707923,North,Female,Himachal Pradesh,22,Arts,Tier 2,Parent,Approved
7.26,489,620582,1228454,East,Male,Odisha,22,Law,Tier 3,Parent,Rejected
7.18,519,1297810,978083,South,Female,Karnataka,21,Engineering,Tier 2,Parent,Rejected
6.05,574,279932,384514,East,Male,West Bengal,19,Engineering,Tier 2,Parent,Rejected
9.01,549,644929,393328,East,Female,Assam,24,Science,Tier 2,Parent,Approved
7.71,723,667182,1007623,West,Female,Maharashtra,19,Business,Tier 2,Parent,Approved
6.14,608,365148,477591,East,Female,West Bengal,28,Arts,Tier 2,None,Approved
7.9,531,754981,1608773,East,Female,Jharkhand,23,Engineering,Tier 2,Parent,Approved
9.34,460,445590,784741,Central,Female,Chhattisgarh,27,Arts,Tier 1,Parent,Approved
8.51,561,855482,661861,North,Male,Himachal Pradesh,28,Arts,Tier 1,Parent,Approved
9.32,557,721806,1327626,South,Male,Kerala,27,Business,Tier 1,Parent,Approved
5.91,649,1116769,1818280,South,Female,Tamil Nadu,24,Medical,Tier 3,Parent,Rejected
8.34,594,200000,200043,West,Female,Goa,26,Science,Tier 3,Relative,Rejected
10.0,548,237807,476495,South,Male,Telangana,20,Science,Tier 1,Parent,Approved
6.53,500,1067779,488466,North,Male,Punjab,18,Science,Tier 1,Parent,Rejected
8.71,622,743175,1093911,North,Male,Haryana,26,Engineering,Tier 1,Parent,Approved
7.27,524,830412,100000,East,Male,Odisha,20,Engineering,Tier 2,Sibling,Approved
5.81,481,367183,721883,East,Male,Bihar,24,Engineering,Tier 2,Relative,Rejected
5.0,570,1174343,1885739,North,Female,Uttarakhand,25,Medical,Tier 3,Parent,Approved
6.46,543,761403,829893,East,Female,Assam,26,Engineering,Tier 2,Parent,Rejected
9.28,555,655677,339837,North,Male,Himachal Pradesh,23,Arts,Tier 2,Parent,Approved
5.24,649,799705,745833,South,Other,Andhra Pradesh,24,Engineering,Tier 3,Parent,Approved
8.07,602,698780,530132,South,Male,Karnataka,28,Business,Tier 2,Sibling,Approved
8.23,560,866114,2331946,West,Male,Maharashtra,26,Medical,Tier 1,Parent,Approved
9.24,468,1142339,1252405,North,Male,Himachal Pradesh,21,Engineering,Tier 1,Parent,Approved
7.38,553,519190,1693097,East,Male,Jharkhand,19,Engineering,Tier 3,Parent,Rejected
8.0,648,524261,2274046,East,Female,Assam,18,Medical,Tier 2,Sibling,Approved
5.0,459,1004617,1606308,West,Male,Goa,24,Medical,Tier 3,Parent,Rejected
6.2,499,200000,638353,Central,Male,Uttar Pradesh,22,Engineering,Tier 3,Sibling,Rejected
10.0,547,476304,506778,Central,Female,Uttar Pradesh,24,Business,Tier 1,Parent,Approved
6.65,520,368941,1224583,Central,Male,Madhya Pradesh,27,Engineering,Tier 3,Relative,Approved
9.45,549,299915,767705,South,Male,Tamil Nadu,19,Business,Tier 1,None,Approved
5.94,613,807433,1273821,Central,Male,Uttar Pradesh,21,Business,Tier 2,Parent,Rejected
6.68,623,846877,861207,South,Male,Andhra Pradesh,19,Science,Tier 3,Parent,Approved
8.69,554,699776,833409,North,Female,Delhi,26,Business,Tier 3,Parent,Approved
7.02,459,578311,1917090,Central,Male,Chhattisgarh,21,Medical,Tier 3,Parent,Rejected
10.0,559,709759,963257,North,Male,Himachal Pradesh,18,Engineering,Tier 1,Parent,Rejected
8.08,585,428701,1266752,West,Female,Rajasthan,21,Law,Tier 2,Parent,Approved
8.5,589,667023,2314412,South,Female,Kerala,26,Medical,Tier 3,Sibling,Rejected
5.06,473,928129,100000,North,Female,Punjab,19,Business,Tier 3,Parent,Approved
8.22,627,716071,323799,North,Male,Haryana,23,Arts,Tier 1,Parent,Approved
7.62,480,302073,363354,West,Female,Rajasthan,21,Engineering,Tier 2,Parent,Rejected
7.6,664,200000,365387,West,Male,Goa,24,Architecture,Tier 2,None,Approved
6.42,578,1277271,437036,North,Female,Punjab,24,Science,Tier 3,Parent,Approved
9.19,455,848315,716467,West,Male,Rajasthan,18,Arts,Tier 3,Parent,Approved
7.19,529,698741,661576,West,Female,Gujarat,27,Business,Tier 2,Parent,Approved
9.75,615,886364,1015894,South,Female,Kerala,26,Medical,Tier 2,Relative,Approved
7.53,595,786513,768845,West,Female,Goa,18,Business,Tier 3,Parent,Approved
5.64,580,1312815,728247,West,Female,Maharashtra,18,Business,Tier 3,Relative,Rejected
6.48,603,717530,1925447,West,Female,Goa,18,Business,Tier 3,Parent,Rejected
5.89,540,719480,2319382,South,Male,Kerala,22,Medical,Tier 2,Sibling,Rejected
7.68,528,650856,1330437,South,Male,Andhra Pradesh,28,Engineering,Tier 2,Sibling,Approved
9.17,498,383332,813531,North,Male,Haryana,28,Science,Tier 3,Parent,Rejected
9.18,610,774475,869575,East,Male,Odisha,21,Engineering,Tier 2,Parent,Approved
9.8,726,877482,542530,Central,Female,Chhattisgarh,22,Arts,Tier 3,Parent,Approved
8.41,517,1058136,701038,North,Male,Uttarakhand,28,Science,Tier 3,Sibling,Approved
6.52,554,1006896,1487984,South,Female,Karnataka,23,Business,Tier 2,Parent,Approved
7.52,641,791643,759986,West,Female,Gujarat,24,Science,Tier 3,Sibling,Approved
8.47,479,906766,524057,North,Male,Uttarakhand,22,Science,Tier 3,Sibling,Approved
7.89,761,1068502,574200,West,Male,Maharashtra,23,Engineering,Tier 3,None,Approved
6.26,530,1139676,661189,South,Female,Kerala,28,Science,Tier 2,Parent,Rejected
8.56,730,1159430,1811305,South,Male,Kerala,26,Engineering,Tier 2,Parent,Approved
7.14,599,200000,664202,South,Male,Andhra Pradesh,22,Business,Tier 2,Relative,Approved
8.7,627,763097,578012,Central,Female,Chhattisgarh,24,Science,Tier 1,Parent,Approved
9.98,636,467257,1179626,East,Female,Jharkhand,18,Engineering,Tier 3,Sibling,Rejected
6.18,572,706237,814828,West,Female,Gujarat,23,Business,Tier 2,Parent,Approved
8.71,673,784622,1477130,East,Male,Jharkhand,25,Engineering,Tier 1,Parent,Approved
6.62,610,520507,829951,Central,Female,Chhattisgarh,22,Science,Tier 3,Parent,Approved
9.46,634,348546,533500,Central,Female,Uttar Pradesh,21,Medical,Tier 2,Relative,Approved
6.83,521,480143,648284,South,Male,Kerala,21,Engineering,Tier 3,Parent,Approved
8.52,720,1250171,1982947,North,Male,Punjab,24,Medical,Tier 2,Parent,Approved
8.6,531,557660,106394,South,Male,Andhra Pradesh,24,Engineering,Tier 2,Parent,Approved
7.17,684,811289,1690278,East,Female,West Bengal,27,Medical,Tier 2,Parent,Approved
7.79,578,1341562,1092488,South,Female,Karnataka,20,Science,Tier 1,Parent,Approved
6.0,561,499732,733976,East,Female,Jharkhand,24,Law,Tier 3,Relative,Rejected
7.08,514,401382,1316458,South,Female,Telangana,23,Architecture,Tier 2,Sibling,Rejected
8.91,620,707657,634749,West,Female,Gujarat,21,Arts,Tier 1,Parent,Approved
9.33,534,791800,1336245,West,Male,Maharashtra,18,Medical,Tier 1,Parent,Approved
7.6,577,1002947,777742,Central,Male,Madhya Pradesh,26,Arts,Tier 2,Relative,Approved
8.12,611,1459032,779882,South,Female,Telangana,24,Business,Tier 1,Sibling,Approved
6.03,539,462941,507700,West,Female,Rajasthan,18,Science,Tier 3,Parent,Approved
10.0,693,816038,988458,Central,Female,Chhattisgarh,25,Engineering,Tier 1,Parent,Approved
7.2,480,482857,251362,Central,Male,Uttar Pradesh,22,Arts,Tier 2,Parent,Approved
9.37,446,352319,480280,North,Female,Haryana,18,Arts,Tier 1,Parent,Rejected
6.78,492,669657,270908,South,Male,Tamil Nadu,18,Arts,Tier 2,Parent,Rejected
9.3,554,353268,186732,Central,Male,Uttar Pradesh,21,Engineering,Tier 1,Parent,Approved
8.3,523,849998,998129,North,Male,Punjab,26,Science,Tier 3,Relative,Approved
6.51,491,617423,590344,West,Female,Rajasthan,21,Medical,Tier 2,Parent,Rejected
8.44,638,312560,753777,North,Female,Delhi,21,Engineering,Tier 2,Parent,Approved
8.38,607,886617,717504,West,Female,Gujarat,22,Science,Tier 2,Parent,Approved
10.0,644,750529,1602635,East,Male,Bihar,23,Engineering,Tier 1,Parent,Approved
6.14,546,674040,1376385,North,Female,Uttarakhand,23,Medical,Tier 3,Parent,Approved
6.86,645,931449,1508344,Central,Female,Madhya Pradesh,27,Medical,Tier 3,Parent,Approved
8.73,564,475658,1056080,North,Male,Delhi,23,Business,Tier 1,Sibling,Approved
7.29,633,922481,2746828,North,Female,Punjab,18,Medical,Tier 2,Parent,Approved
7.11,616,555050,485522,Central,Female,Chhattisgarh,24,Business,Tier 3,Parent,Rejected
9.39,476,692978,614013,North,Male,Uttarakhand,18,Science,Tier 3,Parent,Approved
8.65,722,1106355,1966756,South,Female,Andhra Pradesh,21,Medical,Tier 1,Parent,Rejected
6.9,468,721023,490934,North,Female,Himachal Pradesh,20,Medical,Tier 2,Parent,Rejected
8.5,636,1273635,438513,West,Male,Goa,27,Engineering,Tier 1,Parent,Approved
5.4,561,898292,511906,Central,Male,Chhattisgarh,20,Science,Tier 3,Parent,Rejected
6.73,497,272513,332536,South,Male,Kerala,28,Science,Tier 3,Parent,Approved
8.2,531,437156,1344025,West,Male,Goa,24,Medical,Tier 1,Sibling,Approved
8.13,580,647818,1097423,West,Female,Gujarat,27,Engineering,Tier 1,None,Approved
7.39,574,788728,889960,North,Female,Punjab,20,Engineering,Tier 2,Parent,Approved
9.14,607,557937,329961,South,Female,Andhra Pradesh,28,Science,Tier 1,None,Approved
8.21,625,1074824,1118221,West,Male,Goa,27,Arts,Tier 3,Parent,Approved
6.31,551,726829,826307,North,Male,Himachal Pradesh,21,Arts,Tier 2,Parent,Approved
5.5,583,574269,280876,West,Male,Gujarat,21,Science,Tier 3,Parent,Rejected
9.1,662,457498,1320221,West,Female,Gujarat,22,Engineering,Tier 3,Parent,Rejected
8.36,654,200000,1505702,South,Male,Tamil Nadu,28,Medical,Tier 2,None,Rejected
5.57,571,596901,441161,West,Male,Gujarat,18,Science,Tier 3,Sibling,Approved
8.58,666,1306532,1201700,North,Female,Haryana,28,Science,Tier 2,Sibling,Approved
9.87,690,993321,704472,South,Female,Telangana,27,Arts,Tier 1,Parent,Approved
7.12,490,793226,1574788,West,Male,Gujarat,26,Law,Tier 2,Parent,Approved
9.43,483,1385342,1612356,North,Male,Delhi,19,Engineering,Tier 3,Parent,Rejected
8.31,467,575957,624268,South,Male,Andhra Pradesh,21,Arts,Tier 3,Parent,Rejected
7.6,604,735747,813408,North,Female,Uttarakhand,25,Engineering,Tier 2,None,Rejected
6.43,480,846853,2555396,South,Male,Telangana,28,Medical,Tier 3,Parent,Rejected
9.0,577,867977,273304,North,Female,Uttarakhand,28,Science,Tier 3,Parent,Approved
8.92,557,901407,208297,North,Male,Haryana,23,Science,Tier 3,Parent,Approved
10.0,637,1010864,1140558,West,Male,Rajasthan,18,Business,Tier 1,Parent,Approved
8.75,611,904930,607616,West,Female,Maharashtra,26,Engineering,Tier 2,Parent,Approved
7.96,542,555098,757674,East,Male,Bihar,24,Architecture,Tier 2,Parent,Approved
9.51,618,1024713,1273838,West,Male,Rajasthan,25,Business,Tier 1,Parent,Approved
7.94,521,646621,831222,Central,Female,Madhya Pradesh,23,Medical,Tier 3,Sibling,Approved
8.58,470,200000,983450,West,Male,Rajasthan,26,Medical,Tier 1,Parent,Approved
9.89,643,566211,1617360,North,Female,Haryana,23,Medical,Tier 2,Parent,Approved
7.16,491,412411,1757717,South,Female,Telangana,19,Medical,Tier 2,Parent,Approved
8.77,523,200000,753405,East,Female,West Bengal,20,Engineering,Tier 1,Parent,Approved
5.11,444,878155,1790708,West,Female,Rajasthan,28,Medical,Tier 2,Parent,Rejected
7.33,481,1153468,916239,West,Female,Goa,19,Medical,Tier 1,None,Rejected
7.6,633,653228,746411,West,Male,Gujarat,22,Engineering,Tier 3,Parent,Approved
7.66,484,623129,679772,North,Female,Uttarakhand,19,Business,Tier 2,None,Rejected
7.8,676,1215359,1319808,North,Female,Himachal Pradesh,28,Business,Tier 2,Relative,Approved
9.18,648,943978,559301,South,Female,Andhra Pradesh,20,Business,Tier 2,Parent,Approved
7.35,398,553787,717174,South,Male,Kerala,27,Engineering,Tier 2,Sibling,Rejected
8.72,612,853095,469421,North,Male,Uttarakhand,20,Engineering,Tier 2,Parent,Approved
7.97,667,1023497,1358286,North,Female,Delhi,26,Law,Tier 3,Sibling,Approved
6.16,519,1042541,992538,Central,Male,Uttar Pradesh,28,Engineering,Tier 2,Parent,Approved
5.61,588,320720,1012371,North,Male,Haryana,27,Business,Tier 3,Parent,Rejected
6.95,711,1067666,958211,South,Female,Telangana,19,Business,Tier 2,Parent,Approved
7.73,536,949240,1121183,East,Male,Bihar,19,Science,Tier 1,Parent,Approved
9.87,471,307814,880717,East,Female,Jharkhand,20,Medical,Tier 1,Parent,Approved
8.31,674,396899,581181,East,Male,West Bengal,24,Business,Tier 2,Parent,Approved
6.61,527,1604526,289385,South,Female,Telangana,26,Science,Tier 3,Parent,Approved
9.14,552,630769,832542,East,Male,Odisha,26,Business,Tier 1,Parent,Approved
9.44,579,646202,818128,East,Male,Assam,20,Science,Tier 1,Parent,Approved
7.68,466,333441,1245661,Central,Female,Chhattisgarh,18,Engineering,Tier 1,Parent,Rejected
7.78,664,331073,898357,North,Male,Punjab,27,Business,Tier 1,Relative,Rejected
9.01,645,1143932,913246,North,Male,Himachal Pradesh,22,Business,Tier 2,None,Approved
8.5,669,1145182,744261,North,Female,Uttarakhand,28,Engineering,Tier 1,Sibling,Approved
6.97,699,433823,943791,South,Male,Telangana,24,Medical,Tier 2,Parent,Rejected
8.49,623,765965,2001836,South,Male,Kerala,23,Medical,Tier 2,Relative,Approved
8.65,589,833096,1809478,West,Male,Rajasthan,23,Business,Tier 1,Parent,Approved
6.41,477,562036,580823,Central,Female,Uttar Pradesh,19,Engineering,Tier 3,Parent,Approved
8.94,590,1032627,2113912,North,Male,Uttarakhand,20,Architecture,Tier 2,Sibling,Rejected
8.57,575,754927,800497,North,Female,Himachal Pradesh,20,Science,Tier 1,Parent,Approved
9.24,546,766080,100000,West,Female,Gujarat,21,Business,Tier 2,None,Approved
8.6,669,963154,1398046,Central,Male,Chhattisgarh,19,Medical,Tier 3,Parent,Approved
7.21,514,832400,918637,North,Male,Delhi,18,Engineering,Tier 1,Parent,Approved
7.61,676,1132161,915078,South,Male,Kerala,23,Business,Tier 2,Parent,Approved
8.7,660,962626,812150,West,Female,Rajasthan,18,Engineering,Tier 1,Parent,Approved
7.19,622,516424,636747,North,Male,Uttarakhand,25,Business,Tier 3,Sibling,Rejected
5.4,590,561734,1134408,West,Female,Rajasthan,18,Engineering,Tier 3,Parent,Approved
8.39,526,663862,226473,West,Female,Gujarat,19,Engineering,Tier 1,Sibling,Approved
7.91,653,851413,690074,East,Female,Bihar,27,Business,Tier 1,Sibling,Approved
7.47,456,708197,936190,South,Female,Telangana,22,Business,Tier 3,Parent,Approved
7.4,653,1307480,1420743,North,Male,Uttarakhand,23,Architecture,Tier 3,Relative,Rejected
9.55,559,690947,100000,South,Female,Kerala,25,Engineering,Tier 2,Parent,Approved
6.04,432,532733,182890,North,Female,Haryana,18,Science,Tier 3,Parent,Rejected
8.29,586,1043239,1147240,North,Female,Punjab,19,Medical,Tier 2,Parent,Approved
8.35,614,1121051,791732,South,Male,Tamil Nadu,24,Engineering,Tier 3,Relative,Approved
8.25,698,1190148,100000,West,Male,Gujarat,24,Business,Tier 2,Parent,Approved
8.15,627,865071,809897,West,Female,Rajasthan,24,Science,Tier 2,Parent,Approved
8.13,527,1551385,1502400,North,Male,Haryana,27,Business,Tier 3,Relative,Approved
7.78,621,698267,2037588,South,Male,Tamil Nadu,24,Medical,Tier 1,Parent,Approved
5.0,475,626007,749918,North,Male,Delhi,18,Engineering,Tier 3,Sibling,Rejected
7.57,589,867319,1681024,East,Female,Assam,22,Medical,Tier 1,Parent,Approved
7.99,726,706832,1584100,North,Male,Haryana,26,Medical,Tier 2,Parent,Approved
6.78,610,200000,847687,East,Female,Bihar,19,Law,Tier 2,Parent,Rejected
7.06,659,589597,620435,Central,Female,Uttar Pradesh,24,Medical,Tier 2,Parent,Approved
6.94,570,596217,534325,East,Male,West Bengal,28,Engineering,Tier 2,Parent,Approved
6.48,597,200000,377196,East,Female,West Bengal,27,Business,Tier 3,Parent,Rejected
6.62,551,873584,1210570,East,Male,Bihar,20,Business,Tier 3,Parent,Approved
7.79,622,396159,649935,North,Male,Himachal Pradesh,28,Business,Tier 2,Sibling,Approved
7.23,600,200000,567078,South,Female,Kerala,27,Arts,Tier 3,Relative,Rejected
6.77,738,908934,1416194,West,Male,Rajasthan,27,Law,Tier 2,Parent,Approved
8.87,589,612199,192271,North,Male,Delhi,21,Business,Tier 1,Parent,Approved
6.11,554,1028978,100000,North,Male,Punjab,28,Engineering,Tier 3,Relative,Rejected
5.0,540,559679,867898,West,Female,Goa,19,Engineering,Tier 3,Parent,Approved
9.68,560,440186,533834,West,Male,Gujarat,18,Business,Tier 1,Parent,Approved
6.52,576,572296,815945,South,Female,Andhra Pradesh,26,Business,Tier 3,Relative,Approved
9.68,578,736226,864941,West,Male,Goa,24,Engineering,Tier 1,Parent,Approved
7.42,610,854023,441534,East,Female,Assam,22,Engineering,Tier 3,Sibling,Approved
8.68,602,305814,1157418,South,Female,Karnataka,25,Medical,Tier 1,Parent,Approved
9.06,632,200000,729684,East,Male,Jharkhand,19,Engineering,Tier 3,Parent,Rejected
8.12,562,883780,1330440,North,Female,Himachal Pradesh,26,Medical,Tier 3,Sibling,Approved
8.18,549,268978,100000,Central,Female,Chhattisgarh,21,Science,Tier 2,Parent,Approved
9.52,610,200000,551220,Central,Male,Chhattisgarh,28,Engineering,Tier 3,Parent,Rejected
7.28,473,848534,1439829,West,Male,Goa,22,Law,Tier 2,None,Rejected
5.71,474,200000,244126,South,Male,Karnataka,25,Law,Tier 3,Parent,Approved
5.96,452,818442,572031,East,Female,Assam,19,Arts,Tier 2,Parent,Approved
6.55,565,868802,1322804,South,Female,Andhra Pradesh,22,Engineering,Tier 2,None,Rejected
7.64,577,779912,1404625,North,Male,Himachal Pradesh,18,Engineering,Tier 2,Parent,Approved
6.8,592,1136729,1017187,South,Male,Karnataka,27,Business,Tier 3,Parent,Approved
9.13,561,913764,1302711,North,Female,Himachal Pradesh,18,Engineering,Tier 1,Parent,Approved
7.26,548,432214,713579,East,Female,Bihar,19,Engineering,Tier 2,Sibling,Approved
5.4,634,818363,2117608,North,Male,Punjab,23,Medical,Tier 3,None,Approved
8.9,495,879065,3000000,North,Male,Himachal Pradesh,25,Medical,Tier 1,Parent,Approved
7.02,582,968320,583680,West,Female,Gujarat,28,Business,Tier 3,Parent,Approved
9.53,727,615116,478460,South,Male,Karnataka,20,Science,Tier 2,Parent,Approved
8.07,577,1386303,967858,South,Male,Karnataka,18,Business,Tier 3,Parent,Approved
8.42,537,755744,1541936,West,Male,Gujarat,22,Architecture,Tier 1,Parent,Approved
6.91,508,746701,1268823,North,Female,Haryana,20,Engineering,Tier 3,Parent,Rejected
5.0,620,977424,1069257,North,Female,Punjab,28,Engineering,Tier 2,None,Approved
9.04,633,207267,866113,East,Female,Odisha,24,Medical,Tier 1,Sibling,Approved
7.96,565,409476,430647,East,Female,Jharkhand,26,Science,Tier 1,Parent,Approved
7.18,646,200000,1688568,North,Female,Himachal Pradesh,27,Medical,Tier 1,Sibling,Rejected
10.0,494,530729,1143916,North,Female,Punjab,23,Architecture,Tier 1,Relative,Rejected
7.04,520,595851,409020,West,Male,Maharashtra,18,Business,Tier 2,Parent,Approved
5.29,579,532151,1718912,North,Male,Himachal Pradesh,25,Architecture,Tier 3,Sibling,Rejected
5.95,518,997996,1404879,South,Female,Karnataka,20,Business,Tier 3,Parent,Approved
8.71,523,1549660,320995,West,Female,Goa,25,Law,Tier 3,Parent,Approved
10.0,611,916253,496661,North,Male,Punjab,28,Arts,Tier 1,Parent,Approved
7.99,620,778968,1110465,Central,Male,Madhya Pradesh,19,Engineering,Tier 2,Parent,Approved
9.56,567,200000,736934,North,Female,Uttarakhand,25,Business,Tier 2,Parent,Approved
5.0,607,1464724,848266,South,Female,Tamil Nadu,28,Arts,Tier 3,Parent,Rejected
8.9,647,496903,100000,East,Male,Odisha,28,Engineering,Tier 2,None,Approved
8.06,542,929136,976345,Central,Female,Uttar Pradesh,20,Medical,Tier 2,Parent,Approved
8.37,665,1054064,846779,North,Male,Punjab,28,Business,Tier 1,Parent,Approved
5.0,505,1114319,175807,South,Male,Tamil Nadu,19,Business,Tier 3,Parent,Approved
8.18,465,832641,448760,West,Female,Gujarat,27,Medical,Tier 1,Sibling,Approved
5.9,461,200000,473621,West,Female,Gujarat,28,Engineering,Tier 3,Sibling,Rejected
7.74,540,704249,1378993,North,Female,Punjab,19,Medical,Tier 2,Parent,Approved
6.85,456,1097878,1297141,North,Female,Uttarakhand,23,Engineering,Tier 2,Parent,Approved
6.8,591,453075,331093,West,Female,Goa,25,Arts,Tier 2,Parent,Rejected
8.81,689,425303,1710487,Central,Female,Madhya Pradesh,23,Medical,Tier 2,Parent,Approved
8.26,613,528276,421097,South,Female,Andhra Pradesh,18,Engineering,Tier 2,Sibling,Approved
9.16,612,482259,1941896,South,Male,Tamil Nadu,20,Architecture,Tier 1,Parent,Approved
8.34,574,1175710,1178733,West,Male,Goa,28,Law,Tier 1,Parent,Rejected
5.22,489,1117344,938387,North,Female,Himachal Pradesh,21,Business,Tier 3,Parent,Approved
7.36,515,962493,1381828,North,Male,Delhi,22,Engineering,Tier 1,Parent,Approved
8.24,574,290359,424042,East,Female,Jharkhand,24,Engineering,Tier 1,Parent,Approved
8.39,583,608723,1627391,North,Male,Haryana,18,Architecture,Tier 2,Parent,Approved
9.19,644,580175,414514,East,Male,Jharkhand,20,Business,Tier 1,None,Approved
9.95,562,372163,590743,West,Male,Maharashtra,19,Arts,Tier 1,Parent,Approved
7.81,691,454809,786072,South,Female,Telangana,27,Law,Tier 1,Sibling,Approved
8.05,492,891331,1609561,Central,Female,Madhya Pradesh,20,Engineering,Tier 1,Parent,Approved
8.71,685,353866,738304,Central,Female,Madhya Pradesh,19,Engineering,Tier 1,None,Approved
7.77,596,494799,431268,West,Female,Rajasthan,26,Science,Tier 2,Parent,Approved
7.5,568,678087,562195,South,Male,Karnataka,27,Science,Tier 3,Parent,Approved
7.92,613,445782,513743,South,Male,Kerala,25,Science,Tier 3,Sibling,Approved
5.27,493,603033,504134,South,Female,Tamil Nadu,27,Science,Tier 3,Parent,Rejected
8.21,579,632566,1461331,East,Female,Jharkhand,18,Business,Tier 1,None,Approved
8.45,540,1240047,768586,North,Male,Punjab,23,Engineering,Tier 2,Parent,Approved
5.25,437,699201,823192,South,Male,Andhra Pradesh,20,Business,Tier 3,None,Rejected
6.47,443,810669,798926,North,Male,Delhi,19,Arts,Tier 2,None,Rejected
8.97,538,793947,1610677,North,Female,Himachal Pradesh,22,Architecture,Tier 1,Parent,Approved
6.69,463,576834,418916,North,Male,Haryana,23,Arts,Tier 2,Parent,Approved
9.45,630,958069,1531031,West,Female,Goa,20,Medical,Tier 1,Parent,Approved
6.4,628,1172993,1681233,North,Female,Punjab,19,Medical,Tier 3,None,Rejected
6.09,512,977759,1277004,West,Female,Goa,27,Law,Tier 3,Relative,Rejected
9.22,472,833539,1672803,North,Male,Delhi,24,Business,Tier 1,Sibling,Approved
7.99,610,511434,695521,North,Female,Punjab,26,Science,Tier 2,Parent,Approved
9.02,383,723951,932498,Central,Male,Madhya Pradesh,19,Business,Tier 1,None,Rejected
8.61,535,854232,898456,North,Female,Himachal Pradesh,19,Engineering,Tier 1,Parent,Approved
9.61,508,410660,239915,East,Female,Odisha,21,Engineering,Tier 1,Sibling,Approved
5.85,375,802005,780293,South,Male,Tamil Nadu,19,Business,Tier 3,Parent,Rejected
6.34,592,559765,1615638,East,Female,Assam,24,Medical,Tier 3,Parent,Rejected
7.62,609,469851,517395,Central,Female,Madhya Pradesh,19,Medical,Tier 1,Parent,Approved
8.24,636,200000,879620,South,Male,Tamil Nadu,28,Medical,Tier 1,Relative,Approved
8.14,682,895188,643909,South,Female,Karnataka,24,Business,Tier 1,Relative,Approved
8.72,607,350931,729108,Central,Male,Madhya Pradesh,25,Engineering,Tier 1,Relative,Approved
8.21,533,754934,744807,Central,Male,Chhattisgarh,25,Engineering,Tier 2,Sibling,Approved
8.3,671,441336,931154,South,Female,Tamil Nadu,28,Engineering,Tier 1,None,Approved
5.88,552,1642153,979334,South,Male,Telangana,28,Science,Tier 1,Sibling,Approved
5.98,511,924665,669409,North,Male,Himachal Pradesh,28,Engineering,Tier 3,Relative,Approved
7.97,805,802818,2510139,South,Male,Karnataka,26,Architecture,Tier 1,Relative,Approved
7.2,549,535336,699752,North,Male,Punjab,24,Business,Tier 2,Parent,Approved
8.08,535,949990,1571492,North,Male,Haryana,23,Engineering,Tier 1,Parent,Rejected
6.82,547,762793,576989,West,Male,Maharashtra,27,Engineering,Tier 2,Parent,Approved
7.96,555,666515,1000121,West,Female,Gujarat,25,Medical,Tier 2,Relative,Approved
8.49,560,639493,292887,East,Male,Jharkhand,27,Science,Tier 2,Sibling,Approved
7.15,606,375246,734006,East,Female,Bihar,24,Science,Tier 3,Sibling,Approved
9.6,682,200000,800194,West,Female,Goa,26,Business,Tier 1,Sibling,Approved
7.58,643,800212,920044,North,Female,Haryana,22,Architecture,Tier 3,Parent,Approved
6.61,599,266347,585640,Central,Male,Madhya Pradesh,27,Business,Tier 2,Relative,Rejected
7.65,514,821864,1289523,West,Female,Maharashtra,25,Engineering,Tier 1,Parent,Approved
7.44,541,924389,606742,West,Male,Gujarat,28,Arts,Tier 1,Sibling,Approved
6.2,490,459619,440933,East,Female,West Bengal,21,Arts,Tier 2,Parent,Rejected
6.03,520,1136929,2308823,West,Male,Goa,26,Medical,Tier 2,Sibling,Rejected
9.97,563,582760,928164,South,Male,Telangana,27,Engineering,Tier 1,None,Approved
9.4,576,783386,920843,East,Female,Jharkhand,24,Engineering,Tier 3,Parent,Approved
8.07,742,500414,1009725,Central,Female,Madhya Pradesh,26,Law,Tier 2,None,Approved
8.11,626,743386,681638,West,Female,Goa,18,Science,Tier 2,None,Rejected
10.0,553,593985,1139969,West,Female,Goa,28,Engineering,Tier 1,Sibling,Approved
6.98,628,259549,407040,North,Male,Haryana,18,Arts,Tier 3,Parent,Rejected
7.42,494,694053,695322,West,Male,Goa,18,Arts,Tier 2,Parent,Approved
7.83,655,701309,162690,North,Male,Punjab,26,Arts,Tier 3,Parent,Approved
6.91,673,297964,1015453,West,Male,Maharashtra,27,Engineering,Tier 3,Parent,Approved
7.13,563,493974,948639,Central,Female,Uttar Pradesh,23,Engineering,Tier 3,Parent,Approved
6.73,601,636775,510502,East,Female,Odisha,18,Engineering,Tier 2,Parent,Rejected
6.41,526,1091011,462835,West,Female,Rajasthan,27,Business,Tier 3,Parent,Rejected
8.51,518,831408,327736,East,Female,Jharkhand,22,Business,Tier 2,Parent,Rejected
5.0,522,1045051,1312535,North,Male,Himachal Pradesh,28,Medical,Tier 3,Parent,Approved
8.65,591,829348,979927,North,Female,Delhi,24,Business,Tier 1,Relative,Approved
8.39,581,1215962,1180708,West,Female,Rajasthan,19,Engineering,Tier 2,Parent,Approved
6.37,544,712374,2271808,West,Female,Rajasthan,23,Medical,Tier 3,Parent,Approved
7.99,494,804851,1185130,West,Female,Gujarat,18,Business,Tier 2,Parent,Rejected
9.13,496,692788,1422517,West,Male,Maharashtra,21,Engineering,Tier 1,Parent,Rejected
7.35,597,804709,1859039,North,Female,Uttarakhand,23,Medical,Tier 2,Parent,Approved
7.38,505,532380,800363,South,Female,Karnataka,20,Law,Tier 3,Parent,Approved
5.73,548,1077701,1833036,West,Male,Goa,20,Medical,Tier 3,Parent,Rejected
8.4,545,457157,954920,East,Female,Jharkhand,28,Business,Tier 2,None,Approved
5.63,561,1055128,285752,East,Male,West Bengal,23,Business,Tier 2,Parent,Approved
9.75,614,561368,1230507,West,Female,Gujarat,21,Engineering,Tier 1,Parent,Rejected
6.18,506,778282,1002878,Central,Male,Madhya Pradesh,24,Engineering,Tier 2,Parent,Approved
6.47,574,266515,2454454,South,Female,Karnataka,19,Medical,Tier 1,Parent,Approved
8.9,690,656427,1365588,North,Female,Delhi,19,Medical,Tier 3,Parent,Approved
8.12,614,1201555,816898,East,Female,Bihar,25,Science,Tier 2,None,Approved
6.45,534,927690,307617,East,Female,Odisha,28,Engineering,Tier 3,Parent,Rejected
9.59,537,648241,1171544,South,Female,Tamil Nadu,19,Medical,Tier 1,Sibling,Approved
7.35,633,451918,342200,South,Male,Tamil Nadu,27,Science,Tier 2,Parent,Approved
9.63,535,847064,522220,West,Male,Maharashtra,27,Science,Tier 1,Parent,Approved
9.23,646,999028,2290100,West,Male,Maharashtra,28,Medical,Tier 1,Sibling,Rejected
10.0,564,938608,595584,South,Female,Kerala,26,Arts,Tier 1,Parent,Approved
10.0,621,709132,272415,East,Male,Odisha,26,Business,Tier 2,Parent,Approved
9.3,720,290174,143132,North,Female,Haryana,25,Engineering,Tier 1,Parent,Approved
8.91,485,819212,369926,South,Male,Karnataka,19,Science,Tier 3,Parent,Approved
10.0,717,1155864,1133887,South,Female,Telangana,28,Engineering,Tier 1,Parent,Approved
8.66,567,495230,802062,Central,Female,Madhya Pradesh,28,Engineering,Tier 1,Relative,Approved
8.13,591,805350,412244,Central,Female,Uttar Pradesh,24,Science,Tier 3,Parent,Approved
5.08,444,200772,1693133,Central,Male,Uttar Pradesh,22,Medical,Tier 3,Parent,Rejected
6.9,639,820116,825050,East,Female,Odisha,27,Business,Tier 2,Sibling,Approved
5.8,544,1245115,1196953,South,Female,Kerala,18,Engineering,Tier 2,Parent,Approved
8.01,487,318212,821151,North,Female,Delhi,19,Medical,Tier 1,Parent,Approved
8.12,506,200000,357644,South,Male,Tamil Nadu,22,Science,Tier 1,None,Approved
5.75,537,602442,1395418,South,Female,Tamil Nadu,21,Medical,Tier 2,Parent,Approved
7.31,604,979895,2575513,North,Male,Delhi,20,Medical,Tier 3,Parent,Approved
10.0,668,991243,382355,North,Female,Haryana,22,Science,Tier 3,Parent,Approved
7.61,519,619914,1184121,West,Male,Gujarat,20,Engineering,Tier 2,Parent,Approved
7.83,570,788635,366555,East,Male,West Bengal,18,Science,Tier 1,None,Rejected
7.24,499,857739,869766,East,Male,West Bengal,28,Business,Tier 2,Sibling,Approved
6.98,572,286664,1266901,East,Female,West Bengal,23,Engineering,Tier 1,Parent,Rejected
7.99,550,1161843,963440,South,Male,Karnataka,24,Science,Tier 1,Relative,Approved
7.0,585,833217,1152564,North,Female,Delhi,19,Law,Tier 2,Parent,Approved
9.25,616,534911,389798,South,Female,Telangana,24,Engineering,Tier 1,Parent,Approved
8.21,524,671773,813786,North,Male,Haryana,21,Engineering,Tier 3,Parent,Approved
5.9,519,1133906,393306,East,Male,Bihar,26,Engineering,Tier 2,Relative,Approved
8.33,663,991603,983178,West,Female,Maharashtra,28,Business,Tier 1,Relative,Approved
5.0,669,908552,374532,Central,Male,Uttar Pradesh,19,Science,Tier 2,Parent,Approved
7.29,495,758851,116721,South,Male,Tamil Nadu,28,Law,Tier 2,Parent,Approved
8.49,549,860579,922811,North,Female,Haryana,28,Engineering,Tier 1,Relative,Approved
8.61,649,910647,846631,South,Female,Karnataka,23,Engineering,Tier 1,Parent,Approved
7.72,662,675683,900675,West,Female,Gujarat,28,Engineering,Tier 2,Sibling,Approved
6.52,561,200000,743718,South,Male,Karnataka,26,Medical,Tier 3,Sibling,Rejected
7.53,600,658978,960244,West,Female,Rajasthan,26,Engineering,Tier 3,Parent,Approved
9.33,459,629633,552511,North,Male,Delhi,21,Arts,Tier 1,Parent,Approved
7.29,432,779045,810598,South,Female,Tamil Nadu,19,Business,Tier 2,Relative,Approved
8.75,600,745749,229392,South,Female,Kerala,22,Arts,Tier 1,Sibling,Approved
5.0,612,1216860,1930339,South,Female,Telangana,21,Engineering,Tier 3,Parent,Approved
6.79,627,537312,913946,East,Male,Bihar,24,Engineering,Tier 1,Sibling,Approved
7.95,617,571506,1809593,Central,Male,Madhya Pradesh,24,Medical,Tier 3,None,Approved
8.1,600,813007,2388065,North,Male,Haryana,26,Architecture,Tier 2,Parent,Approved
7.09,591,200000,897151,South,Female,Karnataka,24,Engineering,Tier 2,Parent,Approved
8.63,627,696300,738256,West,Female,Rajasthan,21,Business,Tier 1,Relative,Approved
6.98,604,1030538,1243927,Central,Male,Uttar Pradesh,28,Medical,Tier 2,Parent,Approved
5.86,534,468057,1497219,West,Male,Rajasthan,28,Medical,Tier 2,None,Rejected
7.59,580,1110499,2364240,West,Male,Goa,18,Architecture,Tier 2,Sibling,Approved
7.85,489,788790,1224821,Central,Female,Madhya Pradesh,26,Business,Tier 2,Parent,Approved
6.19,477,708029,743506,West,Male,Gujarat,20,Arts,Tier 2,Parent,Approved
7.31,522,312985,1442885,West,Female,Goa,19,Medical,Tier 3,Parent,Approved
8.53,549,452535,233907,North,Female,Haryana,26,Engineering,Tier 1,Relative,Approved
7.77,659,640688,757692,North,Female,Uttarakhand,28,Science,Tier 2,Parent,Approved
7.19,572,706709,669324,South,Female,Kerala,22,Engineering,Tier 3,Parent,Approved
7.18,566,496153,1397364,South,Male,Telangana,26,Engineering,Tier 1,Sibling,Rejected
6.97,661,778608,1614753,West,Female,Gujarat,28,Engineering,Tier 3,Relative,Rejected
6.27,730,910922,636046,West,Male,Gujarat,23,Arts,Tier 2,Parent,Approved
7.8,630,200000,784483,South,Male,Karnataka,18,Engineering,Tier 2,Parent,Approved
5.0,605,644579,933741,North,Male,Uttarakhand,21,Medical,Tier 2,Parent,Rejected
8.34,544,826152,795587,South,Male,Telangana,27,Engineering,Tier 1,Parent,Approved
5.0,536,914233,1197684,North,Male,Haryana,18,Medical,Tier 3,Parent,Rejected
6.62,614,458035,716033,South,Female,Karnataka,24,Business,Tier 2,Parent,Approved
6.32,548,311687,394973,South,Male,Karnataka,24,Science,Tier 2,Parent,Rejected
8.11,611,863384,822495,West,Male,Maharashtra,20,Engineering,Tier 1,Parent,Approved
6.86,571,406960,954878,Central,Female,Chhattisgarh,25,Science,Tier 2,Parent,Rejected
9.14,669,620497,334498,Central,Male,Uttar Pradesh,22,Engineering,Tier 1,Parent,Approved
6.82,572,1053751,135076,West,Other,Rajasthan,25,Engineering,Tier 2,Parent,Approved
5.91,509,1031420,859257,West,Male,Rajasthan,19,Business,Tier 2,Parent,Approved
8.03,681,685852,436061,West,Female,Rajasthan,21,Science,Tier 3,Sibling,Rejected
9.6,543,408665,878997,South,Male,Andhra Pradesh,21,Arts,Tier 3,Parent,Approved
5.91,615,359869,611226,East,Female,Odisha,25,Engineering,Tier 2,Parent,Approved
5.92,528,301882,926206,West,Male,Goa,21,Business,Tier 3,Parent,Rejected
5.0,572,733860,819404,West,Male,Gujarat,26,Arts,Tier 3,Parent,Approved
5.5,510,729698,1105987,Central,Male,Uttar Pradesh,18,Engineering,Tier 3,Parent,Rejected
7.94,545,790053,1009812,North,Female,Delhi,24,Business,Tier 1,Parent,Approved
6.89,542,1330629,2205469,South,Female,Andhra Pradesh,26,Medical,Tier 3,Sibling,Approved
7.31,504,450740,1617861,East,Male,Odisha,26,Architecture,Tier 1,Relative,Rejected
8.11,597,954943,472607,West,Female,Gujarat,22,Science,Tier 2,Parent,Approved
7.39,529,809845,1331056,West,Female,Rajasthan,22,Engineering,Tier 2,Sibling,Rejected
7.56,511,1016734,991867,North,Male,Haryana,19,Business,Tier 2,Parent,Approved
8.16,602,960363,726485,West,Male,Gujarat,25,Science,Tier 1,Sibling,Approved
10.0,575,968230,981753,West,Male,Goa,18,Engineering,Tier 1,Sibling,Approved
7.95,490,415313,666014,South,Male,Tamil Nadu,22,Engineering,Tier 2,Parent,Approved
6.13,579,621868,921312,East,Female,Bihar,18,Law,Tier 2,Parent,Approved
6.11,622,778224,833915,West,Male,Goa,22,Engineering,Tier 3,Parent,Rejected
7.74,641,652591,811855,East,Female,West Bengal,19,Science,Tier 1,Parent,Approved
5.8,546,348494,745422,South,Male,Karnataka,24,Business,Tier 3,Parent,Rejected
7.5,487,1163980,796896,South,Male,Karnataka,25,Engineering,Tier 2,Sibling,Rejected
5.52,515,742120,1365550,East,Female,West Bengal,20,Engineering,Tier 3,Parent,Rejected
8.34,457,428693,802841,South,Male,Andhra Pradesh,19,Engineering,Tier 1,Parent,Rejected
8.7,581,645399,439535,Central,Female,Uttar Pradesh,18,Business,Tier 3,None,Approved
10.0,682,421366,421654,South,Male,Andhra Pradesh,23,Science,Tier 1,Sibling,Approved
7.47,633,1197501,854950,South,Male,Tamil Nadu,25,Science,Tier 2,Parent,Approved
7.95,596,365999,1018995,South,Male,Telangana,25,Engineering,Tier 1,Parent,Approved
10.0,581,241554,355819,West,Male,Goa,26,Engineering,Tier 1,None,Approved
8.94,495,738703,544682,South,Male,Karnataka,28,Science,Tier 2,Relative,Rejected
8.04,559,921109,2402569,East,Male,Assam,18,Architecture,Tier 1,Parent,Approved
10.0,572,480726,940188,North,Male,Delhi,27,Engineering,Tier 1,Relative,Approved
10.0,658,1051423,2622670,West,Female,Goa,23,Medical,Tier 1,Parent,Approved
7.17,539,879281,1216463,North,Male,Haryana,23,Business,Tier 2,Parent,Approved
9.41,542,685765,1012364,South,Female,Telangana,24,Engineering,Tier 1,None,Rejected
5.62,472,760240,723009,East,Male,West Bengal,26,Science,Tier 3,Parent,Rejected
9.07,652,877158,610779,West,Female,Rajasthan,23,Arts,Tier 1,Parent,Approved
7.25,521,445460,517592,South,Male,Tamil Nadu,21,Arts,Tier 2,Parent,Approved
6.74,518,1051948,1419414,West,Male,Goa,23,Medical,Tier 2,Sibling,Approved
9.89,510,627782,684524,East,Male,Bihar,19,Science,Tier 1,Parent,Approved
6.98,554,1342277,663648,West,Male,Gujarat,25,Science,Tier 2,Parent,Rejected
10.0,599,488602,1321075,West,Female,Maharashtra,20,Medical,Tier 1,Parent,Approved
8.36,687,927247,2905018,South,Female,Tamil Nadu,28,Medical,Tier 3,Parent,Approved
9.2,585,200000,519075,South,Male,Karnataka,26,Arts,Tier 3,Parent,Approved
7.29,543,1029023,832197,South,Male,Telangana,23,Engineering,Tier 2,Sibling,Rejected
5.0,476,704167,1005766,West,Male,Rajasthan,21,Law,Tier 3,Parent,Rejected
7.92,522,1157373,582147,North,Male,Himachal Pradesh,20,Arts,Tier 2,Sibling,Approved
9.26,680,762687,383088,West,Male,Gujarat,26,Business,Tier 2,Parent,Approved
10.0,685,903129,1381062,South,Female,Telangana,27,Medical,Tier 1,Parent,Approved
8.5,616,1364146,491289,North,Female,Himachal Pradesh,25,Science,Tier 1,None,Approved
10.0,666,1174458,588481,South,Male,Karnataka,26,Law,Tier 1,Parent,Approved
5.99,429,309721,755106,Central,Male,Chhattisgarh,22,Engineering,Tier 3,None,Rejected
6.99,593,398498,625611,South,Male,Karnataka,19,Medical,Tier 1,Parent,Approved
6.82,490,688870,1377355,North,Male,Punjab,22,Medical,Tier 2,Parent,Approved
8.81,565,849046,1368365,West,Male,Goa,18,Medical,Tier 1,Sibling,Approved
5.09,432,891840,508822,North,Female,Haryana,28,Science,Tier 2,Parent,Rejected
7.09,647,1310793,1288850,North,Male,Haryana,18,Medical,Tier 2,Parent,Approved
8.27,574,680939,389239,South,Female,Andhra Pradesh,19,Engineering,Tier 1,Parent,Approved
9.36,656,820571,1169658,Central,Male,Chhattisgarh,27,Arts,Tier 2,Parent,Approved
9.04,619,740899,1120222,East,Male,West Bengal,18,Engineering,Tier 1,Parent,Rejected
7.56,542,1127450,1374274,South,Male,Andhra Pradesh,25,Engineering,Tier 3,Sibling,Rejected
7.84,481,200000,1079459,North,Male,Himachal Pradesh,23,Engineering,Tier 2,Parent,Approved
9.06,660,200000,404555,West,Female,Goa,28,Engineering,Tier 1,Relative,Approved
8.04,678,585182,1463054,East,Female,Assam,22,Medical,Tier 3,Parent,Rejected
9.12,636,696048,533266,East,Male,Odisha,22,Science,Tier 1,Parent,Approved
7.01,667,1106172,886648,South,Female,Kerala,28,Science,Tier 2,Parent,Approved
8.58,485,996191,893802,Central,Female,Chhattisgarh,23,Engineering,Tier 2,Parent,Approved
9.77,581,772474,658346,East,Male,Bihar,19,Medical,Tier 2,Parent,Rejected
6.64,514,1105318,1496425,West,Female,Rajasthan,21,Engineering,Tier 1,Parent,Approved
5.94,396,762974,637582,West,Female,Gujarat,24,Science,Tier 3,Parent,Rejected
8.12,732,591107,425828,West,Female,Gujarat,21,Science,Tier 2,Parent,Approved
7.17,537,631322,1576394,South,Female,Kerala,28,Architecture,Tier 2,Sibling,Rejected
6.96,489,948514,688793,South,Male,Telangana,26,Business,Tier 1,None,Approved
5.8,590,990039,697887,West,Female,Rajasthan,24,Law,Tier 3,Relative,Rejected
9.41,633,331838,1594041,West,Female,Gujarat,28,Architecture,Tier 1,None,Rejected
6.75,591,407945,611445,East,Female,Assam,23,Business,Tier 1,Parent,Approved
6.39,469,775173,518545,Central,Male,Madhya Pradesh,25,Science,Tier 3,Parent,Approved
8.72,635,1002685,968507,West,Female,Rajasthan,23,Law,Tier 2,Parent,Approved
8.0,518,200000,568688,West,Male,Rajasthan,27,Engineering,Tier 1,Parent,Approved
5.0,443,995022,361951,West,Female,Rajasthan,27,Business,Tier 2,Sibling,Rejected
9.62,525,1057950,1660529,North,Male,Himachal Pradesh,22,Business,Tier 3,Relative,Approved
9.52,713,534839,961732,West,Male,Goa,28,Business,Tier 2,Parent,Approved
8.49,470,824810,489816,North,Female,Uttarakhand,26,Science,Tier 2,None,Approved
9.69,562,303326,1154004,South,Male,Tamil Nadu,20,Architecture,Tier 1,Parent,Approved
10.0,614,847428,584123,North,Male,Delhi,24,Science,Tier 3,Relative,Rejected
6.36,527,1343449,2156418,West,Female,Maharashtra,18,Medical,Tier 2,Parent,Approved
8.24,572,692547,755842,South,Female,Karnataka,25,Business,Tier 3,None,Rejected
7.35,580,609921,998705,Central,Male,Chhattisgarh,22,Engineering,Tier 3,Parent,Approved
8.27,568,777947,757369,South,Male,Tamil Nadu,23,Science,Tier 2,Parent,Approved
7.68,674,1003040,1258327,South,Female,Karnataka,26,Business,Tier 2,Parent,Rejected
6.54,758,231598,663732,South,Male,Karnataka,21,Business,Tier 1,Parent,Approved
6.99,537,462058,405014,West,Male,Rajasthan,19,Science,Tier 3,Parent,Approved
7.58,469,447006,1011972,West,Female,Maharashtra,24,Engineering,Tier 3,Parent,Approved
8.51,621,707732,657074,North,Male,Himachal Pradesh,27,Arts,Tier 1,Sibling,Approved
8.53,561,200000,1277416,East,Female,Odisha,23,Medical,Tier 1,Sibling,Rejected
7.66,655,720111,788607,West,Male,Gujarat,22,Arts,Tier 3,Relative,Approved
7.61,593,1062803,998981,Central,Female,Chhattisgarh,26,Arts,Tier 1,Parent,Rejected
6.54,619,575293,556125,South,Male,Tamil Nadu,26,Engineering,Tier 2,Parent,Approved
5.85,499,756537,1260771,East,Female,Assam,20,Law,Tier 3,Sibling,Approved
7.82,587,200000,988646,South,Female,Telangana,26,Engineering,Tier 2,None,Approved
5.65,604,498332,413854,East,Female,Odisha,22,Engineering,Tier 3,Relative,Approved
7.51,478,939331,565956,South,Male,Kerala,22,Engineering,Tier 2,Parent,Approved
7.7,510,312820,530775,East,Male,Odisha,20,Business,Tier 2,Sibling,Approved
7.72,619,1126703,531044,North,Female,Haryana,18,Engineering,Tier 1,Parent,Approved
8.96,627,630514,1328104,Central,Female,Uttar Pradesh,27,Medical,Tier 2,Sibling,Approved
6.07,531,1156030,1071804,West,Female,Goa,24,Engineering,Tier 3,Parent,Approved
7.55,583,584788,1555930,North,Male,Punjab,19,Architecture,Tier 2,Parent,Approved
7.83,574,801093,253660,East,Male,Bihar,27,Science,Tier 3,Relative,Approved
5.31,431,228160,1233325,East,Female,Jharkhand,19,Engineering,Tier 3,Parent,Approved
6.74,545,645746,535684,South,Female,Tamil Nadu,25,Arts,Tier 2,Parent,Approved
9.01,566,200000,1417039,South,Female,Telangana,24,Medical,Tier 1,Relative,Approved
8.57,646,865609,825824,South,Male,Tamil Nadu,25,Science,Tier 1,Relative,Approved
7.28,553,521594,460639,West,Male,Gujarat,23,Science,Tier 2,Sibling,Approved
8.47,630,624459,1326801,West,Male,Goa,25,Medical,Tier 3,Parent,Rejected
5.97,567,311728,1011989,East,Male,Assam,24,Engineering,Tier 2,Parent,Rejected
8.68,565,1355251,1192263,South,Male,Karnataka,28,Engineering,Tier 2,Relative,Approved
9.14,661,864724,662211,East,Male,Assam,21,Engineering,Tier 2,Parent,Approved
5.0,508,937239,205489,South,Female,Andhra Pradesh,20,Law,Tier 3,Parent,Approved
7.08,704,816322,585239,East,Male,West Bengal,25,Engineering,Tier 3,Relative,Approved
7.8,559,671668,827164,South,Female,Kerala,22,Business,Tier 1,Parent,Approved
5.0,621,755191,221121,West,Male,Rajasthan,27,Engineering,Tier 3,Sibling,Approved
7.29,491,911846,768712,Central,Male,Uttar Pradesh,21,Arts,Tier 2,Parent,Approved
8.2,603,781955,1361140,South,Female,Tamil Nadu,26,Engineering,Tier 2,Sibling,Approved
7.85,603,536087,616382,South,Female,Karnataka,22,Science,Tier 1,None,Approved
8.03,685,982910,718404,East,Male,Odisha,23,Business,Tier 1,Parent,Approved
6.43,615,1279496,793959,West,Female,Maharashtra,24,Arts,Tier 3,Sibling,Rejected
8.54,708,769144,945992,North,Male,Himachal Pradesh,19,Engineering,Tier 2,Sibling,Approved
8.09,765,520699,1335590,North,Male,Punjab,25,Engineering,Tier 3,None,Approved
6.78,572,240942,844455,South,Male,Andhra Pradesh,20,Business,Tier 2,Parent,Rejected
6.14,521,1046656,1568177,West,Female,Maharashtra,18,Business,Tier 2,Parent,Rejected
8.94,563,370868,752190,South,Female,Tamil Nadu,27,Business,Tier 1,Parent,Rejected
8.79,537,409456,329723,West,Male,Gujarat,27,Science,Tier 2,Parent,Approved
6.19,578,567525,425164,North,Female,Delhi,20,Science,Tier 3,Parent,Approved
6.82,484,804508,844693,North,Male,Haryana,22,Engineering,Tier 3,Parent,Rejected
6.83,545,1180769,2829943,West,Female,Rajasthan,22,Medical,Tier 3,Parent,Approved
7.54,610,1121036,717008,West,Female,Goa,20,Business,Tier 2,Parent,Approved
9.75,503,1347215,624388,South,Male,Tamil Nadu,26,Science,Tier 1,Parent,Approved
7.14,435,200000,591892,East,Female,Jharkhand,18,Engineering,Tier 3,Parent,Approved
7.0,548,1147975,650822,North,Female,Haryana,27,Science,Tier 1,Parent,Approved
7.65,647,495259,575474,East,Male,Odisha,22,Engineering,Tier 2,Parent,Approved
9.88,541,821959,590138,North,Male,Delhi,25,Engineering,Tier 2,Sibling,Approved
6.39,515,1185199,681100,South,Male,Telangana,24,Arts,Tier 2,Parent,Approved
6.67,737,1565359,430139,South,Female,Karnataka,27,Science,Tier 2,Sibling,Approved
7.68,628,429516,580979,West,Female,Gujarat,23,Business,Tier 1,Parent,Approved
8.29,539,200000,1776018,West,Male,Goa,22,Medical,Tier 3,Parent,Rejected
7.1,468,907588,896268,West,Male,Gujarat,19,Architecture,Tier 2,None,Rejected
10.0,648,792614,653157,East,Male,Assam,22,Arts,Tier 1,Parent,Approved
5.69,574,200000,334382,South,Male,Kerala,21,Science,Tier 2,Parent,Approved
9.04,571,823402,376085,West,Male,Rajasthan,23,Science,Tier 2,Parent,Approved
9.32,588,335357,926708,East,Female,Odisha,24,Engineering,Tier 1,Parent,Approved
6.66,609,890000,980833,South,Female,Karnataka,24,Business,Tier 3,Parent,Rejected
6.1,525,983323,782025,North,Female,Delhi,28,Business,Tier 1,Parent,Approved
7.73,589,585509,163652,East,Male,West Bengal,21,Science,Tier 1,Parent,Approved
7.82,560,622683,1921349,Central,Female,Chhattisgarh,18,Architecture,Tier 1,Parent,Approved
8.35,550,308470,483965,Central,Male,Uttar Pradesh,22,Arts,Tier 1,Parent,Rejected
10.0,623,541830,1381155,North,Female,Punjab,19,Medical,Tier 2,Parent,Approved
9.14,442,730185,1781585,South,Female,Karnataka,18,Medical,Tier 2,None,Rejected
6.63,642,746481,1308812,West,Female,Rajasthan,23,Business,Tier 2,Parent,Approved
5.82,570,1082676,1704815,North,Female,Delhi,24,Medical,Tier 2,Sibling,Rejected
7.54,596,693791,713477,East,Male,Bihar,24,Business,Tier 2,None,Approved
10.0,486,538164,523422,Central,Male,Uttar Pradesh,18,Business,Tier 1,Parent,Approved
6.72,461,747256,208048,Central,Female,Madhya Pradesh,27,Business,Tier 3,Relative,Rejected
7.98,475,931717,317269,West,Male,Rajasthan,20,Engineering,Tier 1,Parent,Approved
5.89,554,1054998,2082013,West,Male,Maharashtra,20,Medical,Tier 2,Parent,Rejected
8.97,605,596132,673332,East,Male,Bihar,27,Business,Tier 3,Parent,Approved
7.36,524,845910,507303,West,Female,Gujarat,20,Engineering,Tier 1,Parent,Approved
6.62,480,380231,331380,West,Male,Goa,23,Arts,Tier 2,Parent,Approved
8.27,636,968582,682739,North,Female,Uttarakhand,23,Engineering,Tier 2,Parent,Approved
7.59,572,850924,977523,North,Female,Haryana,28,Architecture,Tier 3,Relative,Approved
6.15,590,1112183,485718,South,Female,Kerala,20,Science,Tier 2,None,Rejected
7.52,673,372688,665150,East,Female,Bihar,25,Engineering,Tier 2,Parent,Rejected
8.07,579,828786,1906596,South,Female,Karnataka,25,Architecture,Tier 2,Parent,Approved
10.0,651,263550,1410475,West,Male,Goa,23,Engineering,Tier 1,Parent,Approved
6.68,539,1231566,1169868,East,Male,Jharkhand,25,Engineering,Tier 2,Parent,Rejected
8.81,550,571357,1889377,North,Female,Punjab,19,Medical,Tier 1,Parent,Rejected
10.0,652,619126,848435,East,Male,West Bengal,25,Engineering,Tier 1,None,Rejected
6.17,543,726174,673399,West,Male,Gujarat,19,Engineering,Tier 2,Parent,Rejected
6.25,530,962909,1595749,North,Male,Uttarakhand,25,Engineering,Tier 3,Parent,Rejected
6.14,499,1066214,1409323,West,Female,Rajasthan,28,Engineering,Tier 2,Sibling,Approved
8.15,636,643253,807858,Central,Male,Uttar Pradesh,20,Science,Tier 2,Parent,Approved
6.83,575,1026637,1755250,South,Female,Telangana,21,Engineering,Tier 2,Parent,Approved
6.88,584,560231,608592,South,Male,Andhra Pradesh,28,Engineering,Tier 3,Parent,Approved
7.48,506,631449,448081,North,Male,Delhi,26,Science,Tier 2,Relative,Approved
8.09,519,1217576,1122478,West,Female,Gujarat,26,Business,Tier 3,None,Rejected
5.0,621,529297,652067,South,Female,Tamil Nadu,22,Arts,Tier 2,Parent,Rejected
8.33,632,1149958,697663,North,Male,Himachal Pradesh,20,Business,Tier 2,Parent,Approved
9.61,622,711125,1129190,West,Other,Goa,27,Arts,Tier 1,Parent,Approved
6.38,608,488995,100000,Central,Male,Chhattisgarh,23,Science,Tier 2,Parent,Approved
6.18,471,391147,563593,Central,Female,Madhya Pradesh,22,Engineering,Tier 3,Parent,Rejected
9.47,665,223168,485856,North,Male,Punjab,28,Arts,Tier 2,Parent,Approved
6.26,610,885153,717528,North,Male,Uttarakhand,25,Science,Tier 3,Relative,Approved
8.86,587,1357019,1840095,North,Male,Haryana,22,Law,Tier 2,Parent,Approved
7.04,475,762212,1127898,South,Female,Andhra Pradesh,28,Law,Tier 2,Sibling,Rejected
8.43,600,354377,892323,East,Female,Jharkhand,18,Engineering,Tier 1,Parent,Rejected
10.0,464,474021,921325,North,Male,Himachal Pradesh,25,Engineering,Tier 2,None,Rejected
10.0,580,1415895,1599756,South,Male,Tamil Nadu,24,Arts,Tier 1,Parent,Approved
8.28,468,943081,881938,West,Male,Maharashtra,22,Medical,Tier 2,Parent,Approved
5.0,409,988891,790536,North,Female,Himachal Pradesh,23,Law,Tier 3,Parent,Rejected
8.49,618,470090,458857,West,Male,Maharashtra,25,Arts,Tier 2,Relative,Approved
7.09,524,800669,837339,North,Female,Himachal Pradesh,18,Law,Tier 2,Parent,Approved
7.44,519,1090045,707707,North,Male,Himachal Pradesh,25,Engineering,Tier 1,Sibling,Approved
7.79,611,200000,644042,Central,Female,Madhya Pradesh,27,Medical,Tier 3,Parent,Rejected
6.74,613,940042,100000,East,Male,Bihar,24,Science,Tier 3,None,Approved
8.59,628,577688,1069280,South,Female,Tamil Nadu,20,Medical,Tier 1,Parent,Approved
5.0,484,1093361,783061,West,Male,Rajasthan,24,Law,Tier 3,None,Rejected
6.31,502,1236131,2164748,North,Female,Punjab,26,Medical,Tier 3,Parent,Approved
5.0,561,631525,677463,West,Male,Goa,26,Architecture,Tier 3,Parent,Rejected
8.82,493,1254535,2378502,South,Male,Andhra Pradesh,23,Medical,Tier 2,Parent,Approved
5.69,519,1087498,401143,East,Male,West Bengal,19,Arts,Tier 3,Parent,Approved
8.07,545,665559,803879,South,Female,Andhra Pradesh,25,Engineering,Tier 2,None,Rejected
7.68,458,200000,747967,West,Female,Goa,21,Business,Tier 1,Parent,Approved
7.82,510,200000,711472,South,Male,Kerala,21,Science,Tier 3,Parent,Approved
8.8,578,731858,1539202,West,Male,Goa,20,Engineering,Tier 2,Parent,Approved
8.94,585,743746,1580021,South,Male,Tamil Nadu,18,Medical,Tier 2,Relative,Rejected
5.92,439,971304,1019613,South,Male,Andhra Pradesh,22,Law,Tier 3,Parent,Rejected
8.58,560,649145,463180,South,Male,Karnataka,25,Science,Tier 1,None,Approved
5.46,497,353225,1366590,Central,Female,Uttar Pradesh,22,Engineering,Tier 3,Parent,Rejected
6.69,533,1113835,1535088,East,Male,Jharkhand,21,Medical,Tier 2,None,Approved
9.16,617,755791,3000000,North,Male,Punjab,28,Medical,Tier 1,Parent,Rejected
8.34,667,651234,1031401,North,Female,Delhi,18,Law,Tier 1,Sibling,Approved
7.95,688,1212240,967514,South,Male,Kerala,21,Engineering,Tier 2,None,Approved
7.71,459,478891,1970346,Central,Female,Uttar Pradesh,24,Architecture,Tier 2,Relative,Rejected
6.07,559,1058143,862632,West,Female,Goa,23,Engineering,Tier 3,Parent,Approved
9.1,558,754576,1750420,North,Male,Uttarakhand,27,Medical,Tier 1,Parent,Rejected
7.05,592,587223,1048481,South,Female,Karnataka,23,Engineering,Tier 1,Parent,Approved
8.61,537,684199,940304,North,Female,Himachal Pradesh,26,Engineering,Tier 2,Parent,Approved
5.8,532,637260,1359902,Central,Male,Uttar Pradesh,27,Engineering,Tier 2,Parent,Approved
6.29,431,880297,899523,East,Female,Jharkhand,24,Science,Tier 3,Parent,Rejected
9.86,662,614167,1145850,East,Male,Bihar,28,Business,Tier 1,Relative,Approved
10.0,754,979191,1908759,West,Female,Rajasthan,22,Architecture,Tier 3,Parent,Approved
9.11,643,204197,560420,South,Male,Andhra Pradesh,26,Engineering,Tier 1,Sibling,Rejected
8.0,563,497802,267436,North,Male,Himachal Pradesh,21,Business,Tier 2,Parent,Approved
5.0,481,531501,805608,North,Male,Uttarakhand,21,Arts,Tier 3,Relative,Rejected
6.93,604,590112,881212,North,Female,Punjab,23,Business,Tier 2,Parent,Approved
5.0,546,719259,754605,North,Female,Haryana,24,Law,Tier 3,Parent,Rejected
10.0,542,339085,914636,East,Female,Bihar,24,Law,Tier 1,Relative,Approved
5.73,558,810923,1301837,Central,Male,Chhattisgarh,28,Architecture,Tier 3,Parent,Approved
8.94,621,1188876,296727,West,Female,Maharashtra,27,Engineering,Tier 1,Relative,Approved
8.54,656,529212,100000,South,Female,Karnataka,21,Engineering,Tier 3,Parent,Approved
7.39,666,1523741,2500045,South,Male,Tamil Nadu,18,Medical,Tier 2,Parent,Approved
6.76,643,872794,1032263,East,Female,Jharkhand,28,Engineering,Tier 3,Relative,Approved
8.84,522,873848,532400,South,Female,Telangana,18,Engineering,Tier 3,Sibling,Approved
9.67,547,1010357,1897989,East,Male,Bihar,24,Medical,Tier 2,Sibling,Rejected
9.29,625,911477,2238141,South,Female,Andhra Pradesh,25,Architecture,Tier 1,Parent,Approved
7.22,548,748623,987203,West,Male,Goa,21,Law,Tier 3,Parent,Approved
7.56,469,477455,384275,East,Male,West Bengal,22,Science,Tier 3,Parent,Rejected
6.82,536,622189,1103515,West,Female,Goa,21,Engineering,Tier 2,Parent,Approved
7.8,542,200000,408385,East,Female,Assam,20,Engineering,Tier 2,None,Approved
7.65,517,235446,558242,East,Female,Odisha,18,Science,Tier 2,Parent,Approved
7.74,637,200000,418593,South,Female,Karnataka,23,Science,Tier 3,Relative,Approved
7.78,582,1149497,2455810,North,Female,Haryana,26,Architecture,Tier 2,Parent,Approved
10.0,574,286279,793592,South,Female,Tamil Nadu,27,Engineering,Tier 3,Parent,Rejected
7.43,550,1083114,327841,North,Male,Himachal Pradesh,24,Engineering,Tier 3,Parent,Rejected
8.03,635,1053566,1550992,North,Female,Delhi,23,Medical,Tier 1,None,Rejected
8.32,673,622201,560838,North,Male,Himachal Pradesh,26,Engineering,Tier 1,Relative,Approved
5.92,414,423109,1083964,West,Male,Maharashtra,23,Engineering,Tier 3,None,Rejected
7.78,592,488339,902944,South,Male,Andhra Pradesh,27,Engineering,Tier 3,Sibling,Approved
6.92,675,696835,220091,East,Male,Odisha,26,Science,Tier 2,Parent,Approved
7.09,484,407582,1097203,West,Male,Goa,20,Engineering,Tier 3,Parent,Rejected
6.45,471,1046730,1140498,South,Female,Tamil Nadu,22,Engineering,Tier 2,Parent,Rejected
8.33,560,436447,419981,North,Other,Uttarakhand,22,Engineering,Tier 3,Relative,Approved
5.96,546,972926,2554443,South,Male,Karnataka,28,Medical,Tier 2,None,Rejected
8.69,646,1226501,1106159,South,Female,Karnataka,22,Engineering,Tier 2,Parent,Approved
5.34,473,387019,868696,West,Male,Rajasthan,23,Business,Tier 3,Parent,Rejected
9.02,525,1118412,1619381,West,Female,Goa,19,Medical,Tier 1,Parent,Approved
5.12,522,926471,1534614,Central,Male,Chhattisgarh,20,Architecture,Tier 2,Sibling,Rejected
8.89,491,594522,435409,East,Female,Jharkhand,24,Arts,Tier 2,Parent,Approved
7.52,601,503917,1292842,West,Male,Rajasthan,23,Law,Tier 2,Parent,Approved
6.29,496,247079,643962,North,Female,Delhi,24,Engineering,Tier 3,Parent,Rejected
8.06,546,862029,834544,East,Male,Jharkhand,20,Engineering,Tier 1,Parent,Approved
8.94,577,348713,640898,East,Female,Jharkhand,21,Business,Tier 1,None,Approved
6.87,369,1444587,925335,West,Male,Gujarat,19,Business,Tier 2,None,Approved
9.2,674,200000,749258,Central,Female,Chhattisgarh,20,Engineering,Tier 1,Parent,Approved
8.08,500,721333,1220639,North,Male,Delhi,28,Architecture,Tier 3,None,Rejected
8.72,474,855457,3000000,North,Male,Haryana,18,Medical,Tier 3,Parent,Rejected
6.97,604,428355,431700,West,Male,Gujarat,19,Business,Tier 2,None,Rejected
8.46,479,1332395,716705,South,Female,Andhra Pradesh,21,Business,Tier 2,Relative,Approved
8.76,591,903815,817800,North,Male,Delhi,26,Arts,Tier 2,Parent,Approved
6.81,575,1049363,1199810,West,Male,Gujarat,28,Business,Tier 1,Parent,Rejected
7.83,625,691555,592100,West,Male,Goa,27,Arts,Tier 3,None,Approved
10.0,689,249982,668909,Central,Female,Chhattisgarh,21,Law,Tier 2,Parent,Approved
7.21,687,950891,775363,South,Male,Telangana,27,Arts,Tier 3,Parent,Rejected
6.1,571,701487,589747,West,Male,Maharashtra,26,Engineering,Tier 2,Parent,Rejected
7.15,481,484477,985507,Central,Male,Madhya Pradesh,24,Engineering,Tier 2,Parent,Approved
7.42,440,695686,668515,South,Male,Karnataka,22,Law,Tier 2,Parent,Approved
8.22,733,735046,661415,West,Other,Maharashtra,25,Business,Tier 3,Sibling,Rejected
6.77,540,808427,780889,West,Male,Gujarat,20,Business,Tier 3,Parent,Rejected
5.0,523,1316668,1368814,South,Male,Kerala,20,Engineering,Tier 3,Relative,Approved
9.15,620,412287,999316,West,Male,Goa,22,Engineering,Tier 3,Parent,Approved
5.57,460,200000,667008,Central,Male,Madhya Pradesh,23,Science,Tier 3,Parent,Rejected
8.58,619,685618,486116,North,Male,Uttarakhand,24,Arts,Tier 2,Relative,Approved
9.37,461,810443,572589,South,Female,Telangana,28,Science,Tier 1,Parent,Approved
7.54,596,847469,602299,North,Male,Punjab,18,Arts,Tier 3,Parent,Approved
7.82,661,605300,866903,North,Female,Delhi,21,Science,Tier 2,Parent,Approved
5.96,625,1098437,1209738,North,Female,Delhi,23,Business,Tier 3,Parent,Rejected
9.27,665,470818,752634,Central,Male,Uttar Pradesh,28,Engineering,Tier 1,Parent,Approved
7.23,634,1319490,1325605,South,Male,Andhra Pradesh,25,Engineering,Tier 1,Parent,Approved
8.96,524,700085,778892,North,Male,Haryana,23,Business,Tier 1,Parent,Approved
6.57,560,986636,556155,South,Male,Karnataka,28,Arts,Tier 3,None,Rejected
8.14,527,856572,780061,South,Male,Karnataka,20,Business,Tier 2,Parent,Approved
8.95,527,396124,930106,East,Male,Bihar,24,Engineering,Tier 1,Relative,Approved
5.0,485,565491,492702,East,Male,Jharkhand,23,Engineering,Tier 3,Relative,Rejected
9.36,618,1215133,1037011,South,Male,Tamil Nadu,21,Engineering,Tier 1,Parent,Rejected
7.74,623,1223529,1938294,South,Female,Telangana,25,Architecture,Tier 3,Parent,Approved
6.31,492,563201,984470,East,Male,Assam,26,Law,Tier 2,Relative,Rejected
9.72,543,779045,905689,South,Male,Kerala,28,Law,Tier 3,Relative,Approved
9.56,621,479800,668884,West,Female,Maharashtra,18,Engineering,Tier 3,Parent,Rejected
8.62,574,453865,643594,South,Male,Tamil Nadu,19,Engineering,Tier 1,Parent,Approved
5.0,636,743974,747822,North,Male,Himachal Pradesh,21,Business,Tier 3,Parent,Rejected
5.64,674,1081228,706116,West,Male,Goa,21,Business,Tier 2,None,Approved
7.26,475,1094001,1183191,West,Male,Maharashtra,25,Engineering,Tier 2,Relative,Rejected
6.08,655,664950,1362947,East,Male,Odisha,21,Engineering,Tier 3,Parent,Approved
5.83,544,657767,785571,South,Female,Karnataka,28,Business,Tier 3,Sibling,Approved
8.43,526,598129,727787,East,Female,Odisha,18,Science,Tier 2,Relative,Approved
8.28,585,872934,1580868,North,Male,Haryana,24,Medical,Tier 1,Parent,Rejected
6.62,572,976983,930892,North,Male,Himachal Pradesh,19,Business,Tier 1,Parent,Approved
8.66,626,1205433,668189,South,Female,Kerala,27,Science,Tier 1,Parent,Approved
6.8,542,336423,1176875,East,Male,Jharkhand,22,Business,Tier 1,Parent,Rejected
5.49,556,740682,541404,South,Male,Kerala,27,Medical,Tier 3,Parent,Rejected
7.63,689,575045,1193404,South,Male,Karnataka,27,Medical,Tier 2,None,Rejected
9.11,498,761747,1034050,South,Male,Telangana,18,Medical,Tier 3,Parent,Approved
6.59,566,359059,997648,East,Female,West Bengal,27,Engineering,Tier 3,None,Rejected
5.0,550,373329,592202,West,Female,Goa,24,Science,Tier 2,Parent,Rejected
8.82,493,859049,464399,North,Female,Uttarakhand,21,Arts,Tier 2,Sibling,Rejected
7.8,530,613095,808670,South,Female,Telangana,27,Engineering,Tier 2,Parent,Approved
9.27,691,200000,479596,West,Male,Maharashtra,19,Business,Tier 2,Parent,Approved
7.41,591,856013,1191674,North,Male,Uttarakhand,21,Business,Tier 2,Parent,Approved
9.13,631,898092,1947661,North,Female,Uttarakhand,25,Medical,Tier 1,Sibling,Rejected
8.41,640,1313602,1067356,South,Male,Tamil Nadu,24,Business,Tier 1,Parent,Approved
7.7,706,789544,752322,West,Female,Maharashtra,26,Business,Tier 2,Relative,Approved
8.58,652,247118,732843,North,Male,Himachal Pradesh,26,Engineering,Tier 3,Parent,Rejected
8.64,622,369694,561243,South,Male,Andhra Pradesh,22,Science,Tier 3,None,Rejected
8.26,562,481949,835945,South,Male,Kerala,18,Business,Tier 2,Parent,Approved
8.44,483,778638,1756117,North,Male,Punjab,26,Engineering,Tier 1,None,Rejected
8.77,543,673541,2541522,East,Female,Odisha,21,Architecture,Tier 2,Parent,Approved
10.0,510,661956,743775,South,Male,Tamil Nadu,22,Engineering,Tier 2,Parent,Approved
5.0,649,410550,1130597,North,Male,Punjab,24,Engineering,Tier 2,Sibling,Rejected
6.36,536,889173,1189937,South,Male,Kerala,18,Medical,Tier 3,Parent,Rejected
9.91,505,827713,1073223,West,Male,Rajasthan,26,Business,Tier 3,Parent,Approved
7.74,538,422496,657823,East,Male,Jharkhand,28,Engineering,Tier 1,None,Approved
6.21,602,882942,2523826,West,Female,Gujarat,26,Architecture,Tier 3,Relative,Approved
7.1,530,906938,602722,South,Female,Andhra Pradesh,20,Engineering,Tier 2,Parent,Approved
8.1,547,474227,1247031,South,Male,Telangana,21,Business,Tier 2,Parent,Approved
7.32,528,542275,563705,West,Male,Maharashtra,22,Science,Tier 2,Parent,Approved
7.75,646,1011134,1155424,North,Female,Punjab,19,Business,Tier 3,Relative,Approved
9.1,602,360220,1665673,North,Female,Delhi,23,Medical,Tier 2,Parent,Approved
8.29,593,786886,856500,Central,Female,Uttar Pradesh,25,Business,Tier 2,None,Approved
9.86,509,340573,722449,Central,Male,Madhya Pradesh,27,Business,Tier 3,None,Approved
8.89,550,1305232,2039639,North,Female,Delhi,18,Architecture,Tier 2,Parent,Approved
8.61,585,1178663,736010,North,Male,Himachal Pradesh,21,Business,Tier 3,Parent,Rejected
8.03,507,777312,1014076,Central,Female,Chhattisgarh,22,Engineering,Tier 2,Relative,Approved
8.47,633,679666,1462147,North,Female,Punjab,23,Engineering,Tier 1,Parent,Approved
5.74,481,620444,1274540,North,Male,Uttarakhand,21,Business,Tier 3,Parent,Approved
8.61,647,725031,2162681,North,Male,Uttarakhand,23,Architecture,Tier 1,Relative,Rejected
7.76,635,255759,293199,East,Female,Bihar,22,Science,Tier 2,Parent,Approved
8.24,526,713596,740954,South,Male,Andhra Pradesh,20,Engineering,Tier 3,Parent,Approved
8.12,667,785031,464229,East,Male,Assam,24,Engineering,Tier 1,None,Approved
7.32,558,1121273,1150318,North,Female,Haryana,25,Law,Tier 2,None,Rejected
9.15,611,242101,806589,West,Male,Rajasthan,26,Engineering,Tier 3,None,Approved
8.94,623,574583,2097416,West,Female,Rajasthan,23,Medical,Tier 2,Parent,Approved
7.31,550,1158553,735653,West,Female,Gujarat,24,Business,Tier 2,Sibling,Rejected
8.47,571,1048598,2754208,West,Male,Rajasthan,25,Medical,Tier 2,Sibling,Approved
7.35,521,781792,236012,East,Female,Assam,20,Business,Tier 2,Parent,Approved
8.08,719,812603,853473,North,Female,Haryana,24,Science,Tier 1,Sibling,Approved
8.52,550,544105,1157279,North,Male,Uttarakhand,20,Engineering,Tier 2,Parent,Approved
7.67,577,702083,337944,West,Male,Rajasthan,27,Science,Tier 1,Parent,Approved
7.89,661,859203,1324624,South,Female,Kerala,22,Architecture,Tier 3,Parent,Approved
8.73,735,200000,720397,West,Female,Rajasthan,23,Science,Tier 1,Parent,Approved
6.28,577,980130,1447507,West,Female,Maharashtra,27,Engineering,Tier 3,Parent,Approved
8.37,628,813151,877293,East,Male,Odisha,22,Engineering,Tier 2,Sibling,Approved
7.05,442,486075,874659,West,Male,Goa,19,Engineering,Tier 2,Parent,Approved
8.55,588,522053,828052,East,Female,Assam,21,Business,Tier 2,Parent,Approved
6.63,610,698554,884838,South,Male,Andhra Pradesh,22,Science,Tier 2,Sibling,Approved
6.9,529,200000,470825,South,Female,Tamil Nadu,23,Law,Tier 2,Relative,Rejected
6.67,562,1100794,1274801,South,Female,Telangana,22,Science,Tier 1,Parent,Rejected
5.15,464,744574,871596,Central,Female,Madhya Pradesh,19,Engineering,Tier 2,Parent,Approved
5.15,496,519322,748048,South,Male,Andhra Pradesh,18,Engineering,Tier 3,Parent,Approved
7.67,515,697957,554264,East,Female,Assam,18,Science,Tier 1,Relative,Approved
8.38,483,254556,879556,North,Female,Haryana,18,Engineering,Tier 2,None,Rejected
8.35,581,1373215,1195705,West,Male,Maharashtra,18,Engineering,Tier 3,Parent,Approved
8.69,567,406098,696314,Central,Female,Uttar Pradesh,20,Engineering,Tier 2,Sibling,Approved
6.95,486,1416307,684572,South,Male,Telangana,27,Engineering,Tier 3,Parent,Approved
7.65,527,786521,447556,South,Female,Kerala,21,Medical,Tier 2,Relative,Approved
6.78,635,653418,2318317,South,Male,Tamil Nadu,26,Architecture,Tier 3,Sibling,Approved
8.5,629,387474,975811,North,Male,Himachal Pradesh,18,Medical,Tier 1,Sibling,Approved
9.06,543,367964,249335,South,Female,Kerala,19,Science,Tier 1,Relative,Approved
5.0,544,670113,600282,North,Female,Punjab,26,Business,Tier 3,Parent,Approved
7.13,593,978900,2339450,West,Male,Rajasthan,25,Architecture,Tier 3,Parent,Rejected
7.93,548,1025542,1154616,North,Female,Delhi,23,Business,Tier 2,Parent,Approved
5.82,494,846307,762621,East,Female,Assam,19,Business,Tier 2,Parent,Rejected
9.93,596,911420,693370,West,Male,Goa,20,Science,Tier 1,Parent,Approved
8.49,478,290959,823623,South,Female,Karnataka,27,Business,Tier 2,None,Rejected
7.29,582,763468,514697,South,Male,Tamil Nadu,23,Engineering,Tier 1,Parent,Approved
9.18,551,897220,542700,North,Male,Himachal Pradesh,19,Science,Tier 2,Parent,Approved
7.08,457,1231107,366247,West,Female,Rajasthan,22,Science,Tier 2,Parent,Approved
5.86,629,200000,388204,South,Male,Telangana,19,Arts,Tier 2,Parent,Approved
8.21,514,949280,838342,South,Male,Andhra Pradesh,20,Engineering,Tier 2,Parent,Approved
9.03,586,331702,608499,Central,Female,Madhya Pradesh,28,Science,Tier 1,Parent,Rejected
9.84,645,391749,1038739,North,Male,Haryana,24,Business,Tier 3,Parent,Approved
8.11,502,233903,1117161,North,Female,Uttarakhand,24,Medical,Tier 3,Parent,Rejected
5.75,500,1070613,893759,West,Male,Maharashtra,24,Arts,Tier 2,Parent,Approved
9.61,685,1352464,793223,North,Female,Himachal Pradesh,26,Business,Tier 1,Relative,Approved
9.1,602,1453377,156050,South,Female,Kerala,21,Science,Tier 1,Parent,Approved
7.25,515,842861,639821,South,Male,Kerala,27,Engineering,Tier 3,Relative,Approved
7.77,575,575596,279680,West,Female,Rajasthan,25,Business,Tier 2,Parent,Approved
7.26,527,1190187,1294234,West,Female,Rajasthan,20,Business,Tier 2,Parent,Approved
9.88,525,1016983,710674,South,Male,Tamil Nadu,18,Business,Tier 1,Relative,Approved
8.56,649,417902,508112,Central,Female,Uttar Pradesh,20,Business,Tier 1,Parent,Approved
5.24,581,640804,587413,South,Female,Tamil Nadu,27,Arts,Tier 3,Parent,Approved
9.93,714,857435,1298123,North,Male,Delhi,21,Engineering,Tier 1,Parent,Approved
7.71,673,452232,337532,South,Male,Telangana,28,Science,Tier 2,Parent,Approved
7.63,499,358858,549909,West,Female,Gujarat,20,Arts,Tier 2,None,Rejected
8.15,587,1267202,637821,South,Female,Andhra Pradesh,27,Business,Tier 3,Parent,Approved
8.3,553,1223918,595740,West,Female,Gujarat,20,Science,Tier 1,Parent,Approved
6.61,584,631096,1033412,East,Male,West Bengal,28,Engineering,Tier 3,Sibling,Rejected
9.6,599,358094,612256,West,Female,Goa,27,Medical,Tier 1,Parent,Approved
5.86,520,586881,477367,East,Female,Bihar,28,Arts,Tier 2,None,Rejected
9.49,579,937761,1115355,North,Male,Delhi,18,Engineering,Tier 1,Parent,Approved
10.0,532,1031085,487827,North,Female,Uttarakhand,22,Business,Tier 3,None,Approved
5.1,551,723079,591119,East,Male,Bihar,19,Engineering,Tier 3,Parent,Approved
7.76,598,1383075,393718,North,Male,Delhi,20,Arts,Tier 2,None,Approved
7.0,623,338577,1735312,North,Female,Uttarakhand,28,Medical,Tier 2,Parent,Approved
5.75,557,658146,864116,East,Female,Bihar,23,Business,Tier 3,Parent,Approved
6.67,591,362821,1183861,Central,Male,Uttar Pradesh,28,Medical,Tier 2,None,Rejected
5.77,541,885148,1155520,North,Female,Haryana,23,Business,Tier 2,Sibling,Rejected
8.53,668,543612,1413714,North,Female,Himachal Pradesh,20,Medical,Tier 1,Parent,Approved
6.29,651,879140,437058,South,Male,Kerala,28,Arts,Tier 3,None,Approved
8.53,631,958234,1265743,West,Male,Rajasthan,26,Business,Tier 1,Sibling,Approved
7.22,610,370884,1068546,South,Male,Karnataka,26,Engineering,Tier 1,None,Rejected
9.25,635,1364228,1237680,North,Female,Himachal Pradesh,28,Engineering,Tier 2,Relative,Approved
9.32,691,223111,434057,Central,Other,Uttar Pradesh,26,Science,Tier 2,Parent,Approved
8.13,592,473676,1639306,South,Female,Andhra Pradesh,21,Medical,Tier 1,Parent,Approved
7.5,512,504087,469750,North,Male,Haryana,22,Engineering,Tier 1,Sibling,Approved
7.95,600,244232,539925,North,Female,Haryana,21,Engineering,Tier 1,Parent,Approved
7.59,620,692514,897843,East,Male,Assam,25,Engineering,Tier 1,Sibling,Rejected
7.79,511,407891,1443142,Central,Male,Madhya Pradesh,22,Architecture,Tier 3,Parent,Rejected
6.54,591,762169,851794,South,Female,Andhra Pradesh,19,Engineering,Tier 2,Parent,Approved
8.35,608,951578,1051816,West,Male,Goa,26,Architecture,Tier 1,Parent,Approved
5.0,617,1127785,1143067,West,Male,Maharashtra,26,Business,Tier 3,None,Rejected
7.91,516,574649,253595,West,Female,Gujarat,28,Engineering,Tier 1,Parent,Approved
9.82,515,1434105,571877,North,Female,Uttarakhand,21,Arts,Tier 2,None,Rejected
7.62,635,643275,646214,North,Female,Punjab,22,Law,Tier 2,Parent,Approved
8.5,647,836378,838006,North,Female,Punjab,22,Business,Tier 2,Sibling,Approved
6.94,682,618546,497788,East,Female,Odisha,19,Arts,Tier 3,Parent,Approved
8.78,561,899320,1207540,North,Male,Uttarakhand,23,Business,Tier 1,Parent,Rejected
8.57,590,202430,360991,North,Male,Punjab,19,Science,Tier 3,Sibling,Approved
8.05,629,818088,1018556,South,Female,Andhra Pradesh,26,Engineering,Tier 2,Parent,Approved
7.48,688,938374,362847,South,Male,Tamil Nadu,25,Arts,Tier 1,Sibling,Rejected
7.73,596,544083,1555440,Central,Male,Chhattisgarh,25,Architecture,Tier 1,Parent,Approved
7.26,537,584494,787949,West,Female,Rajasthan,20,Engineering,Tier 1,Parent,Rejected
8.33,689,824201,1637556,North,Female,Haryana,27,Business,Tier 3,Parent,Approved
8.15,654,818837,644217,West,Female,Maharashtra,25,Medical,Tier 2,Parent,Approved
7.46,476,665408,730066,Central,Male,Uttar Pradesh,23,Medical,Tier 2,Parent,Rejected
8.5,601,741600,2416831,North,Male,Punjab,18,Medical,Tier 1,Parent,Rejected
8.46,641,474502,585089,East,Female,Assam,21,Arts,Tier 1,Parent,Approved
6.93,527,244277,341595,South,Female,Tamil Nadu,19,Science,Tier 2,Parent,Approved
8.16,663,382170,648227,South,Female,Karnataka,28,Arts,Tier 3,None,Rejected
5.0,496,502806,547059,South,Male,Karnataka,23,Business,Tier 3,Parent,Approved
8.97,602,1082253,695521,South,Male,Andhra Pradesh,26,Arts,Tier 2,Sibling,Approved
6.64,456,1321697,2548113,North,Female,Punjab,20,Medical,Tier 2,Relative,Rejected
6.83,534,644107,697234,Central,Female,Chhattisgarh,20,Arts,Tier 2,Parent,Rejected
5.83,534,446346,232442,South,Female,Karnataka,25,Arts,Tier 3,Relative,Approved
7.43,561,776470,1240496,North,Female,Uttarakhand,22,Business,Tier 2,Parent,Approved
6.61,572,728252,118120,South,Female,Telangana,27,Arts,Tier 1,Parent,Approved
8.82,717,339823,307140,South,Female,Telangana,26,Medical,Tier 2,Sibling,Approved
7.04,457,999376,309014,South,Male,Tamil Nadu,28,Science,Tier 2,Parent,Approved
8.7,693,1578968,1312924,South,Female,Telangana,23,Engineering,Tier 2,Sibling,Approved
9.0,485,582039,411875,West,Male,Gujarat,28,Science,Tier 1,Parent,Approved
7.97,588,719413,458777,North,Female,Uttarakhand,19,Engineering,Tier 2,Parent,Approved
9.65,580,981266,812844,North,Male,Himachal Pradesh,21,Arts,Tier 2,Sibling,Rejected
8.59,463,1044334,925626,East,Female,West Bengal,18,Engineering,Tier 1,Parent,Approved
6.47,447,672222,1782788,West,Male,Rajasthan,28,Medical,Tier 3,Sibling,Rejected
7.96,553,1231800,583821,South,Male,Karnataka,28,Business,Tier 1,Relative,Approved
10.0,642,763032,978521,West,Female,Gujarat,27,Science,Tier 2,Parent,Approved
5.3,485,288427,694674,South,Female,Kerala,22,Engineering,Tier 3,Parent,Rejected
6.68,509,1048278,2055372,East,Male,Jharkhand,26,Medical,Tier 2,None,Rejected
7.24,673,658732,717043,Central,Female,Uttar Pradesh,20,Engineering,Tier 2,Parent,Approved
9.19,590,661308,1704741,Central,Male,Madhya Pradesh,20,Engineering,Tier 2,Parent,Rejected
7.35,461,866840,765569,West,Female,Gujarat,26,Business,Tier 2,Parent,Approved
7.67,458,828605,233561,West,Female,Goa,20,Science,Tier 1,None,Approved
6.55,612,200000,241917,South,Male,Tamil Nadu,28,Science,Tier 3,None,Rejected
6.83,463,753206,1464393,East,Female,Bihar,19,Medical,Tier 2,Sibling,Rejected
5.0,527,1173774,990355,North,Male,Himachal Pradesh,26,Medical,Tier 2,Parent,Rejected
9.29,650,860418,937257,West,Male,Rajasthan,24,Law,Tier 2,Parent,Approved
7.73,414,571506,288250,North,Male,Punjab,21,Science,Tier 1,Parent,Approved
9.02,558,897779,571254,North,Male,Haryana,23,Business,Tier 1,Parent,Approved
5.86,599,507422,1624628,South,Female,Tamil Nadu,22,Architecture,Tier 2,Parent,Rejected
8.91,647,529012,1003844,West,Female,Goa,25,Engineering,Tier 1,Sibling,Approved
8.98,636,994585,1824560,East,Female,Assam,23,Business,Tier 2,Sibling,Approved
7.41,498,835552,1217198,South,Male,Tamil Nadu,18,Business,Tier 2,Parent,Rejected
9.35,633,1041093,1491677,West,Male,Rajasthan,19,Engineering,Tier 1,None,Approved
7.56,535,436585,333924,East,Male,Bihar,27,Business,Tier 2,Parent,Approved
7.64,567,371645,808998,South,Male,Karnataka,18,Engineering,Tier 3,Parent,Approved
6.53,549,1067448,2189798,North,Female,Uttarakhand,18,Medical,Tier 2,Relative,Rejected
9.94,609,885370,650046,North,Female,Uttarakhand,26,Engineering,Tier 1,Parent,Approved
6.22,440,953271,1150461,North,Male,Himachal Pradesh,22,Architecture,Tier 3,Parent,Rejected
6.43,495,737851,985326,West,Female,Maharashtra,23,Law,Tier 3,Sibling,Rejected
6.59,549,874817,621428,Central,Female,Chhattisgarh,19,Business,Tier 2,Parent,Rejected
8.46,517,1142174,2991220,West,Female,Gujarat,18,Medical,Tier 1,Parent,Approved
7.89,529,607268,515387,West,Male,Maharashtra,28,Engineering,Tier 2,Parent,Approved
7.43,612,418556,520494,South,Female,Karnataka,22,Law,Tier 3,Parent,Rejected
6.38,480,343878,589983,East,Female,Jharkhand,26,Engineering,Tier 2,Parent,Rejected
7.96,683,506070,177870,South,Male,Tamil Nadu,20,Arts,Tier 1,None,Approved
10.0,546,1028343,945109,South,Male,Andhra Pradesh,24,Engineering,Tier 3,Sibling,Approved
7.76,532,725729,1999169,West,Male,Rajasthan,20,Architecture,Tier 2,None,Approved
9.13,543,611697,469248,East,Male,Jharkhand,18,Engineering,Tier 2,Sibling,Approved
7.95,526,1435939,746077,North,Female,Haryana,23,Business,Tier 2,Parent,Approved
8.81,641,1026814,941728,North,Male,Uttarakhand,27,Law,Tier 2,Relative,Approved
9.25,619,623567,2255075,West,Female,Goa,27,Architecture,Tier 1,Sibling,Approved
7.57,496,354161,180723,Central,Male,Uttar Pradesh,20,Arts,Tier 2,Sibling,Rejected
8.06,576,774472,550574,North,Male,Punjab,18,Arts,Tier 2,Parent,Approved
8.04,670,730630,958291,West,Male,Gujarat,20,Medical,Tier 2,Sibling,Approved
6.23,517,875978,1020905,North,Female,Punjab,24,Engineering,Tier 3,Parent,Rejected
5.86,637,1441017,1656980,West,Male,Maharashtra,27,Business,Tier 2,Parent,Rejected
9.39,575,342877,503061,North,Female,Punjab,21,Science,Tier 2,Parent,Approved
7.87,601,692009,1237028,North,Female,Punjab,24,Medical,Tier 1,Parent,Approved
9.0,645,659907,369265,South,Female,Andhra Pradesh,22,Business,Tier 1,Parent,Approved
7.18,514,865211,520393,North,Male,Uttarakhand,26,Science,Tier 3,Sibling,Approved
7.32,641,444346,240545,East,Female,Odisha,19,Science,Tier 1,Parent,Approved
7.67,526,342116,162323,North,Male,Haryana,22,Science,Tier 3,Sibling,Approved
7.95,699,482556,482941,North,Male,Uttarakhand,27,Business,Tier 1,Parent,Approved
5.0,618,1281420,1659396,North,Female,Uttarakhand,26,Medical,Tier 3,Relative,Approved
5.17,466,311951,1281140,East,Male,Odisha,22,Engineering,Tier 3,Parent,Rejected
5.59,412,854047,1130049,North,Female,Punjab,27,Engineering,Tier 3,Parent,Approved
8.59,685,1064846,462647,South,Female,Telangana,25,Arts,Tier 3,Parent,Approved
5.16,462,700659,490088,East,Male,Bihar,20,Engineering,Tier 3,Parent,Approved
5.91,594,1203831,975026,North,Female,Punjab,18,Arts,Tier 2,Parent,Approved
9.72,586,710943,1564613,West,Male,Maharashtra,23,Medical,Tier 2,Parent,Approved
10.0,563,647113,719526,East,Male,Odisha,23,Business,Tier 2,Sibling,Approved
7.87,677,679639,769836,East,Female,Odisha,26,Science,Tier 2,Sibling,Approved
6.3,527,621023,1661834,South,Female,Tamil Nadu,18,Medical,Tier 3,Parent,Rejected
5.0,562,704795,649373,West,Female,Goa,24,Law,Tier 3,Sibling,Rejected
6.07,589,1433755,621048,North,Female,Delhi,23,Science,Tier 3,Relative,Approved
8.53,689,200000,1407673,North,Male,Haryana,21,Engineering,Tier 2,Parent,Approved
8.58,611,269273,465115,North,Male,Haryana,22,Arts,Tier 1,Parent,Approved
5.79,627,917741,100000,South,Female,Andhra Pradesh,27,Arts,Tier 1,None,Rejected
9.74,652,659796,1112869,South,Male,Andhra Pradesh,27,Engineering,Tier 1,Parent,Approved
6.03,491,527748,1229980,Central,Male,Chhattisgarh,18,Medical,Tier 2,Parent,Rejected
8.81,568,1182771,724348,South,Female,Karnataka,18,Science,Tier 2,Parent,Approved
9.21,747,974343,993957,West,Male,Rajasthan,24,Engineering,Tier 1,Parent,Approved
7.91,662,783275,1169362,East,Male,Odisha,25,Science,Tier 2,Relative,Approved
9.69,673,659530,453732,North,Female,Haryana,21,Arts,Tier 1,None,Approved
8.46,574,755634,894966,North,Female,Punjab,28,Arts,Tier 3,Relative,Approved
6.63,501,354616,648825,South,Female,Andhra Pradesh,24,Engineering,Tier 3,Parent,Approved
8.59,619,892047,1781598,South,Male,Karnataka,20,Architecture,Tier 2,Parent,Approved
8.21,607,611006,720614,Central,Female,Uttar Pradesh,22,Arts,Tier 3,Relative,Approved
7.76,595,1130117,1266331,North,Female,Uttarakhand,27,Science,Tier 3,Parent,Approved
7.74,542,817459,365758,Central,Male,Chhattisgarh,21,Business,Tier 2,Parent,Approved
10.0,639,1210934,1120303,North,Female,Himachal Pradesh,26,Business,Tier 1,Relative,Approved
8.41,529,846558,972937,Central,Female,Madhya Pradesh,27,Engineering,Tier 2,Parent,Rejected
9.95,561,579639,625980,West,Male,Rajasthan,26,Medical,Tier 3,Parent,Approved
8.2,567,817011,283273,West,Male,Maharashtra,20,Science,Tier 2,Relative,Rejected
5.9,572,1023746,903394,South,Male,Tamil Nadu,22,Engineering,Tier 3,Parent,Approved
7.79,570,200000,688994,North,Female,Haryana,25,Engineering,Tier 3,None,Rejected
9.32,561,686085,878946,North,Male,Uttarakhand,26,Science,Tier 1,Relative,Approved
9.47,590,358727,846921,South,Male,Tamil Nadu,25,Engineering,Tier 1,None,Approved
5.61,355,1137217,637676,South,Female,Andhra Pradesh,18,Engineering,Tier 3,Parent,Rejected
7.95,669,361181,796871,East,Male,Bihar,28,Arts,Tier 2,Relative,Approved
9.7,739,576525,577749,East,Male,Assam,22,Arts,Tier 1,Parent,Approved
6.13,675,347002,541757,North,Female,Delhi,19,Science,Tier 3,Parent,Approved
7.81,671,912612,629094,West,Male,Rajasthan,27,Science,Tier 2,Parent,Approved
7.44,521,546088,1189034,South,Female,Karnataka,28,Engineering,Tier 2,Parent,Rejected
7.34,540,1189374,615342,North,Female,Punjab,26,Arts,Tier 3,Parent,Approved
6.53,647,1261280,1544180,West,Female,Goa,24,Business,Tier 2,Relative,Approved
9.57,481,1052311,481275,West,Male,Goa,25,Science,Tier 2,Parent,Approved
9.32,484,1349413,2196849,West,Male,Maharashtra,18,Medical,Tier 1,Parent,Rejected
9.39,610,648686,1448692,South,Male,Karnataka,25,Engineering,Tier 1,None,Rejected
7.02,438,598816,1300044,South,Male,Karnataka,23,Medical,Tier 3,Parent,Rejected
8.8,565,664665,934562,South,Male,Tamil Nadu,27,Engineering,Tier 1,Parent,Approved
7.6,625,734601,927354,North,Female,Himachal Pradesh,21,Engineering,Tier 2,Parent,Approved
9.06,562,1124978,551117,North,Female,Punjab,24,Science,Tier 1,Parent,Approved
9.12,572,445994,348091,North,Female,Punjab,27,Business,Tier 2,Parent,Approved
7.46,581,663175,849372,Central,Female,Madhya Pradesh,28,Business,Tier 2,Parent,Approved
8.07,631,428958,686649,South,Female,Telangana,21,Business,Tier 2,Parent,Approved
6.36,493,836774,1386275,West,Male,Goa,28,Medical,Tier 2,None,Rejected
9.48,665,644923,501942,East,Male,Assam,27,Arts,Tier 1,Parent,Approved
6.88,585,1133834,1337094,South,Female,Telangana,19,Engineering,Tier 3,Parent,Approved
6.33,713,707823,2583200,North,Male,Himachal Pradesh,19,Architecture,Tier 2,Parent,Approved
8.44,621,676549,479608,South,Female,Andhra Pradesh,24,Engineering,Tier 2,Parent,Approved
9.79,595,311238,872749,East,Male,West Bengal,27,Business,Tier 1,Parent,Approved
7.53,657,468220,936964,North,Male,Delhi,22,Engineering,Tier 2,Sibling,Approved
6.7,505,733575,986911,East,Female,Jharkhand,21,Medical,Tier 2,Parent,Approved
7.7,630,516829,718368,East,Female,Assam,22,Engineering,Tier 2,Sibling,Approved
7.95,582,416256,689453,East,Male,West Bengal,18,Engineering,Tier 2,Parent,Approved
8.3,559,875118,935601,North,Male,Delhi,22,Engineering,Tier 1,Relative,Approved
5.7,468,596858,632142,East,Male,Assam,21,Engineering,Tier 3,Relative,Rejected
7.49,536,200000,550753,East,Male,Jharkhand,18,Science,Tier 1,Parent,Approved
7.86,465,200000,1069747,South,Male,Tamil Nadu,19,Business,Tier 2,Parent,Approved
8.51,610,1720250,1638504,West,Male,Maharashtra,26,Business,Tier 3,Parent,Approved
8.19,583,913481,1547846,South,Male,Karnataka,27,Business,Tier 2,Parent,Approved
5.3,558,667646,704323,North,Male,Himachal Pradesh,18,Engineering,Tier 2,Parent,Approved
7.77,585,200514,530318,East,Female,Assam,20,Science,Tier 2,Parent,Approved
8.8,670,712638,483729,East,Female,West Bengal,28,Science,Tier 1,Relative,Approved
10.0,578,1010522,655842,West,Male,Maharashtra,24,Business,Tier 2,Relative,Approved
8.57,538,601656,737807,East,Female,Bihar,25,Business,Tier 1,Sibling,Rejected
8.67,613,1653763,1424028,North,Female,Haryana,24,Engineering,Tier 1,Parent,Approved
8.42,554,642082,921318,West,Male,Rajasthan,18,Engineering,Tier 2,Parent,Rejected
8.9,601,1068773,1140213,South,Female,Tamil Nadu,28,Law,Tier 2,Sibling,Approved
6.99,632,855871,2189227,North,Female,Haryana,19,Medical,Tier 2,Parent,Approved
7.61,552,384677,742283,East,Female,Bihar,20,Business,Tier 3,Parent,Approved
7.5,541,898775,618970,North,Male,Punjab,25,Arts,Tier 1,None,Rejected
5.0,517,450315,1342220,East,Male,Odisha,26,Medical,Tier 2,Parent,Rejected
8.34,599,1446186,2311672,North,Female,Punjab,25,Medical,Tier 1,Parent,Approved
7.42,435,619006,950708,Central,Male,Chhattisgarh,27,Science,Tier 1,Parent,Approved
6.36,534,563184,524691,South,Male,Tamil Nadu,23,Law,Tier 2,Parent,Approved
6.98,543,1310537,1258956,North,Female,Punjab,20,Engineering,Tier 3,Relative,Approved
5.42,533,1018031,792593,West,Male,Rajasthan,27,Law,Tier 3,Parent,Approved
5.18,624,237631,279437,East,Female,Assam,27,Arts,Tier 2,Parent,Approved
6.84,491,943647,1368184,North,Male,Haryana,20,Engineering,Tier 2,Parent,Rejected
8.58,544,1263227,1852621,West,Male,Goa,22,Business,Tier 1,Parent,Approved
9.66,629,667475,408308,North,Female,Uttarakhand,28,Engineering,Tier 1,None,Approved
6.27,591,631267,734502,East,Male,Assam,28,Engineering,Tier 2,None,Approved
5.24,564,1319034,1112213,West,Male,Gujarat,21,Engineering,Tier 3,None,Approved
7.41,411,809503,666047,Central,Male,Chhattisgarh,24,Engineering,Tier 2,Parent,Approved
8.12,529,568396,1090077,South,Male,Telangana,20,Business,Tier 2,Parent,Approved
8.19,574,554864,981495,East,Male,West Bengal,22,Architecture,Tier 2,Parent,Approved
7.35,452,776374,1342496,West,Female,Maharashtra,26,Engineering,Tier 2,Parent,Rejected
9.51,645,200000,480911,South,Male,Andhra Pradesh,19,Arts,Tier 2,Parent,Approved
8.8,654,434963,237851,Central,Male,Uttar Pradesh,23,Arts,Tier 2,None,Approved
7.71,614,420829,1278779,Central,Male,Madhya Pradesh,26,Medical,Tier 2,None,Approved
7.89,592,727587,472539,North,Female,Delhi,24,Arts,Tier 2,None,Approved
5.0,527,614215,749590,South,Male,Karnataka,18,Engineering,Tier 3,Sibling,Approved
7.68,530,1492503,1376927,South,Male,Kerala,24,Engineering,Tier 1,Parent,Approved
7.32,478,878073,1552478,Central,Female,Chhattisgarh,24,Medical,Tier 2,Parent,Rejected
8.82,660,1108301,3000000,West,Male,Rajasthan,26,Medical,Tier 2,None,Rejected
5.11,422,873712,2038309,West,Female,Gujarat,25,Medical,Tier 2,Parent,Rejected
9.96,590,748247,392124,South,Female,Kerala,23,Engineering,Tier 1,Sibling,Approved
8.79,584,1044405,100000,North,Female,Delhi,27,Science,Tier 2,Parent,Approved
6.71,621,809669,405832,South,Female,Tamil Nadu,24,Law,Tier 2,Relative,Rejected
7.08,422,292912,571186,East,Female,West Bengal,25,Engineering,Tier 3,Sibling,Rejected
8.5,692,856036,917876,South,Male,Tamil Nadu,28,Business,Tier 1,Parent,Approved
8.53,633,638852,705797,West,Female,Goa,25,Science,Tier 2,Sibling,Approved
7.65,632,805228,943510,West,Male,Gujarat,27,Business,Tier 1,Relative,Approved
7.52,680,677521,307579,East,Male,West Bengal,24,Arts,Tier 3,Parent,Approved
9.42,595,350642,852237,North,Female,Himachal Pradesh,24,Business,Tier 1,Parent,Approved
5.87,566,576958,564774,East,Female,West Bengal,25,Science,Tier 2,Parent,Rejected
8.19,544,801517,736981,South,Male,Tamil Nadu,26,Science,Tier 1,None,Approved
8.03,660,611065,501884,South,Female,Andhra Pradesh,26,Business,Tier 1,Sibling,Approved
6.55,552,718732,712225,South,Female,Karnataka,26,Business,Tier 1,Parent,Approved
8.28,528,446703,553067,Central,Female,Chhattisgarh,24,Law,Tier 2,Parent,Approved
7.24,483,843858,1149236,South,Male,Telangana,23,Science,Tier 2,Parent,Rejected
7.52,557,838270,991424,West,Female,Gujarat,26,Medical,Tier 1,Parent,Approved
6.27,677,738472,1177551,North,Female,Haryana,26,Engineering,Tier 2,Parent,Approved
8.7,714,1148218,1234481,West,Male,Goa,19,Engineering,Tier 3,Parent,Approved
8.81,598,200000,882704,South,Female,Karnataka,20,Business,Tier 2,Parent,Rejected
7.3,488,200000,713060,South,Female,Tamil Nadu,20,Science,Tier 1,None,Approved
8.59,634,559412,612030,East,Male,Odisha,18,Science,Tier 2,Parent,Approved
7.58,471,1055010,403838,North,Male,Uttarakhand,18,Science,Tier 1,Parent,Approved
7.81,470,1530740,460522,South,Male,Andhra Pradesh,21,Business,Tier 1,None,Approved
8.46,641,463985,982940,East,Male,Bihar,25,Business,Tier 3,Parent,Rejected
6.49,627,818520,951103,North,Male,Haryana,23,Engineering,Tier 2,Parent,Rejected
5.2,616,202125,1243124,East,Male,Bihar,20,Engineering,Tier 2,Parent,Approved
9.0,597,406155,576068,Central,Male,Uttar Pradesh,21,Engineering,Tier 3,Parent,Approved
7.18,625,200000,283413,South,Male,Tamil Nadu,27,Science,Tier 3,Parent,Approved
6.25,429,865461,500793,South,Male,Tamil Nadu,21,Arts,Tier 2,Sibling,Approved
5.17,561,1052537,336171,South,Female,Kerala,20,Law,Tier 3,Parent,Approved
7.72,621,725524,968346,North,Male,Haryana,22,Business,Tier 1,Parent,Approved
6.48,444,1388620,602471,North,Other,Punjab,19,Engineering,Tier 2,Parent,Rejected
7.94,464,435007,474401,West,Male,Goa,27,Science,Tier 1,None,Rejected
6.48,565,1193304,2362229,South,Male,Andhra Pradesh,26,Medical,Tier 2,Sibling,Rejected
8.6,634,882674,1129039,South,Female,Tamil Nadu,20,Engineering,Tier 2,Parent,Approved
7.81,574,705337,1191815,West,Male,Goa,21,Engineering,Tier 2,Parent,Rejected
8.75,432,266495,1248465,West,Female,Maharashtra,25,Medical,Tier 1,Sibling,Approved
7.7,671,685322,780894,South,Male,Tamil Nadu,22,Engineering,Tier 3,Parent,Approved
7.26,507,754204,302877,North,Female,Punjab,24,Engineering,Tier 1,Relative,Approved
6.29,343,400112,435648,South,Female,Andhra Pradesh,18,Science,Tier 2,Parent,Approved
6.66,550,339982,365268,North,Male,Haryana,25,Science,Tier 2,Sibling,Approved
8.02,451,736425,1185436,South,Male,Tamil Nadu,18,Business,Tier 1,Parent,Approved
7.82,501,200000,422798,South,Male,Andhra Pradesh,18,Business,Tier 1,Parent,Rejected
6.89,487,692540,1406064,North,Female,Uttarakhand,28,Medical,Tier 3,Parent,Approved
8.82,593,302367,1267859,West,Male,Goa,22,Business,Tier 1,Parent,Rejected
9.09,566,776217,1741284,Central,Male,Madhya Pradesh,28,Medical,Tier 1,Parent,Approved
5.66,563,467912,752585,West,Female,Gujarat,22,Medical,Tier 3,Parent,Approved
7.7,487,609860,619956,North,Male,Punjab,22,Engineering,Tier 2,Relative,Rejected
10.0,620,1006780,2186533,West,Female,Gujarat,24,Medical,Tier 3,Parent,Rejected
6.27,534,791453,224795,North,Female,Haryana,26,Arts,Tier 3,None,Approved
7.85,710,606707,1525905,East,Male,West Bengal,20,Medical,Tier 2,Sibling,Approved
7.82,603,624510,461479,South,Female,Tamil Nadu,19,Arts,Tier 3,Parent,Approved
6.44,625,725854,252364,West,Female,Goa,21,Science,Tier 2,Relative,Rejected
9.11,551,995399,935625,North,Female,Himachal Pradesh,19,Science,Tier 2,Sibling,Rejected
9.68,595,200000,442561,South,Male,Karnataka,18,Science,Tier 3,Parent,Approved
8.08,635,200000,633627,South,Male,Andhra Pradesh,19,Business,Tier 3,Parent,Approved
8.44,611,451958,1527630,North,Male,Uttarakhand,18,Architecture,Tier 1,Parent,Rejected
6.77,536,200000,1330004,West,Female,Gujarat,28,Architecture,Tier 2,None,Rejected
5.97,397,828490,100000,North,Female,Punjab,28,Arts,Tier 3,Sibling,Rejected
8.63,596,200000,572735,Central,Male,Madhya Pradesh,26,Arts,Tier 1,Sibling,Rejected
8.39,610,243416,738969,South,Female,Kerala,18,Law,Tier 1,Parent,Approved
8.63,589,324050,620974,South,Male,Kerala,27,Engineering,Tier 1,None,Rejected
7.85,509,1244224,901606,West,Male,Rajasthan,20,Engineering,Tier 2,Parent,Approved
5.0,586,908140,1497739,West,Female,Maharashtra,28,Medical,Tier 3,Parent,Rejected
7.97,614,787123,1161080,West,Female,Goa,27,Engineering,Tier 1,Relative,Approved
8.68,742,985804,1114774,North,Male,Delhi,27,Business,Tier 1,None,Approved
7.23,504,657920,616337,East,Female,Assam,24,Engineering,Tier 1,Parent,Approved
7.98,615,429808,1598167,East,Female,Bihar,25,Medical,Tier 2,None,Approved
9.22,606,733618,1911340,South,Male,Telangana,18,Architecture,Tier 1,Sibling,Approved
7.26,562,659554,903903,West,Male,Goa,27,Business,Tier 3,Relative,Approved
8.03,601,1312982,2620905,West,Male,Gujarat,28,Medical,Tier 1,Relative,Approved
9.22,686,583165,635042,West,Female,Maharashtra,20,Arts,Tier 2,None,Approved
8.11,635,1305626,1515357,North,Female,Uttarakhand,25,Law,Tier 3,Sibling,Approved
9.76,540,1153528,1673474,West,Female,Goa,18,Engineering,Tier 1,Parent,Approved
8.36,539,866906,1415174,North,Female,Punjab,24,Medical,Tier 2,Parent,Approved
6.08,618,439707,1182382,South,Female,Tamil Nadu,20,Architecture,Tier 3,None,Rejected
5.58,485,1046025,1515636,West,Female,Maharashtra,19,Engineering,Tier 2,Relative,Approved
7.55,584,707158,809117,North,Female,Himachal Pradesh,19,Business,Tier 2,Parent,Approved
8.58,593,573805,1398343,Central,Male,Uttar Pradesh,21,Medical,Tier 1,Sibling,Rejected
9.05,579,562677,1510376,Central,Male,Chhattisgarh,19,Medical,Tier 1,Parent,Approved
7.58,464,323001,819748,Central,Male,Chhattisgarh,19,Engineering,Tier 2,Parent,Approved
7.98,597,200000,827981,East,Female,Odisha,23,Business,Tier 1,Parent,Rejected
9.44,692,746895,1222366,South,Male,Kerala,20,Engineering,Tier 1,Parent,Approved
8.95,672,303098,457761,East,Male,West Bengal,24,Business,Tier 3,Parent,Approved
8.16,652,938553,1194709,West,Male,Rajasthan,28,Science,Tier 2,Parent,Rejected
8.98,678,543930,1382721,West,Female,Rajasthan,22,Medical,Tier 1,Parent,Approved
6.77,595,689460,1329707,North,Female,Haryana,27,Law,Tier 2,Parent,Approved
5.92,487,329553,331207,South,Female,Telangana,25,Engineering,Tier 3,Sibling,Rejected
8.99,567,541534,957261,North,Male,Haryana,28,Business,Tier 3,Parent,Approved
7.66,587,921044,1010585,North,Male,Punjab,26,Medical,Tier 2,Sibling,Approved
5.41,673,1126286,666604,South,Female,Telangana,22,Engineering,Tier 2,Parent,Approved
7.8,734,937086,1287160,West,Female,Rajasthan,23,Law,Tier 3,Parent,Approved
6.42,628,654322,847984,West,Male,Rajasthan,27,Science,Tier 2,Parent,Approved
8.93,634,622908,206274,East,Female,Assam,24,Engineering,Tier 2,Parent,Approved
7.5,608,758154,668551,North,Female,Uttarakhand,20,Engineering,Tier 2,Parent,Approved
7.96,536,669637,1907160,North,Male,Uttarakhand,23,Architecture,Tier 1,Parent,Approved
7.21,541,837923,485819,South,Female,Tamil Nadu,22,Science,Tier 2,Parent,Approved
9.96,709,1194334,803226,West,Female,Maharashtra,20,Engineering,Tier 1,Sibling,Approved
7.17,455,243384,736958,Central,Male,Chhattisgarh,26,Business,Tier 3,Parent,Approved
8.48,561,420678,295779,East,Male,Assam,26,Arts,Tier 2,Parent,Approved
8.25,599,1541899,100000,North,Female,Himachal Pradesh,21,Engineering,Tier 1,Parent,Approved
10.0,589,663222,1013385,North,Male,Haryana,26,Law,Tier 1,Sibling,Approved
10.0,573,921977,1125277,South,Female,Telangana,25,Law,Tier 3,Parent,Rejected
9.96,683,513075,1858036,East,Male,Odisha,28,Medical,Tier 3,Sibling,Approved
8.7,569,1177092,731645,West,Male,Gujarat,19,Science,Tier 1,None,Approved
6.8,637,727261,807040,East,Female,Bihar,18,Arts,Tier 2,Sibling,Approved
10.0,584,951939,1878525,West,Male,Gujarat,26,Engineering,Tier 1,Parent,Approved
6.77,521,209691,938609,South,Male,Andhra Pradesh,20,Law,Tier 2,Parent,Approved
7.53,617,957807,687467,East,Female,Assam,22,Science,Tier 2,Parent,Approved
8.6,608,763327,596102,South,Male,Andhra Pradesh,27,Science,Tier 2,Relative,Approved
5.16,618,934301,1498101,West,Male,Maharashtra,28,Engineering,Tier 3,Parent,Approved
9.9,502,839231,995133,West,Male,Maharashtra,23,Law,Tier 1,Parent,Approved
5.0,533,830263,1224507,East,Female,Jharkhand,28,Business,Tier 3,Sibling,Approved
7.37,568,869456,2461813,South,Male,Tamil Nadu,28,Medical,Tier 1,Sibling,Rejected
10.0,636,913467,1051707,North,Male,Punjab,24,Engineering,Tier 1,Relative,Rejected
8.23,576,848175,951200,South,Female,Kerala,25,Engineering,Tier 2,Parent,Approved
7.46,546,837564,1107407,North,Female,Delhi,23,Engineering,Tier 3,Parent,Rejected
7.87,576,501901,606824,West,Female,Maharashtra,26,Business,Tier 1,Relative,Approved
7.04,511,819674,2218683,West,Male,Goa,18,Medical,Tier 3,None,Rejected
6.79,636,1067792,2699050,South,Male,Tamil Nadu,19,Medical,Tier 2,Parent,Rejected
7.03,645,690703,882186,North,Female,Haryana,20,Business,Tier 1,Parent,Approved
6.91,575,643097,755257,East,Female,Assam,19,Arts,Tier 3,Sibling,Approved
6.35,514,329204,263760,East,Female,Odisha,18,Business,Tier 3,Parent,Rejected
5.0,461,589245,619684,North,Female,Uttarakhand,21,Arts,Tier 3,Parent,Rejected
6.99,452,1097556,923546,West,Male,Goa,25,Engineering,Tier 1,Parent,Approved
5.87,529,772900,695236,West,Male,Rajasthan,23,Engineering,Tier 2,Parent,Rejected
6.66,600,860331,989034,North,Female,Himachal Pradesh,18,Science,Tier 2,Parent,Approved
7.99,591,823345,585410,North,Male,Himachal Pradesh,25,Engineering,Tier 2,Parent,Approved
7.62,516,760156,344051,North,Female,Haryana,28,Arts,Tier 3,None,Rejected
6.99,638,348009,1017916,Central,Male,Chhattisgarh,21,Business,Tier 1,Parent,Approved
6.73,561,1123321,2183674,West,Female,Goa,18,Medical,Tier 3,Parent,Rejected
6.06,481,716912,1217157,West,Female,Goa,24,Engineering,Tier 3,Sibling,Rejected
5.23,509,892812,1267478,South,Male,Karnataka,25,Business,Tier 3,Sibling,Rejected
7.48,589,1057002,757125,West,Male,Gujarat,19,Business,Tier 3,Parent,Approved
7.49,530,931283,2040887,West,Male,Maharashtra,23,Engineering,Tier 1,None,Rejected
7.09,600,1104507,1075048,East,Male,Odisha,25,Business,Tier 1,Parent,Approved
7.76,586,1015087,1499776,South,Male,Kerala,21,Engineering,Tier 3,Parent,Approved
8.29,629,969552,1001098,South,Male,Tamil Nadu,27,Law,Tier 2,Parent,Approved
5.76,556,1027832,886703,West,Female,Maharashtra,19,Science,Tier 3,Parent,Approved
6.24,463,770769,1196640,North,Female,Haryana,20,Engineering,Tier 1,Parent,Approved
9.18,664,1085167,158101,South,Male,Kerala,25,Science,Tier 1,Parent,Approved
8.64,719,969903,2599507,South,Male,Karnataka,22,Architecture,Tier 2,Sibling,Rejected
5.42,621,920428,2120938,West,Female,Maharashtra,22,Medical,Tier 1,None,Rejected
6.26,410,913354,1304062,West,Female,Rajasthan,24,Engineering,Tier 2,Parent,Rejected
8.76,549,740387,2498399,East,Male,Bihar,24,Medical,Tier 2,Parent,Approved
7.62,502,439419,946368,North,Female,Himachal Pradesh,20,Medical,Tier 1,Parent,Approved
6.23,559,594262,549168,South,Male,Andhra Pradesh,19,Science,Tier 3,Parent,Approved
7.8,507,651214,470821,East,Female,Odisha,18,Science,Tier 1,Parent,Approved
7.35,558,289498,864419,East,Male,Jharkhand,18,Engineering,Tier 3,Parent,Rejected
8.85,498,540843,545854,South,Female,Telangana,28,Arts,Tier 1,Sibling,Approved
8.72,536,793264,879404,North,Male,Haryana,19,Engineering,Tier 2,Parent,Approved
7.07,702,200000,676659,East,Female,Assam,20,Engineering,Tier 2,Sibling,Rejected
7.56,449,408719,2012066,West,Female,Rajasthan,18,Medical,Tier 3,Sibling,Approved
6.0,546,200000,158695,South,Male,Telangana,26,Engineering,Tier 2,Relative,Rejected
7.82,567,386630,494955,North,Female,Punjab,27,Engineering,Tier 2,Parent,Approved
7.82,697,1180249,774312,South,Female,Andhra Pradesh,27,Engineering,Tier 1,None,Rejected
7.24,565,1059761,833702,West,Male,Maharashtra,24,Business,Tier 2,Parent,Approved
9.81,662,372828,512298,East,Male,Bihar,19,Business,Tier 1,Parent,Approved
6.44,655,312470,353549,North,Male,Delhi,22,Arts,Tier 3,Sibling,Rejected
7.81,636,353323,352824,North,Female,Himachal Pradesh,27,Arts,Tier 1,Parent,Approved
7.8,492,266236,1032527,East,Male,Assam,27,Engineering,Tier 1,Relative,Approved
6.3,513,804383,1108879,North,Male,Himachal Pradesh,24,Science,Tier 1,Sibling,Rejected
7.35,533,786831,801139,North,Female,Punjab,22,Business,Tier 1,Parent,Approved
7.39,436,200000,394490,Central,Male,Uttar Pradesh,20,Science,Tier 2,Parent,Approved
6.39,572,910575,2182541,North,Male,Delhi,23,Medical,Tier 2,Parent,Approved
5.0,580,476174,760472,East,Male,Assam,22,Engineering,Tier 3,Parent,Approved
8.54,636,457162,768823,West,Female,Maharashtra,24,Engineering,Tier 1,Parent,Approved
7.3,590,441552,388613,East,Male,Odisha,18,Law,Tier 2,Parent,Approved
8.88,434,540677,653713,South,Female,Kerala,22,Engineering,Tier 3,Parent,Approved
8.42,508,888153,651898,North,Male,Uttarakhand,21,Medical,Tier 3,Parent,Approved
8.61,581,279279,1362667,North,Male,Punjab,25,Law,Tier 1,Parent,Rejected
9.83,564,816636,868247,North,Male,Punjab,26,Business,Tier 2,Parent,Approved
10.0,695,515108,713341,West,Female,Maharashtra,28,Business,Tier 3,Sibling,Approved
6.05,566,1008715,100000,East,Female,Odisha,28,Science,Tier 2,Parent,Rejected
8.74,551,595205,480788,East,Other,Assam,23,Arts,Tier 3,Parent,Approved
8.61,682,814004,2961407,West,Female,Goa,28,Medical,Tier 1,Sibling,Approved
7.66,583,631837,361975,West,Female,Rajasthan,26,Science,Tier 2,Parent,Approved
7.68,585,1004954,1030888,West,Female,Rajasthan,25,Engineering,Tier 3,Sibling,Rejected
8.86,693,679018,438688,Central,Female,Madhya Pradesh,26,Science,Tier 2,Parent,Approved
8.23,577,536531,887305,West,Male,Goa,18,Engineering,Tier 3,Parent,Approved
9.45,653,200000,447375,South,Female,Karnataka,27,Arts,Tier 2,None,Rejected
6.97,518,1338932,2035113,South,Male,Andhra Pradesh,24,Business,Tier 3,Parent,Approved
6.95,618,597922,536625,North,Male,Himachal Pradesh,19,Engineering,Tier 2,Parent,Approved
8.48,529,1060046,1158041,North,Female,Delhi,23,Law,Tier 1,Parent,Approved
8.28,660,683922,953975,East,Male,Jharkhand,26,Business,Tier 3,Parent,Approved
7.62,576,830733,877270,South,Female,Karnataka,28,Engineering,Tier 2,Sibling,Approved
9.06,592,1150578,1152280,North,Female,Himachal Pradesh,23,Business,Tier 1,Relative,Approved
8.93,472,603630,591711,West,Male,Goa,20,Arts,Tier 1,Relative,Approved
5.59,558,546740,851591,South,Male,Kerala,25,Business,Tier 3,Relative,Approved
7.94,705,1234281,2106292,North,Female,Uttarakhand,18,Medical,Tier 1,Parent,Approved
6.38,488,760005,480024,West,Female,Maharashtra,19,Arts,Tier 3,None,Rejected
5.44,595,419218,1693280,West,Male,Maharashtra,23,Medical,Tier 2,Parent,Rejected
8.27,645,733964,1965603,East,Female,Jharkhand,24,Medical,Tier 3,Parent,Approved
8.89,581,836813,1923733,South,Female,Kerala,18,Medical,Tier 3,Parent,Approved
6.93,625,601618,373731,South,Female,Telangana,21,Arts,Tier 3,Parent,Rejected
8.3,615,364003,1231546,Central,Male,Uttar Pradesh,19,Architecture,Tier 2,Parent,Approved
6.8,594,1038397,3000000,North,Male,Uttarakhand,18,Medical,Tier 2,Parent,Approved
9.16,503,588274,1398963,West,Male,Goa,18,Architecture,Tier 2,Parent,Approved
9.39,509,1212340,2447611,North,Male,Himachal Pradesh,19,Medical,Tier 2,Relative,Approved
8.71,578,200000,467440,West,Female,Goa,25,Business,Tier 3,None,Approved
8.15,570,1280569,393996,West,Male,Goa,22,Business,Tier 2,Parent,Approved
7.58,604,784762,654714,South,Female,Karnataka,28,Engineering,Tier 2,Parent,Approved
7.74,633,825837,1950870,East,Female,Odisha,23,Medical,Tier 2,Parent,Approved
7.49,631,469244,937621,South,Male,Karnataka,23,Architecture,Tier 1,Parent,Approved
8.99,591,453897,623289,East,Female,West Bengal,20,Business,Tier 2,Parent,Approved
7.94,484,1143464,1635862,West,Male,Gujarat,19,Engineering,Tier 3,Parent,Rejected
8.55,602,401226,587030,East,Male,West Bengal,24,Business,Tier 2,Parent,Approved
5.0,563,524715,934684,West,Male,Goa,22,Engineering,Tier 3,Parent,Approved
8.78,507,1346416,1209277,South,Male,Kerala,20,Business,Tier 1,Parent,Approved
8.35,607,1312928,920484,West,Male,Goa,20,Arts,Tier 1,Parent,Approved
9.02,679,970532,1192497,South,Female,Kerala,28,Business,Tier 3,Relative,Approved
5.59,707,619445,1538372,South,Male,Karnataka,24,Medical,Tier 3,Parent,Rejected
6.3,594,554836,516002,East,Male,West Bengal,22,Business,Tier 3,Parent,Rejected
7.1,476,1356898,956469,West,Female,Rajasthan,22,Science,Tier 3,Parent,Rejected
7.61,619,568606,778495,Central,Male,Madhya Pradesh,27,Engineering,Tier 3,None,Rejected
7.42,536,245011,549329,Central,Female,Uttar Pradesh,25,Engineering,Tier 3,Sibling,Approved
8.87,550,599323,880360,North,Female,Himachal Pradesh,22,Arts,Tier 3,None,Rejected
7.33,606,901724,1958520,Central,Male,Madhya Pradesh,28,Medical,Tier 1,Parent,Rejected
8.57,661,900504,561483,South,Male,Andhra Pradesh,28,Medical,Tier 1,Parent,Approved
7.43,653,870855,433834,North,Female,Delhi,20,Engineering,Tier 1,Parent,Approved
8.53,588,532533,548884,South,Male,Tamil Nadu,18,Business,Tier 1,Parent,Rejected
5.0,668,1187971,1843063,West,Female,Gujarat,25,Architecture,Tier 3,Parent,Approved
7.73,741,634592,830576,South,Male,Karnataka,22,Engineering,Tier 1,Relative,Approved
7.17,503,972123,1623196,West,Male,Gujarat,20,Engineering,Tier 2,Parent,Rejected
6.86,675,910006,733943,West,Male,Gujarat,19,Business,Tier 3,Parent,Approved
6.76,519,631382,639224,South,Female,Karnataka,24,Arts,Tier 2,Parent,Rejected
9.31,559,868966,1639560,South,Female,Karnataka,18,Engineering,Tier 2,Sibling,Rejected
9.5,566,734930,1200868,East,Other,Assam,28,Engineering,Tier 2,Sibling,Approved
6.38,548,1228920,2214599,North,Female,Delhi,20,Medical,Tier 2,Parent,Approved
8.3,567,712243,2124318,South,Female,Karnataka,24,Medical,Tier 1,Parent,Rejected
5.78,527,1170642,510748,South,Male,Telangana,23,Law,Tier 3,Parent,Rejected
5.0,556,565546,520380,West,Female,Gujarat,24,Arts,Tier 3,Sibling,Approved
8.19,540,702255,1108418,North,Male,Uttarakhand,28,Business,Tier 1,Sibling,Approved
6.41,541,543781,742321,East,Female,Bihar,19,Arts,Tier 3,Parent,Approved
8.64,616,200000,527911,Central,Female,Uttar Pradesh,18,Business,Tier 1,None,Approved
7.18,567,559013,1133499,East,Female,Odisha,23,Business,Tier 2,Parent,Rejected
6.83,495,1238650,1558419,South,Male,Kerala,22,Engineering,Tier 2,Sibling,Rejected
6.74,465,710072,872830,South,Male,Telangana,18,Arts,Tier 3,Parent,Rejected
9.34,710,200000,401151,West,Male,Maharashtra,28,Science,Tier 1,Sibling,Approved
5.58,510,495199,100000,East,Female,Assam,26,Science,Tier 2,Parent,Approved
7.06,498,931997,788568,East,Female,Assam,26,Engineering,Tier 1,Parent,Rejected
7.76,712,803777,1252538,South,Male,Karnataka,24,Business,Tier 3,Parent,Approved
9.13,476,598099,836867,North,Male,Haryana,27,Business,Tier 1,Parent,Rejected
8.76,637,481828,1197333,East,Female,Jharkhand,23,Business,Tier 2,Parent,Rejected
6.57,657,643207,1434377,East,Male,Jharkhand,20,Medical,Tier 2,Sibling,Approved
7.12,540,943874,819669,North,Male,Delhi,18,Arts,Tier 2,None,Approved
6.37,524,805731,628133,West,Male,Goa,19,Engineering,Tier 2,Parent,Rejected
6.37,514,444653,382159,South,Female,Karnataka,19,Engineering,Tier 3,Parent,Approved
7.42,582,200000,989949,East,Female,Assam,20,Engineering,Tier 2,Parent,Approved
7.63,458,200000,221767,South,Female,Tamil Nadu,26,Engineering,Tier 2,Relative,Rejected
7.79,534,1008888,652259,East,Female,Bihar,21,Business,Tier 2,Parent,Approved
7.97,531,472896,1243575,South,Female,Tamil Nadu,21,Business,Tier 2,Parent,Approved
8.61,584,773622,2350377,West,Female,Gujarat,26,Medical,Tier 2,None,Rejected
8.84,674,857074,714146,South,Male,Karnataka,18,Science,Tier 2,Sibling,Approved
7.92,522,912326,551900,North,Male,Punjab,23,Engineering,Tier 2,None,Rejected
6.46,488,839227,681141,North,Female,Delhi,19,Engineering,Tier 3,Parent,Rejected
8.77,602,943751,1561434,North,Male,Delhi,18,Business,Tier 1,Parent,Approved
7.89,774,1085265,662406,West,Male,Maharashtra,25,Science,Tier 2,Sibling,Approved
7.47,442,603955,445784,West,Female,Rajasthan,19,Engineering,Tier 2,Parent,Approved
7.44,514,726378,742125,South,Other,Telangana,24,Business,Tier 2,Sibling,Approved
9.96,655,200000,978818,East,Female,West Bengal,22,Business,Tier 1,Parent,Approved
8.12,531,283513,100000,South,Male,Telangana,21,Law,Tier 2,Parent,Rejected
6.63,494,958561,2485034,West,Male,Goa,24,Architecture,Tier 3,Sibling,Rejected
9.9,609,437083,689324,East,Male,Odisha,25,Engineering,Tier 1,None,Approved
6.61,559,420695,411064,West,Female,Goa,23,Arts,Tier 3,Parent,Approved
6.88,583,849008,737654,East,Female,Odisha,21,Engineering,Tier 1,Parent,Approved
8.15,524,1259631,1076007,West,Male,Rajasthan,18,Science,Tier 1,Relative,Rejected
9.44,660,442177,1240273,South,Female,Kerala,28,Architecture,Tier 1,None,Rejected
8.54,681,903676,431348,South,Male,Kerala,19,Arts,Tier 2,Parent,Approved
8.92,569,762300,779287,West,Male,Rajasthan,18,Engineering,Tier 1,None,Approved
8.52,622,218961,944607,South,Female,Telangana,20,Engineering,Tier 1,Sibling,Rejected
7.11,600,200000,511320,East,Female,Bihar,23,Engineering,Tier 3,Parent,Approved
7.77,546,374272,181911,East,Male,Jharkhand,21,Science,Tier 1,Parent,Approved
7.46,596,1136418,3000000,West,Female,Maharashtra,23,Medical,Tier 3,Sibling,Approved
5.0,565,763446,638634,West,Male,Goa,22,Science,Tier 3,Parent,Rejected
8.38,589,1056871,1305232,North,Female,Haryana,19,Medical,Tier 2,None,Rejected
5.0,576,289963,1030374,West,Female,Goa,27,Business,Tier 3,Parent,Rejected
8.18,654,597687,798235,South,Male,Kerala,23,Engineering,Tier 1,Parent,Approved
7.61,582,846142,828158,East,Female,Odisha,18,Science,Tier 2,Parent,Rejected
7.25,588,1098938,1217075,North,Male,Punjab,25,Law,Tier 3,Sibling,Approved
9.06,499,467555,633208,Central,Female,Chhattisgarh,24,Engineering,Tier 2,Parent,Approved
8.11,536,784656,631985,North,Male,Punjab,21,Science,Tier 1,Parent,Approved
9.33,646,648938,387017,Central,Male,Uttar Pradesh,19,Arts,Tier 1,Parent,Approved
10.0,697,697645,2397387,South,Male,Tamil Nadu,23,Medical,Tier 2,Parent,Approved
6.5,586,796013,1126432,North,Male,Himachal Pradesh,20,Business,Tier 3,Parent,Approved
10.0,556,1246448,651105,North,Male,Delhi,23,Arts,Tier 2,Parent,Approved
7.45,471,1028779,1681161,Central,Female,Madhya Pradesh,23,Engineering,Tier 2,Parent,Rejected
9.86,644,554617,487527,South,Female,Kerala,18,Science,Tier 3,Parent,Approved
7.15,754,558778,151486,Central,Male,Chhattisgarh,23,Engineering,Tier 1,Parent,Approved
7.4,562,733910,403455,East,Male,Odisha,22,Business,Tier 1,Parent,Approved
9.03,590,828347,1814728,East,Male,Bihar,20,Medical,Tier 3,Parent,Approved
7.64,628,787696,1949656,West,Female,Maharashtra,19,Architecture,Tier 1,Parent,Rejected
8.38,512,630800,275947,East,Female,West Bengal,27,Science,Tier 1,None,Approved
8.04,625,1525820,883012,West,Male,Maharashtra,27,Business,Tier 1,Parent,Approved
7.61,488,1022100,557858,North,Male,Himachal Pradesh,20,Engineering,Tier 2,None,Approved
5.49,450,640172,861136,West,Female,Goa,18,Engineering,Tier 3,Parent,Approved
7.12,507,564737,364384,South,Male,Telangana,28,Arts,Tier 3,Relative,Approved
7.54,451,732524,668928,North,Female,Uttarakhand,25,Engineering,Tier 1,Parent,Approved
9.38,543,763329,999527,South,Female,Tamil Nadu,18,Engineering,Tier 3,Parent,Rejected
8.9,690,370804,770019,West,Female,Maharashtra,28,Science,Tier 1,Parent,Approved
6.4,547,397514,1488669,West,Female,Gujarat,26,Medical,Tier 2,Parent,Rejected
7.0,587,1339707,2814088,South,Female,Kerala,19,Medical,Tier 3,Parent,Rejected
8.76,659,516194,1448613,West,Female,Goa,27,Medical,Tier 2,None,Approved
7.7,640,729228,1665464,East,Female,Odisha,26,Medical,Tier 2,Parent,Approved
7.64,596,302878,327000,East,Female,Odisha,18,Arts,Tier 3,Parent,Approved
8.97,540,874076,1263504,East,Male,Bihar,24,Engineering,Tier 1,None,Rejected
5.0,602,294973,958465,West,Male,Goa,25,Business,Tier 3,Sibling,Approved
7.69,506,1111699,911844,West,Male,Rajasthan,22,Business,Tier 3,Parent,Rejected
7.94,542,986851,1009643,South,Female,Andhra Pradesh,24,Engineering,Tier 3,Parent,Approved
6.01,388,435653,267855,West,Male,Goa,23,Science,Tier 2,Relative,Approved
5.93,451,742467,730265,South,Female,Karnataka,21,Engineering,Tier 2,Parent,Approved
10.0,687,758037,1061186,East,Female,Jharkhand,22,Law,Tier 3,None,Approved
9.84,632,1131133,3000000,South,Male,Tamil Nadu,26,Medical,Tier 1,Sibling,Approved
7.54,470,571446,284436,North,Male,Himachal Pradesh,27,Engineering,Tier 1,Relative,Approved
8.79,706,304800,390654,South,Male,Andhra Pradesh,28,Science,Tier 1,Parent,Approved
7.01,519,866292,1175914,West,Male,Maharashtra,19,Engineering,Tier 2,Parent,Approved
7.46,537,649763,881500,South,Male,Tamil Nadu,24,Business,Tier 2,Sibling,Rejected
7.12,544,1061688,486465,North,Male,Punjab,21,Medical,Tier 1,Relative,Approved
5.55,625,638724,334652,South,Female,Andhra Pradesh,24,Business,Tier 3,Parent,Rejected
6.74,598,496033,638364,South,Male,Andhra Pradesh,28,Arts,Tier 3,Relative,Rejected
8.04,539,708652,783013,South,Male,Telangana,26,Arts,Tier 2,Parent,Approved
8.0,616,1226450,1105257,West,Male,Goa,20,Arts,Tier 2,Parent,Approved
5.92,518,200000,1400308,Central,Female,Madhya Pradesh,23,Medical,Tier 2,Relative,Rejected
7.5,631,1047945,2374342,Central,Female,Chhattisgarh,26,Medical,Tier 2,Sibling,Approved
7.52,404,598485,2144621,North,Male,Punjab,19,Medical,Tier 2,Parent,Rejected
5.0,386,488193,529788,Central,Male,Chhattisgarh,18,Law,Tier 2,Parent,Rejected
7.39,606,625092,783171,Central,Male,Chhattisgarh,28,Engineering,Tier 2,Parent,Approved
6.97,605,844613,1299358,East,Male,Jharkhand,25,Engineering,Tier 3,Parent,Approved
8.23,644,517638,1264450,South,Female,Karnataka,26,Engineering,Tier 1,Relative,Rejected
7.03,523,438876,1873009,South,Female,Telangana,20,Medical,Tier 2,Parent,Approved
7.95,697,378808,204685,East,Other,Bihar,19,Engineering,Tier 2,Sibling,Approved
7.27,413,968260,836399,East,Male,Assam,27,Business,Tier 1,Parent,Rejected
7.3,524,904098,936573,South,Male,Karnataka,21,Engineering,Tier 1,None,Approved
8.42,553,1019965,1114215,West,Male,Goa,25,Business,Tier 2,None,Approved
6.87,522,755722,854171,North,Male,Punjab,21,Medical,Tier 2,Parent,Rejected
6.98,479,858692,470870,North,Female,Himachal Pradesh,25,Law,Tier 2,Relative,Approved
7.01,579,865988,587723,North,Male,Delhi,20,Science,Tier 2,Parent,Approved
8.93,657,648473,577542,South,Female,Kerala,27,Engineering,Tier 1,Parent,Approved
5.46,463,845686,643831,South,Female,Tamil Nadu,25,Science,Tier 2,Relative,Approved
8.17,649,652352,890704,South,Female,Andhra Pradesh,25,Arts,Tier 3,Parent,Approved
9.09,472,975521,1067937,North,Male,Delhi,22,Business,Tier 1,Sibling,Rejected
6.45,364,744335,609242,North,Male,Uttarakhand,27,Arts,Tier 2,None,Rejected
8.58,633,1092417,1080400,North,Male,Delhi,28,Engineering,Tier 1,Parent,Approved
6.22,508,1038477,1733960,West,Female,Maharashtra,28,Engineering,Tier 2,Sibling,Rejected
7.77,518,1083164,477106,West,Male,Goa,24,Science,Tier 2,Parent,Approved
6.93,332,1006054,680517,North,Male,Delhi,22,Arts,Tier 2,Parent,Approved
10.0,710,600631,1175335,West,Male,Maharashtra,24,Engineering,Tier 1,Parent,Approved
7.43,508,690774,1606054,East,Female,Bihar,23,Medical,Tier 2,Parent,Approved
7.73,375,245992,622579,South,Male,Tamil Nadu,21,Engineering,Tier 2,Parent,Approved
7.18,564,200000,100000,West,Male,Goa,25,Arts,Tier 2,Parent,Approved
5.0,573,1340313,2345702,West,Female,Rajasthan,18,Medical,Tier 2,Relative,Rejected
10.0,529,1020190,978969,Central,Female,Chhattisgarh,18,Medical,Tier 1,Parent,Approved
5.47,511,730802,1096438,South,Male,Karnataka,22,Engineering,Tier 2,Parent,Approved
8.24,730,884906,438376,West,Male,Rajasthan,19,Engineering,Tier 2,Parent,Approved
9.25,606,718618,482577,West,Male,Gujarat,18,Business,Tier 3,Parent,Approved
8.55,459,1019598,1301298,East,Female,Assam,20,Business,Tier 1,Parent,Rejected
7.54,669,200000,1050771,East,Male,Assam,25,Architecture,Tier 3,Parent,Approved
6.47,596,341578,880561,South,Female,Karnataka,22,Business,Tier 2,None,Rejected
10.0,573,265785,137870,East,Female,Assam,20,Engineering,Tier 1,Sibling,Approved
8.9,570,590619,1385684,North,Male,Haryana,19,Medical,Tier 3,Parent,Approved
8.52,668,552241,1129858,East,Female,Jharkhand,27,Engineering,Tier 2,None,Approved
5.56,520,666571,554995,North,Female,Punjab,24,Engineering,Tier 2,Parent,Approved
9.18,633,1514116,1221055,North,Female,Haryana,19,Arts,Tier 1,None,Rejected
7.64,557,1076502,1245426,North,Male,Himachal Pradesh,19,Engineering,Tier 1,Parent,Approved
8.91,611,494588,1241920,North,Male,Delhi,21,Engineering,Tier 2,Relative,Approved
5.99,432,728581,1409914,West,Male,Goa,18,Engineering,Tier 2,Parent,Approved
7.07,570,448466,612621,Central,Male,Chhattisgarh,21,Science,Tier 2,Sibling,Approved
7.17,476,549272,1921157,East,Female,Bihar,21,Architecture,Tier 2,Parent,Rejected
8.0,614,1190013,699287,North,Male,Haryana,18,Engineering,Tier 2,Parent,Approved
7.09,469,499563,908593,North,Male,Punjab,20,Business,Tier 1,Relative,Approved
8.78,651,572536,1399512,Central,Female,Madhya Pradesh,21,Medical,Tier 3,Parent,Approved
6.98,528,533659,258962,West,Male,Goa,25,Business,Tier 3,None,Approved
7.92,558,606758,509469,West,Male,Maharashtra,24,Arts,Tier 2,Parent,Approved
5.0,464,942871,317835,South,Male,Karnataka,24,Arts,Tier 3,Parent,Rejected
8.7,562,530247,1261631,East,Male,Jharkhand,26,Engineering,Tier 1,Parent,Approved
9.33,545,1100030,803410,West,Female,Rajasthan,23,Engineering,Tier 1,Parent,Approved
5.96,602,1074467,2409063,Central,Male,Uttar Pradesh,28,Medical,Tier 3,Sibling,Rejected
8.46,647,868171,554104,South,Male,Telangana,18,Engineering,Tier 2,Parent,Approved
7.09,633,200000,171879,North,Male,Uttarakhand,28,Engineering,Tier 2,Parent,Rejected
8.42,641,1170223,1205133,Central,Male,Uttar Pradesh,24,Business,Tier 1,Parent,Approved
8.2,558,1038795,124600,East,Female,Bihar,28,Science,Tier 2,Sibling,Approved
8.71,640,200000,718766,South,Female,Tamil Nadu,21,Engineering,Tier 3,Parent,Rejected
7.64,657,805570,1009274,West,Male,Maharashtra,27,Business,Tier 3,None,Rejected
7.08,459,723091,1123135,West,Female,Rajasthan,21,Engineering,Tier 2,Relative,Approved
8.09,651,663295,894305,Central,Female,Chhattisgarh,28,Medical,Tier 2,None,Approved
9.9,713,745941,1481759,East,Female,Assam,19,Business,Tier 1,Parent,Approved
7.0,523,943137,452367,North,Female,Punjab,23,Arts,Tier 3,Parent,Approved
5.56,510,824608,319870,North,Male,Delhi,22,Medical,Tier 3,Sibling,Approved
6.55,419,860083,217004,West,Male,Maharashtra,20,Science,Tier 2,Parent,Rejected
8.83,534,1093790,3000000,South,Male,Tamil Nadu,21,Architecture,Tier 1,Sibling,Approved
5.85,494,1082136,2475043,North,Female,Himachal Pradesh,22,Medical,Tier 3,Parent,Rejected
6.93,628,845604,804664,West,Female,Goa,19,Business,Tier 1,Sibling,Approved
8.6,619,983490,1016413,West,Male,Goa,25,Business,Tier 1,Sibling,Approved
5.1,569,495802,1161017,Central,Male,Uttar Pradesh,28,Business,Tier 2,Parent,Rejected
7.39,597,1022939,1665294,West,Male,Maharashtra,28,Medical,Tier 3,Parent,Rejected
8.32,609,763758,385039,South,Male,Telangana,21,Science,Tier 3,Parent,Approved
7.38,548,1046887,2057279,West,Male,Goa,22,Architecture,Tier 3,Parent,Rejected
9.31,556,710218,886312,West,Male,Rajasthan,24,Medical,Tier 1,Sibling,Approved
6.3,497,860137,273971,South,Male,Tamil Nadu,23,Business,Tier 1,Parent,Rejected
6.98,540,1160839,1139069,West,Female,Goa,28,Engineering,Tier 2,Sibling,Approved
7.26,591,580342,715630,North,Male,Haryana,20,Law,Tier 3,Parent,Approved
6.34,536,683913,952149,East,Male,Jharkhand,23,Business,Tier 3,Relative,Approved
7.92,545,200000,724487,North,Male,Haryana,18,Engineering,Tier 1,Parent,Approved
7.73,542,552419,1084886,South,Female,Kerala,21,Engineering,Tier 1,Parent,Approved
8.07,522,580986,1041990,West,Male,Gujarat,21,Engineering,Tier 3,Parent,Rejected
8.38,755,527497,512058,West,Male,Goa,26,Arts,Tier 2,Sibling,Approved
7.97,594,1179352,2535262,West,Female,Rajasthan,24,Medical,Tier 2,Parent,Approved
6.22,380,326995,621110,North,Male,Himachal Pradesh,26,Engineering,Tier 2,Sibling,Rejected
6.1,576,756672,799827,East,Male,Bihar,25,Engineering,Tier 3,Parent,Rejected
6.28,456,906448,100000,North,Female,Haryana,19,Arts,Tier 2,Parent,Approved
8.99,578,708780,1111323,North,Male,Uttarakhand,22,Architecture,Tier 1,Parent,Approved
6.8,637,466662,768794,North,Male,Punjab,18,Business,Tier 2,Sibling,Approved
7.96,533,979251,1735406,South,Female,Andhra Pradesh,22,Law,Tier 3,Parent,Rejected
8.6,553,1202968,765160,West,Female,Maharashtra,19,Business,Tier 2,Parent,Approved
6.99,530,951759,2058816,West,Other,Gujarat,26,Medical,Tier 3,Parent,Rejected
5.0,449,792289,1507342,West,Male,Goa,24,Architecture,Tier 3,Parent,Rejected
6.17,549,853471,823539,West,Male,Goa,25,Engineering,Tier 3,None,Rejected
7.94,539,839302,448672,West,Male,Rajasthan,25,Arts,Tier 2,Parent,Approved
8.37,501,1059158,1121849,South,Female,Tamil Nadu,21,Business,Tier 1,Parent,Approved
6.21,486,306712,747517,North,Female,Haryana,24,Arts,Tier 1,Parent,Rejected
6.57,581,983761,809490,West,Male,Maharashtra,18,Engineering,Tier 2,Sibling,Approved
7.61,517,483566,969601,West,Female,Rajasthan,23,Engineering,Tier 3,None,Approved
7.92,619,200000,656315,South,Male,Telangana,22,Medical,Tier 3,Parent,Rejected
6.7,640,588527,324843,North,Male,Himachal Pradesh,21,Science,Tier 3,None,Approved
9.01,717,200000,561476,South,Male,Tamil Nadu,28,Engineering,Tier 1,None,Approved
6.51,517,885196,769189,North,Male,Haryana,26,Engineering,Tier 3,Parent,Rejected
7.96,501,1230031,1283369,East,Male,West Bengal,20,Business,Tier 3,Parent,Approved
8.93,622,219034,1338942,East,Male,West Bengal,18,Medical,Tier 1,Parent,Rejected
5.76,532,398205,800298,East,Female,West Bengal,19,Business,Tier 2,Parent,Rejected
7.64,638,1070868,157773,South,Male,Telangana,24,Medical,Tier 2,Parent,Approved
6.96,590,1089672,786934,West,Male,Maharashtra,24,Science,Tier 2,None,Approved
5.14,507,448278,763430,Central,Male,Madhya Pradesh,24,Business,Tier 2,Parent,Approved
7.19,627,1072392,667262,North,Female,Uttarakhand,25,Arts,Tier 3,Sibling,Approved
8.14,511,1065720,915793,South,Male,Karnataka,21,Engineering,Tier 1,Parent,Rejected
7.36,573,630059,425045,West,Female,Goa,27,Business,Tier 2,None,Approved
7.77,590,370086,636472,North,Female,Himachal Pradesh,25,Law,Tier 2,Relative,Rejected
8.59,701,1013232,618439,North,Female,Himachal Pradesh,22,Business,Tier 2,None,Approved
5.01,517,287243,469696,East,Female,Bihar,19,Science,Tier 1,Parent,Approved
9.35,650,1148925,510145,North,Male,Punjab,22,Arts,Tier 1,Parent,Approved
8.6,700,492973,276840,Central,Female,Chhattisgarh,26,Science,Tier 1,Parent,Approved
8.75,550,983103,1053521,South,Male,Tamil Nadu,26,Arts,Tier 1,Sibling,Approved
7.25,574,964706,1148320,North,Other,Himachal Pradesh,25,Law,Tier 2,Relative,Approved
8.41,562,1376371,729383,North,Male,Delhi,20,Science,Tier 2,Parent,Approved
7.96,570,572844,1092619,Central,Male,Madhya Pradesh,26,Engineering,Tier 2,Parent,Approved
7.6,583,739441,1227026,North,Male,Himachal Pradesh,21,Engineering,Tier 2,Sibling,Rejected
9.36,653,471904,100000,North,Male,Delhi,27,Science,Tier 2,Parent,Approved
7.4,509,514900,346495,North,Female,Delhi,28,Architecture,Tier 2,Sibling,Approved
7.94,585,907456,606494,West,Female,Maharashtra,22,Arts,Tier 2,Relative,Approved
8.89,513,591053,1093117,East,Male,Odisha,19,Business,Tier 3,Sibling,Approved
8.51,702,1002830,389293,North,Male,Himachal Pradesh,24,Science,Tier 1,None,Approved
5.75,578,1045655,1662268,East,Male,Bihar,26,Engineering,Tier 3,Parent,Rejected
9.95,532,943177,574004,South,Male,Andhra Pradesh,26,Science,Tier 3,Parent,Approved
7.77,619,276958,264938,South,Male,Andhra Pradesh,24,Science,Tier 2,None,Approved
7.15,538,561195,634207,West,Male,Maharashtra,23,Business,Tier 2,Relative,Rejected
7.73,591,796574,932087,Central,Female,Madhya Pradesh,19,Business,Tier 1,Parent,Rejected
7.05,465,673503,1076740,West,Female,Maharashtra,25,Science,Tier 3,Parent,Rejected
7.74,657,1003714,619165,East,Female,Jharkhand,28,Engineering,Tier 1,None,Approved
8.27,585,404962,594815,North,Female,Uttarakhand,21,Science,Tier 2,Sibling,Approved
7.66,640,584752,1078987,West,Male,Maharashtra,24,Law,Tier 2,Parent,Approved
10.0,749,581691,300338,North,Female,Punjab,21,Business,Tier 3,None,Approved
5.12,460,896109,1074267,North,Female,Delhi,21,Engineering,Tier 3,Parent,Approved
6.66,536,340427,417083,West,Female,Gujarat,24,Engineering,Tier 2,Parent,Rejected
5.34,560,883105,563464,South,Male,Andhra Pradesh,24,Engineering,Tier 3,Parent,Approved
6.97,656,837686,828371,West,Male,Goa,28,Business,Tier 2,Parent,Approved
6.86,493,412769,1275577,North,Male,Delhi,23,Medical,Tier 2,Parent,Rejected
7.48,617,200000,577280,South,Female,Karnataka,26,Engineering,Tier 1,None,Rejected
7.64,576,652070,999643,West,Female,Goa,27,Engineering,Tier 1,Sibling,Approved
8.22,579,1078298,910604,South,Female,Andhra Pradesh,20,Engineering,Tier 3,Parent,Approved
9.38,630,200000,632133,East,Male,West Bengal,20,Arts,Tier 3,Parent,Approved
8.25,500,933894,573842,West,Female,Rajasthan,21,Science,Tier 2,Parent,Approved
5.71,624,763041,487717,East,Male,Bihar,25,Arts,Tier 3,Sibling,Approved
6.3,552,658895,517561,North,Male,Delhi,27,Law,Tier 3,Parent,Approved
6.54,546,526571,1100266,North,Male,Punjab,26,Business,Tier 3,None,Rejected
8.09,565,457562,795264,North,Female,Uttarakhand,21,Business,Tier 2,Parent,Approved
9.79,557,723821,1299468,East,Male,Bihar,19,Engineering,Tier 1,Sibling,Rejected
8.23,634,1569049,1678766,North,Male,Haryana,18,Engineering,Tier 2,Parent,Approved
8.62,698,634313,834284,South,Male,Karnataka,21,Engineering,Tier 1,Parent,Approved
7.26,709,782656,741344,West,Female,Gujarat,26,Business,Tier 3,Sibling,Approved
8.84,530,677705,927394,South,Male,Telangana,24,Business,Tier 1,Parent,Approved
8.59,667,712724,1751462,South,Male,Kerala,22,Medical,Tier 2,Sibling,Approved
6.02,410,758106,1125413,North,Female,Himachal Pradesh,24,Engineering,Tier 3,Relative,Rejected
5.2,537,1106001,730954,South,Male,Karnataka,19,Business,Tier 3,Parent,Rejected
7.19,640,554941,714105,North,Female,Himachal Pradesh,27,Engineering,Tier 3,Sibling,Approved
7.48,582,681594,1113147,East,Male,Odisha,22,Engineering,Tier 3,Parent,Approved
7.32,529,834942,2142888,West,Male,Goa,22,Architecture,Tier 3,Parent,Rejected
7.85,538,934431,926246,West,Male,Maharashtra,26,Engineering,Tier 1,Parent,Approved
8.63,668,892630,1020364,North,Female,Uttarakhand,26,Engineering,Tier 3,None,Approved
8.67,655,1368672,1025495,West,Male,Goa,27,Business,Tier 1,Parent,Approved
9.01,624,1077723,404189,West,Male,Maharashtra,19,Arts,Tier 1,Parent,Approved
7.95,671,734282,379198,West,Female,Rajasthan,22,Science,Tier 2,Parent,Approved
5.09,448,822433,1606775,North,Male,Haryana,25,Architecture,Tier 2,Parent,Approved
8.8,537,1040750,1310344,West,Female,Maharashtra,21,Engineering,Tier 2,Parent,Approved
9.0,388,1056708,814664,West,Male,Maharashtra,28,Engineering,Tier 1,Parent,Approved
9.81,587,299729,391423,West,Male,Maharashtra,28,Science,Tier 1,Parent,Approved
7.72,558,842963,1383389,West,Male,Maharashtra,23,Engineering,Tier 1,Parent,Approved
7.45,543,632527,912219,North,Female,Himachal Pradesh,22,Science,Tier 2,Relative,Rejected
9.94,679,946943,140280,North,Female,Uttarakhand,26,Arts,Tier 3,Sibling,Approved
9.09,532,516014,1416502,South,Male,Andhra Pradesh,22,Medical,Tier 3,Parent,Approved
7.87,515,1187713,712477,East,Female,West Bengal,22,Science,Tier 1,Parent,Approved
9.95,642,917979,527574,East,Male,Odisha,25,Engineering,Tier 1,Sibling,Approved
5.0,603,924575,1367364,East,Female,Jharkhand,19,Engineering,Tier 3,Parent,Approved
9.41,554,465117,692903,South,Female,Andhra Pradesh,19,Science,Tier 2,None,Approved
8.74,646,1145454,887372,North,Male,Haryana,24,Engineering,Tier 1,Parent,Approved
6.54,542,469276,585087,East,Female,Odisha,25,Arts,Tier 3,Parent,Rejected
9.9,776,1020831,1607633,East,Male,Assam,23,Medical,Tier 1,Parent,Approved
6.33,455,411170,1747907,South,Female,Tamil Nadu,20,Architecture,Tier 3,Parent,Rejected
8.2,538,574069,1075030,South,Female,Andhra Pradesh,21,Engineering,Tier 1,Parent,Approved
7.91,528,551995,246966,South,Male,Tamil Nadu,25,Engineering,Tier 2,Parent,Approved
7.68,522,714792,1115187,West,Male,Gujarat,18,Engineering,Tier 1,Parent,Approved
7.85,380,970316,517601,South,Female,Tamil Nadu,26,Science,Tier 1,Parent,Approved
10.0,611,622449,535035,East,Male,Assam,25,Science,Tier 2,None,Rejected
8.94,545,278763,293968,Central,Male,Uttar Pradesh,18,Business,Tier 2,Parent,Approved
10.0,631,881313,2114248,South,Female,Andhra Pradesh,19,Medical,Tier 1,Parent,Approved
7.87,541,771752,1382356,South,Female,Tamil Nadu,18,Business,Tier 2,None,Approved
8.86,646,755276,1562410,South,Female,Kerala,22,Medical,Tier 1,Parent,Rejected
6.71,524,1019047,788406,Central,Female,Madhya Pradesh,21,Business,Tier 2,Parent,Rejected
9.62,670,218842,664403,Central,Female,Uttar Pradesh,19,Law,Tier 3,Parent,Approved
8.36,513,785451,965965,North,Male,Himachal Pradesh,20,Engineering,Tier 1,Parent,Approved
6.85,607,211249,531717,Central,Female,Madhya Pradesh,27,Medical,Tier 2,Sibling,Rejected
7.34,586,1184322,1236418,North,Female,Himachal Pradesh,20,Business,Tier 2,Parent,Approved
6.96,558,1065658,1712641,West,Male,Goa,21,Engineering,Tier 1,Parent,Approved
7.51,496,882635,908709,West,Female,Gujarat,26,Law,Tier 2,Parent,Approved
9.54,607,995902,557878,West,Male,Maharashtra,20,Business,Tier 1,None,Approved
8.41,661,704483,2119804,Central,Female,Chhattisgarh,18,Medical,Tier 2,Parent,Approved
7.12,525,333545,592678,North,Male,Delhi,26,Business,Tier 2,None,Approved
9.49,574,490673,1271294,East,Female,Assam,20,Engineering,Tier 2,None,Approved
6.34,587,480373,485827,West,Male,Rajasthan,18,Science,Tier 3,None,Rejected
5.99,679,1159248,1420818,North,Male,Himachal Pradesh,22,Engineering,Tier 3,Sibling,Rejected
9.51,626,962908,532686,East,Female,West Bengal,25,Business,Tier 1,Parent,Approved
9.08,533,957604,1674434,Central,Male,Chhattisgarh,24,Engineering,Tier 3,Parent,Approved
6.7,620,1015322,1481551,South,Female,Andhra Pradesh,18,Engineering,Tier 3,Parent,Approved
5.93,583,200000,799224,South,Male,Kerala,23,Engineering,Tier 2,Parent,Rejected
7.34,641,733307,1250990,South,Male,Andhra Pradesh,21,Business,Tier 2,Parent,Approved
8.93,486,1249961,1646395,West,Male,Rajasthan,18,Architecture,Tier 1,Parent,Approved
7.73,667,1392251,376271,South,Male,Andhra Pradesh,21,Business,Tier 2,Parent,Approved
8.19,562,523250,188759,East,Female,Odisha,22,Arts,Tier 1,Relative,Approved
6.21,594,1183819,648473,East,Male,West Bengal,27,Law,Tier 2,Parent,Approved
9.28,539,601182,289483,South,Female,Telangana,21,Law,Tier 1,Parent,Approved
6.13,605,566623,792079,West,Male,Goa,24,Business,Tier 2,Parent,Approved
9.48,623,543750,940463,East,Male,Odisha,18,Law,Tier 1,Sibling,Approved
7.35,619,811290,2617293,East,Male,Bihar,24,Medical,Tier 3,Parent,Rejected
7.34,550,825439,711647,North,Male,Haryana,19,Science,Tier 2,Parent,Approved
7.2,505,1109317,3000000,West,Male,Maharashtra,20,Medical,Tier 2,Parent,Approved
10.0,637,492049,1291236,South,Female,Karnataka,19,Business,Tier 3,Parent,Approved
6.94,431,376192,850218,West,Male,Rajasthan,26,Business,Tier 2,Parent,Rejected
5.0,523,715116,1185625,North,Male,Haryana,27,Business,Tier 2,Relative,Approved
7.74,534,446576,874491,South,Female,Tamil Nadu,26,Engineering,Tier 1,Parent,Approved
8.96,494,847080,677623,East,Male,West Bengal,20,Engineering,Tier 1,Parent,Approved
8.27,474,383316,1111895,East,Male,Jharkhand,22,Engineering,Tier 3,Parent,Rejected
6.17,556,653636,541414,West,Male,Maharashtra,19,Engineering,Tier 2,Relative,Rejected
5.0,520,760109,1523722,Central,Female,Madhya Pradesh,19,Business,Tier 3,None,Rejected
5.74,525,641370,1533328,East,Male,Assam,18,Medical,Tier 3,Parent,Rejected
6.82,589,770023,1183333,East,Female,Jharkhand,23,Engineering,Tier 2,Sibling,Approved
8.65,590,601097,2470020,Central,Female,Uttar Pradesh,26,Medical,Tier 1,Relative,Approved
5.65,454,721062,554081,West,Female,Gujarat,21,Arts,Tier 3,Sibling,Approved
8.44,467,1238031,357399,North,Female,Punjab,18,Science,Tier 1,Parent,Rejected
8.6,495,910901,121158,North,Female,Delhi,22,Science,Tier 1,Parent,Approved
9.91,572,1147152,1217861,South,Male,Karnataka,20,Business,Tier 2,Parent,Approved
7.12,477,316484,602749,West,Female,Gujarat,25,Science,Tier 1,Parent,Approved
6.26,593,889856,323685,North,Male,Punjab,22,Engineering,Tier 3,Parent,Rejected
6.83,642,613331,835182,Central,Female,Madhya Pradesh,23,Business,Tier 2,None,Rejected
5.0,568,323303,261339,West,Male,Gujarat,20,Science,Tier 3,Parent,Approved
7.48,554,285608,779038,Central,Male,Chhattisgarh,18,Business,Tier 2,Parent,Approved
9.22,702,1404234,2274668,North,Female,Haryana,22,Medical,Tier 1,Parent,Approved
8.36,539,1381268,1261519,West,Female,Gujarat,28,Engineering,Tier 3,Sibling,Approved
8.34,485,689641,792872,North,Female,Haryana,27,Business,Tier 2,Sibling,Rejected
5.74,617,844166,505960,Central,Male,Chhattisgarh,26,Arts,Tier 3,Parent,Rejected
6.18,539,861962,1026331,East,Male,West Bengal,25,Business,Tier 3,None,Rejected
5.41,475,416667,929685,East,Female,Assam,27,Business,Tier 3,Parent,Rejected
8.36,506,979343,1362070,South,Female,Tamil Nadu,28,Business,Tier 3,None,Rejected
6.81,529,898001,490952,West,Male,Rajasthan,22,Science,Tier 3,Parent,Rejected
8.01,663,200000,415465,South,Female,Karnataka,24,Science,Tier 1,Parent,Approved
7.84,604,337153,577885,West,Male,Rajasthan,24,Business,Tier 1,Sibling,Approved
9.29,701,1255407,675626,West,Female,Gujarat,28,Business,Tier 3,Relative,Approved
8.56,690,604031,100000,North,Female,Delhi,18,Science,Tier 2,Parent,Approved
10.0,632,529387,1208008,Central,Female,Madhya Pradesh,21,Engineering,Tier 2,Parent,Approved
9.72,583,200000,1341432,South,Male,Andhra Pradesh,20,Medical,Tier 2,Parent,Rejected
8.5,468,702786,1621584,East,Female,Odisha,20,Medical,Tier 1,None,Rejected
8.59,601,583567,218687,North,Female,Haryana,19,Arts,Tier 2,Parent,Approved
8.62,574,366415,451850,West,Male,Maharashtra,20,Science,Tier 2,Parent,Approved
7.28,508,965449,2092988,West,Male,Goa,22,Medical,Tier 2,Parent,Approved
8.01,571,458287,575936,North,Male,Haryana,22,Engineering,Tier 3,Parent,Approved
7.36,668,496700,829423,West,Female,Goa,20,Engineering,Tier 2,None,Rejected
8.7,635,780330,180861,West,Male,Gujarat,19,Science,Tier 1,Sibling,Approved
5.67,492,435205,2047519,South,Male,Telangana,28,Medical,Tier 2,None,Rejected
7.55,578,883943,758393,West,Female,Gujarat,23,Science,Tier 3,Sibling,Rejected
8.52,556,200000,956233,North,Female,Haryana,22,Architecture,Tier 3,Parent,Approved
9.89,473,200000,818802,East,Female,West Bengal,27,Engineering,Tier 1,Sibling,Rejected
7.29,615,765563,619292,West,Male,Gujarat,26,Engineering,Tier 1,Parent,Approved
7.84,413,424921,320654,East,Male,Assam,24,Science,Tier 2,Parent,Rejected
10.0,590,835656,1061412,North,Male,Uttarakhand,20,Law,Tier 1,Parent,Approved
7.6,618,1411954,759962,North,Female,Delhi,25,Arts,Tier 2,Parent,Approved
6.89,561,1024986,2424479,North,Male,Punjab,23,Medical,Tier 3,Parent,Approved
8.06,652,1057374,523103,South,Male,Andhra Pradesh,23,Arts,Tier 3,Parent,Approved
8.58,620,1240552,1445417,South,Male,Andhra Pradesh,28,Engineering,Tier 1,Sibling,Approved
8.66,747,973283,535980,South,Male,Andhra Pradesh,22,Engineering,Tier 1,Relative,Approved
10.0,608,200000,270035,South,Female,Tamil Nadu,22,Science,Tier 1,None,Approved
7.11,562,754713,235563,North,Female,Uttarakhand,23,Science,Tier 1,Parent,Approved
6.69,528,1073683,618310,North,Female,Haryana,25,Business,Tier 1,Parent,Approved
6.0,499,743755,788065,North,Male,Uttarakhand,24,Engineering,Tier 2,Parent,Rejected
9.41,659,1097288,1542171,West,Female,Gujarat,20,Engineering,Tier 2,Parent,Approved
8.48,520,1010582,990257,West,Female,Gujarat,26,Law,Tier 1,Parent,Approved
7.19,565,492061,825737,West,Male,Goa,24,Business,Tier 3,None,Approved
6.35,572,1036049,1109849,North,Female,Himachal Pradesh,21,Business,Tier 3,Parent,Approved
8.43,596,230133,429491,South,Male,Telangana,23,Engineering,Tier 2,Parent,Approved
7.22,442,1114612,2459327,South,Female,Telangana,27,Medical,Tier 2,Parent,Rejected
7.19,602,1084952,1665740,North,Female,Punjab,25,Architecture,Tier 2,Parent,Approved
7.23,545,200000,645164,South,Male,Telangana,25,Business,Tier 2,Parent,Approved
5.22,629,915800,1015545,South,Female,Kerala,25,Engineering,Tier 3,Parent,Approved
9.48,554,795955,753044,East,Female,Jharkhand,21,Science,Tier 1,Parent,Approved
7.84,602,667345,1048923,South,Female,Tamil Nadu,20,Engineering,Tier 1,Sibling,Approved
8.93,471,548923,559389,East,Male,Jharkhand,20,Arts,Tier 1,Parent,Rejected
9.79,551,1050697,1450492,North,Male,Haryana,26,Medical,Tier 1,Parent,Approved
8.67,598,1024744,496911,West,Female,Goa,26,Arts,Tier 2,Relative,Approved
9.39,694,234843,407356,South,Male,Telangana,24,Arts,Tier 1,Parent,Approved
9.93,607,779137,1247111,West,Male,Goa,25,Engineering,Tier 1,None,Approved
5.65,580,692412,1006350,North,Male,Punjab,19,Business,Tier 3,Parent,Rejected
7.18,593,474038,892208,Central,Female,Madhya Pradesh,22,Medical,Tier 2,Parent,Rejected
8.43,455,660539,157038,North,Female,Uttarakhand,26,Law,Tier 1,Relative,Approved
9.6,608,669825,771326,South,Female,Kerala,21,Engineering,Tier 3,Parent,Approved
5.36,663,914870,928290,West,Male,Maharashtra,23,Business,Tier 2,Parent,Approved
7.19,609,651189,788714,Central,Male,Chhattisgarh,20,Engineering,Tier 1,Sibling,Approved
6.93,643,268960,532452,South,Male,Andhra Pradesh,21,Science,Tier 2,None,Approved
6.27,600,473077,606607,East,Male,Odisha,21,Business,Tier 2,None,Rejected
5.89,536,657214,1116929,West,Female,Rajasthan,27,Law,Tier 2,Parent,Rejected
9.07,433,744059,537453,South,Male,Telangana,28,Medical,Tier 3,Sibling,Approved
7.26,517,331088,695015,North,Female,Punjab,22,Engineering,Tier 3,Parent,Approved
6.07,506,918076,784495,North,Male,Delhi,19,Business,Tier 3,Parent,Rejected
8.77,580,406121,1154016,North,Other,Delhi,21,Law,Tier 1,Parent,Approved
6.32,642,216155,1151490,North,Female,Delhi,28,Medical,Tier 3,Relative,Rejected
8.14,441,592216,526495,South,Male,Andhra Pradesh,21,Science,Tier 1,Parent,Rejected
7.4,525,323962,910232,Central,Male,Chhattisgarh,21,Engineering,Tier 2,Parent,Approved
7.56,597,330909,452322,West,Female,Rajasthan,21,Business,Tier 3,Parent,Approved
9.15,571,588171,1025476,East,Female,Bihar,20,Business,Tier 1,Parent,Approved
7.64,508,513587,452498,West,Female,Rajasthan,20,Business,Tier 1,Parent,Rejected
7.28,597,222196,288228,West,Male,Rajasthan,18,Science,Tier 2,Parent,Approved
6.2,528,717605,790916,North,Female,Punjab,25,Engineering,Tier 2,Sibling,Rejected
7.59,582,1313242,2487328,West,Female,Goa,26,Medical,Tier 2,None,Rejected
7.98,526,901217,900902,East,Male,Bihar,20,Business,Tier 3,Parent,Approved
8.45,544,263672,608659,Central,Female,Madhya Pradesh,19,Engineering,Tier 1,Parent,Approved
7.57,519,538361,607598,East,Female,Bihar,22,Science,Tier 2,Parent,Approved
8.21,462,826963,904241,North,Female,Punjab,20,Engineering,Tier 3,None,Rejected
6.97,537,200000,212799,South,Female,Tamil Nadu,19,Science,Tier 1,Parent,Approved
8.65,647,258438,393777,East,Female,Odisha,21,Arts,Tier 3,Parent,Rejected
5.07,641,968894,1625693,East,Female,Jharkhand,24,Architecture,Tier 2,Parent,Rejected
8.49,580,1083055,769607,West,Male,Rajasthan,27,Engineering,Tier 1,Relative,Approved
6.21,573,1208408,1608393,North,Male,Delhi,20,Engineering,Tier 3,Parent,Approved
9.81,707,296943,933617,South,Male,Kerala,20,Medical,Tier 1,Relative,Approved
6.6,612,200000,373021,East,Female,West Bengal,25,Arts,Tier 1,None,Rejected
8.16,660,884932,815641,North,Male,Haryana,23,Science,Tier 2,Parent,Approved
8.35,741,631748,2630228,North,Female,Himachal Pradesh,21,Medical,Tier 3,Parent,Approved
6.97,461,761629,564143,West,Female,Gujarat,27,Arts,Tier 2,Parent,Approved
10.0,694,428925,368662,East,Female,Odisha,28,Law,Tier 2,Parent,Approved
8.88,747,804543,332427,Central,Male,Uttar Pradesh,28,Engineering,Tier 1,Parent,Rejected
6.96,454,469536,1508210,Central,Male,Chhattisgarh,23,Medical,Tier 2,Sibling,Rejected
7.47,445,1231316,455080,South,Female,Telangana,28,Science,Tier 3,Parent,Approved
6.11,465,230033,702678,Central,Male,Uttar Pradesh,20,Law,Tier 3,Parent,Rejected
7.98,538,200000,631613,West,Male,Goa,19,Engineering,Tier 2,Parent,Approved
5.31,589,690896,874284,East,Male,Assam,25,Engineering,Tier 2,Parent,Rejected
7.39,551,504488,372173,West,Male,Rajasthan,25,Business,Tier 2,None,Approved
9.83,611,464840,1727847,West,Female,Maharashtra,23,Medical,Tier 1,Sibling,Approved
7.17,499,592194,648667,East,Male,West Bengal,20,Business,Tier 3,Parent,Approved
7.75,629,508077,1079611,South,Male,Telangana,23,Business,Tier 3,Parent,Rejected
6.65,605,892262,568751,West,Male,Maharashtra,22,Science,Tier 2,Relative,Approved
9.31,615,788917,1022292,North,Female,Uttarakhand,23,Engineering,Tier 2,Sibling,Approved
6.98,620,905911,1299423,South,Male,Andhra Pradesh,24,Business,Tier 2,Sibling,Approved
9.34,588,733975,967360,South,Male,Telangana,21,Engineering,Tier 2,Parent,Approved
7.24,679,743641,1058785,South,Female,Telangana,19,Law,Tier 3,Parent,Rejected
6.82,615,575562,251726,West,Male,Gujarat,23,Engineering,Tier 2,Relative,Approved
10.0,639,251434,352958,North,Male,Haryana,24,Science,Tier 2,Parent,Rejected
6.97,574,882186,238341,Central,Female,Chhattisgarh,19,Business,Tier 2,None,Rejected
8.53,493,1067320,100000,Central,Female,Chhattisgarh,24,Engineering,Tier 1,Parent,Approved
6.82,513,669803,1244230,Central,Male,Uttar Pradesh,25,Medical,Tier 3,Parent,Rejected
6.11,469,200000,877148,North,Male,Uttarakhand,23,Engineering,Tier 3,Parent,Rejected
7.64,440,434911,197248,West,Male,Maharashtra,18,Arts,Tier 2,Parent,Rejected
6.79,564,565154,463240,North,Female,Himachal Pradesh,22,Science,Tier 3,Parent,Approved
8.56,574,1026983,2748630,South,Male,Andhra Pradesh,27,Medical,Tier 2,Parent,Approved
6.64,561,765748,540650,North,Female,Haryana,23,Science,Tier 2,Parent,Approved
5.79,430,967899,2295005,South,Female,Kerala,26,Medical,Tier 3,Sibling,Rejected
7.67,646,486279,964347,South,Male,Karnataka,19,Business,Tier 2,Parent,Approved
7.21,591,606199,987120,South,Female,Kerala,24,Engineering,Tier 2,Parent,Approved
9.27,682,1245659,603314,West,Female,Goa,24,Arts,Tier 2,Sibling,Approved
8.94,656,859408,514582,West,Male,Goa,26,Arts,Tier 2,Parent,Approved
7.71,760,496986,999435,Central,Female,Chhattisgarh,20,Engineering,Tier 1,Parent,Approved
8.45,850,568971,572143,Central,Female,Chhattisgarh,27,Engineering,Tier 1,Parent,Approved
8.12,557,727328,1393013,North,Female,Punjab,19,Medical,Tier 1,Sibling,Approved
7.98,608,736805,1160746,West,Male,Maharashtra,25,Business,Tier 1,Parent,Approved
5.0,665,401159,264830,South,Male,Telangana,18,Science,Tier 3,Parent,Rejected
8.47,596,1120907,1803527,West,Female,Maharashtra,27,Medical,Tier 1,Parent,Approved
7.94,651,831904,660991,Central,Female,Chhattisgarh,18,Arts,Tier 1,None,Approved
8.51,668,830050,809787,South,Female,Karnataka,19,Engineering,Tier 2,Parent,Approved
7.48,610,659976,572193,North,Male,Delhi,19,Arts,Tier 3,Parent,Rejected
5.38,535,502326,738977,South,Female,Karnataka,28,Business,Tier 3,Relative,Approved
7.21,522,364267,1502345,South,Male,Telangana,23,Medical,Tier 2,Parent,Approved
5.0,533,952369,978699,South,Female,Tamil Nadu,19,Medical,Tier 3,Parent,Approved
7.78,577,774743,884138,South,Male,Telangana,20,Business,Tier 1,Parent,Approved
6.63,516,802462,1455804,West,Female,Rajasthan,27,Business,Tier 3,Parent,Rejected
7.89,652,643918,924215,East,Female,Odisha,24,Engineering,Tier 1,Parent,Approved
5.7,543,875047,757284,South,Male,Telangana,20,Science,Tier 3,Parent,Rejected
6.14,489,892090,1482904,Central,Female,Uttar Pradesh,25,Medical,Tier 2,Sibling,Rejected
9.16,566,728709,1063285,North,Female,Uttarakhand,21,Engineering,Tier 1,Parent,Approved
9.61,603,784486,1020770,West,Female,Maharashtra,28,Engineering,Tier 1,Parent,Approved
6.28,627,876961,1722322,North,Male,Haryana,27,Architecture,Tier 3,None,Approved
8.9,551,779204,741997,South,Other,Karnataka,27,Science,Tier 2,Sibling,Approved
6.77,505,1013479,2243472,North,Male,Punjab,21,Medical,Tier 2,Relative,Rejected
7.44,525,200000,1425192,South,Female,Karnataka,19,Architecture,Tier 1,None,Rejected
8.83,668,885572,1244825,North,Male,Haryana,18,Architecture,Tier 1,Parent,Approved
7.67,598,698186,655908,South,Male,Tamil Nadu,28,Arts,Tier 2,Sibling,Approved
9.87,654,1195865,907140,West,Female,Gujarat,22,Engineering,Tier 3,Parent,Approved
8.23,546,637347,1148965,North,Female,Himachal Pradesh,23,Medical,Tier 2,Sibling,Rejected
5.0,451,597630,661549,North,Female,Uttarakhand,20,Engineering,Tier 3,Parent,Rejected
6.72,560,872673,369525,North,Female,Himachal Pradesh,19,Science,Tier 2,None,Approved
7.03,548,600146,1234703,South,Female,Andhra Pradesh,19,Architecture,Tier 2,Parent,Approved
7.88,546,683424,923619,South,Female,Kerala,28,Engineering,Tier 1,Sibling,Approved
7.58,651,368854,966591,South,Male,Karnataka,20,Medical,Tier 3,Parent,Approved
5.72,645,804963,1852371,South,Female,Telangana,22,Architecture,Tier 2,Parent,Approved
9.03,618,1060354,827933,West,Male,Rajasthan,27,Science,Tier 1,None,Approved
8.41,582,548371,895033,East,Female,West Bengal,19,Engineering,Tier 1,Parent,Approved
6.69,683,830297,698039,Central,Male,Uttar Pradesh,21,Business,Tier 2,Sibling,Approved
8.04,628,701257,386977,Central,Male,Uttar Pradesh,28,Engineering,Tier 1,Parent,Approved
8.9,627,881874,1076749,West,Female,Gujarat,28,Engineering,Tier 2,Parent,Approved
10.0,643,200000,990096,North,Male,Haryana,19,Engineering,Tier 3,Sibling,Rejected
7.14,552,470779,277137,Central,Female,Chhattisgarh,26,Arts,Tier 2,Parent,Approved
9.21,646,712163,2348652,Central,Female,Chhattisgarh,28,Medical,Tier 2,Parent,Rejected
8.04,675,848559,419222,West,Female,Maharashtra,23,Science,Tier 1,Parent,Approved
8.96,661,684527,969426,South,Male,Tamil Nadu,28,Engineering,Tier 2,None,Approved
8.8,611,633631,713155,West,Male,Gujarat,28,Business,Tier 3,Relative,Rejected
8.94,627,1094344,222971,West,Male,Goa,18,Engineering,Tier 2,Parent,Approved
8.59,718,706451,734149,West,Female,Maharashtra,21,Business,Tier 2,Sibling,Approved
9.45,647,508249,695968,East,Male,Odisha,27,Engineering,Tier 1,None,Approved
7.75,548,437079,715878,Central,Female,Madhya Pradesh,25,Engineering,Tier 2,Relative,Approved
8.74,522,1115002,2639240,South,Male,Tamil Nadu,28,Architecture,Tier 1,Parent,Approved
6.2,472,1144260,835810,South,Male,Tamil Nadu,24,Science,Tier 3,Relative,Approved
7.02,601,327233,339402,North,Female,Haryana,24,Science,Tier 2,Parent,Approved
9.53,646,501200,1168697,West,Male,Goa,18,Engineering,Tier 3,None,Approved
10.0,692,539057,989188,South,Male,Telangana,23,Medical,Tier 3,Relative,Approved
7.82,647,345002,805312,North,Male,Uttarakhand,27,Engineering,Tier 1,Parent,Approved
6.95,562,400350,766270,West,Male,Maharashtra,19,Engineering,Tier 1,Parent,Approved
8.05,612,968355,1343913,North,Female,Haryana,25,Medical,Tier 2,Sibling,Approved
8.7,610,200000,498804,North,Male,Delhi,22,Science,Tier 2,Parent,Approved
8.43,635,547210,742847,East,Female,Odisha,28,Business,Tier 1,Parent,Approved
9.23,580,755308,708929,North,Male,Haryana,19,Law,Tier 1,Parent,Approved
9.16,648,331687,944133,North,Male,Punjab,26,Engineering,Tier 1,Parent,Approved
9.6,598,1105428,1108099,East,Male,Odisha,20,Engineering,Tier 1,Parent,Approved
5.0,477,275634,1091768,North,Female,Himachal Pradesh,27,Business,Tier 3,Sibling,Rejected
7.92,627,200000,898279,North,Male,Delhi,22,Business,Tier 1,Sibling,Approved
9.45,574,200000,1370626,Central,Female,Madhya Pradesh,23,Architecture,Tier 3,Parent,Rejected
6.89,591,839853,1728944,East,Female,West Bengal,19,Medical,Tier 2,None,Rejected
8.49,477,1003233,667824,West,Male,Rajasthan,18,Science,Tier 2,Parent,Approved
6.66,597,533484,767398,Central,Female,Madhya Pradesh,19,Business,Tier 1,Parent,Approved
7.5,770,618790,1434146,West,Female,Goa,24,Engineering,Tier 2,Parent,Rejected
5.26,540,696977,602672,West,Male,Gujarat,22,Science,Tier 2,Parent,Approved
8.31,743,865868,1227855,West,Female,Maharashtra,27,Engineering,Tier 1,Parent,Approved
6.32,577,1251902,1559942,South,Female,Andhra Pradesh,22,Engineering,Tier 3,Parent,Rejected
7.57,644,1243428,880543,West,Male,Gujarat,19,Engineering,Tier 3,Parent,Approved
5.41,599,716197,639843,North,Female,Haryana,22,Science,Tier 2,None,Approved
9.11,502,456354,964263,West,Female,Rajasthan,24,Business,Tier 2,Parent,Approved
9.27,690,1139601,992042,East,Female,West Bengal,18,Engineering,Tier 1,Parent,Approved
6.28,455,1204361,1168790,North,Female,Himachal Pradesh,27,Medical,Tier 2,Relative,Approved
8.71,507,200000,989724,West,Male,Gujarat,18,Engineering,Tier 1,Parent,Approved
8.35,734,627529,782594,West,Female,Gujarat,21,Business,Tier 2,Parent,Approved
8.81,592,611051,799281,East,Female,Bihar,23,Engineering,Tier 1,Parent,Approved
6.51,525,533553,887317,Central,Male,Chhattisgarh,22,Engineering,Tier 3,Parent,Approved
7.08,660,971007,626224,North,Female,Himachal Pradesh,25,Business,Tier 1,Parent,Approved
5.0,544,777820,465927,North,Male,Punjab,21,Science,Tier 3,Parent,Approved
7.15,609,877775,504905,East,Female,Jharkhand,27,Engineering,Tier 3,Parent,Approved
8.09,471,972832,517618,West,Male,Goa,26,Science,Tier 2,Sibling,Rejected
8.41,696,200000,1585284,East,Female,West Bengal,28,Architecture,Tier 1,Parent,Approved
6.6,490,388182,1015884,East,Male,Bihar,26,Medical,Tier 2,Parent,Approved
5.0,597,1122281,555749,West,Male,Rajasthan,21,Engineering,Tier 2,Parent,Approved
10.0,533,776156,609275,South,Female,Telangana,22,Science,Tier 2,Parent,Approved
9.39,612,790825,1209761,South,Male,Kerala,19,Engineering,Tier 1,Sibling,Approved
9.06,628,1377486,2747640,West,Male,Goa,26,Medical,Tier 1,Parent,Approved
6.36,607,603961,385501,Central,Male,Uttar Pradesh,22,Arts,Tier 3,Parent,Approved
7.2,592,240071,851400,South,Female,Tamil Nadu,20,Science,Tier 2,Parent,Approved
10.0,624,1063208,661784,North,Male,Himachal Pradesh,25,Medical,Tier 2,Parent,Approved
5.58,495,829411,1338943,North,Male,Punjab,22,Engineering,Tier 2,Parent,Rejected
8.51,640,1036617,2161851,South,Male,Andhra Pradesh,20,Architecture,Tier 3,Parent,Approved
7.24,614,240901,434586,East,Female,West Bengal,19,Science,Tier 2,Parent,Approved
8.11,520,889360,947790,West,Male,Goa,27,Law,Tier 2,None,Approved
5.0,549,619048,1188947,East,Female,Assam,26,Engineering,Tier 3,Parent,Rejected
7.6,619,760068,887244,Central,Male,Uttar Pradesh,19,Engineering,Tier 2,Parent,Approved
9.97,603,1517689,1498271,West,Male,Goa,21,Business,Tier 3,Sibling,Rejected
6.41,602,1296269,854223,West,Male,Rajasthan,26,Arts,Tier 2,Parent,Rejected
8.38,580,633970,2335209,North,Female,Uttarakhand,28,Medical,Tier 1,Sibling,Rejected
9.91,666,889542,270862,West,Male,Goa,21,Business,Tier 2,Parent,Approved
7.49,563,590859,824006,Central,Male,Uttar Pradesh,24,Arts,Tier 2,Relative,Approved
9.0,650,306773,360776,East,Male,West Bengal,18,Engineering,Tier 2,Parent,Approved
8.37,519,1188940,589787,North,Female,Delhi,24,Engineering,Tier 2,Sibling,Approved
10.0,633,720970,2336291,North,Female,Delhi,19,Medical,Tier 1,Sibling,Approved
8.48,520,1066722,592850,West,Male,Gujarat,19,Science,Tier 2,Parent,Approved
8.97,486,561711,917432,East,Female,Assam,22,Business,Tier 1,Sibling,Approved
9.09,567,512988,317529,North,Male,Himachal Pradesh,23,Science,Tier 1,None,Approved
7.91,503,468690,1044655,West,Female,Gujarat,21,Engineering,Tier 3,None,Approved
9.25,568,588180,1146770,North,Female,Himachal Pradesh,27,Medical,Tier 1,Sibling,Approved
7.29,590,875867,563579,North,Male,Punjab,25,Business,Tier 2,Relative,Rejected
7.21,538,1024146,789687,South,Female,Karnataka,23,Engineering,Tier 3,Parent,Approved
9.6,577,738932,1628981,East,Male,Bihar,24,Medical,Tier 2,Parent,Approved
7.96,557,847517,867927,North,Female,Uttarakhand,28,Science,Tier 3,Parent,Rejected
7.05,470,468064,408804,South,Male,Kerala,22,Arts,Tier 3,Parent,Approved
8.26,656,1040572,733673,West,Male,Rajasthan,26,Arts,Tier 2,Relative,Approved
7.6,470,1026379,1481605,West,Male,Goa,18,Architecture,Tier 3,Parent,Rejected
6.12,522,383777,541595,South,Female,Andhra Pradesh,20,Arts,Tier 3,Parent,Approved
6.92,528,1221421,686683,West,Male,Goa,27,Science,Tier 2,Parent,Approved
10.0,529,862500,818831,North,Male,Punjab,27,Science,Tier 1,Parent,Approved
7.64,704,985889,1261289,West,Female,Gujarat,25,Engineering,Tier 3,Parent,Approved
6.12,570,226962,917700,Central,Female,Chhattisgarh,21,Business,Tier 2,Parent,Approved
8.04,568,467597,861698,Central,Female,Chhattisgarh,27,Medical,Tier 2,Relative,Approved
8.58,641,324850,448571,West,Female,Gujarat,20,Business,Tier 2,Parent,Approved
10.0,618,606459,561360,West,Male,Goa,22,Business,Tier 1,Parent,Approved
5.76,430,1147194,2216771,West,Female,Rajasthan,18,Medical,Tier 2,Parent,Approved
9.32,604,388540,781806,South,Male,Telangana,21,Engineering,Tier 3,Parent,Approved
6.77,555,391900,1316132,North,Female,Delhi,18,Medical,Tier 2,Parent,Rejected
7.92,624,895307,1132629,South,Female,Kerala,28,Medical,Tier 3,Parent,Approved
6.14,552,886014,552911,North,Female,Delhi,21,Arts,Tier 2,Parent,Rejected
9.1,684,269590,2048954,East,Male,Odisha,25,Medical,Tier 2,Parent,Approved
7.51,495,1067382,1551311,West,Female,Rajasthan,23,Engineering,Tier 3,Parent,Rejected
7.4,602,821280,1020897,North,Male,Himachal Pradesh,19,Engineering,Tier 2,Parent,Approved
7.34,529,1101609,852583,South,Male,Telangana,26,Arts,Tier 2,Parent,Approved
9.1,554,927956,571680,North,Female,Uttarakhand,28,Engineering,Tier 3,Relative,Approved
10.0,499,717786,1763158,North,Male,Uttarakhand,19,Engineering,Tier 1,Sibling,Approved
7.72,575,541135,647072,North,Male,Delhi,18,Arts,Tier 2,Parent,Approved
5.0,683,569922,530457,South,Male,Kerala,25,Medical,Tier 3,Parent,Approved
6.75,471,381873,1069655,West,Female,Rajasthan,20,Business,Tier 2,Parent,Rejected
5.46,645,1061510,962341,South,Female,Tamil Nadu,24,Business,Tier 3,Parent,Rejected
6.93,530,887911,673600,South,Female,Andhra Pradesh,28,Engineering,Tier 3,Parent,Approved
7.49,439,1158586,1074978,South,Female,Telangana,28,Engineering,Tier 2,None,Approved
9.21,597,1103540,1059496,West,Female,Rajasthan,20,Engineering,Tier 3,Parent,Rejected
7.32,636,861181,706643,West,Male,Rajasthan,27,Engineering,Tier 2,Parent,Approved
8.34,698,440281,706501,North,Male,Uttarakhand,28,Engineering,Tier 2,Parent,Approved
8.22,646,938899,2422011,South,Female,Kerala,19,Medical,Tier 2,Parent,Approved
8.07,614,827815,1194927,North,Female,Himachal Pradesh,26,Engineering,Tier 3,Parent,Approved
5.6,532,446924,537037,North,Female,Haryana,23,Science,Tier 2,Parent,Rejected
9.25,588,513837,933963,West,Male,Rajasthan,23,Medical,Tier 2,Parent,Approved
7.52,630,1162765,399497,North,Female,Haryana,20,Science,Tier 2,Parent,Approved
8.04,570,518583,2521776,South,Female,Kerala,23,Medical,Tier 3,Sibling,Rejected
7.53,528,672317,1197706,North,Male,Punjab,20,Engineering,Tier 2,Parent,Approved
9.26,656,1142619,972383,Central,Female,Madhya Pradesh,18,Engineering,Tier 1,Parent,Approved
6.51,537,574141,355531,North,Male,Himachal Pradesh,19,Science,Tier 2,Relative,Rejected
7.08,599,646414,425838,West,Male,Goa,27,Science,Tier 2,Parent,Approved
5.77,574,750633,495391,Central,Male,Madhya Pradesh,28,Architecture,Tier 3,Relative,Rejected
5.43,600,746520,435649,East,Female,Jharkhand,21,Arts,Tier 2,Parent,Approved
7.13,436,546035,659074,South,Male,Tamil Nadu,18,Science,Tier 2,None,Rejected
5.0,647,718210,598122,South,Male,Telangana,24,Engineering,Tier 3,Relative,Rejected
7.72,584,585830,850652,Central,Male,Madhya Pradesh,23,Business,Tier 1,Parent,Approved
10.0,645,997735,1018368,South,Male,Tamil Nadu,21,Medical,Tier 1,Parent,Approved
7.8,704,896280,1622846,North,Male,Himachal Pradesh,24,Architecture,Tier 3,Sibling,Approved
8.9,474,814673,585896,North,Male,Himachal Pradesh,18,Engineering,Tier 2,Parent,Approved
7.25,565,800957,1249781,Central,Male,Madhya Pradesh,21,Business,Tier 3,Parent,Approved
7.48,498,1109347,843997,North,Female,Punjab,27,Science,Tier 3,Parent,Approved
6.94,661,367046,384963,West,Female,Gujarat,26,Arts,Tier 3,Parent,Approved
7.26,569,458932,702866,West,Male,Gujarat,24,Medical,Tier 3,Sibling,Rejected
6.17,594,359343,322062,East,Male,Odisha,28,Arts,Tier 2,Parent,Rejected
5.45,502,323406,570368,West,Male,Rajasthan,20,Business,Tier 3,Parent,Rejected
7.43,524,614605,608542,South,Female,Andhra Pradesh,23,Engineering,Tier 2,Parent,Approved
8.56,646,595904,632350,North,Male,Delhi,24,Engineering,Tier 1,Parent,Approved
9.12,628,501801,1591574,South,Female,Karnataka,18,Medical,Tier 3,Parent,Approved
8.28,599,854168,944301,North,Male,Punjab,25,Arts,Tier 1,Parent,Rejected
6.64,409,357846,734387,South,Female,Telangana,28,Law,Tier 2,None,Rejected
9.3,514,631546,770703,North,Male,Uttarakhand,23,Business,Tier 3,Parent,Approved
8.65,536,456821,693607,East,Male,Bihar,23,Medical,Tier 1,Sibling,Approved
6.84,600,605783,954401,North,Male,Haryana,24,Business,Tier 3,Parent,Approved
7.41,524,904992,1578851,North,Male,Uttarakhand,22,Medical,Tier 2,Parent,Approved
9.16,531,489890,537077,West,Male,Maharashtra,24,Business,Tier 2,Parent,Rejected
9.09,649,418156,1042329,South,Male,Karnataka,18,Engineering,Tier 1,Parent,Approved
7.0,443,599527,973625,East,Female,Bihar,21,Business,Tier 3,Parent,Rejected
7.09,615,728581,598852,South,Female,Karnataka,27,Science,Tier 3,Sibling,Approved
10.0,639,516945,1050220,North,Male,Punjab,19,Medical,Tier 2,Sibling,Rejected
7.71,678,575326,1031057,South,Male,Andhra Pradesh,27,Engineering,Tier 3,Relative,Approved
8.41,697,200000,788668,East,Female,West Bengal,23,Engineering,Tier 2,Sibling,Approved
8.34,585,576965,196927,West,Female,Rajasthan,23,Business,Tier 2,None,Approved
8.39,586,584311,1073910,Central,Male,Madhya Pradesh,26,Business,Tier 1,Parent,Approved
8.09,627,1591796,1038401,West,Male,Goa,28,Arts,Tier 2,Sibling,Rejected
6.63,561,790398,843602,West,Male,Rajasthan,24,Arts,Tier 2,None,Approved
7.89,486,1266245,550144,West,Male,Goa,26,Arts,Tier 3,Parent,Approved
7.97,636,629209,269941,South,Male,Telangana,20,Science,Tier 1,Parent,Approved
5.0,508,796134,647175,East,Female,Jharkhand,22,Science,Tier 3,Sibling,Approved
5.89,352,923671,2160776,South,Male,Kerala,20,Medical,Tier 2,Parent,Rejected
9.56,567,888940,402882,North,Female,Punjab,27,Science,Tier 1,Parent,Approved
8.92,607,718985,325439,North,Female,Haryana,21,Science,Tier 3,Parent,Approved
5.0,514,343461,894237,East,Female,Odisha,25,Business,Tier 3,Relative,Rejected
7.74,456,928673,619880,West,Male,Rajasthan,27,Arts,Tier 1,Sibling,Approved
8.95,611,1288412,491743,West,Male,Goa,20,Science,Tier 1,Parent,Approved
9.85,491,1069038,694070,North,Female,Delhi,19,Business,Tier 2,None,Approved
7.67,625,770470,1038506,North,Male,Uttarakhand,28,Engineering,Tier 3,Sibling,Rejected
6.57,460,376581,634030,East,Male,Jharkhand,27,Engineering,Tier 2,Parent,Approved
8.11,487,553734,1000075,West,Male,Gujarat,18,Engineering,Tier 3,Parent,Rejected
5.28,523,729493,2026602,East,Female,Bihar,22,Architecture,Tier 3,Parent,Approved
7.57,577,493279,794919,Central,Male,Chhattisgarh,27,Business,Tier 1,Sibling,Rejected
7.65,652,297676,802280,South,Male,Andhra Pradesh,25,Medical,Tier 1,Parent,Approved
6.04,420,857331,745232,South,Male,Kerala,19,Arts,Tier 3,Parent,Rejected
9.51,533,843056,1580782,South,Male,Karnataka,21,Medical,Tier 1,Parent,Approved
5.72,530,639379,1637878,Central,Male,Chhattisgarh,25,Medical,Tier 2,Parent,Rejected
6.62,641,917234,1567567,South,Female,Kerala,27,Business,Tier 3,Parent,Approved
8.03,628,764168,1134142,North,Female,Haryana,18,Law,Tier 1,Parent,Approved
8.47,585,1002893,902367,North,Male,Punjab,18,Arts,Tier 3,Parent,Approved
8.67,642,493999,1805898,East,Female,Jharkhand,27,Medical,Tier 1,Parent,Approved
9.04,602,741867,100000,West,Male,Rajasthan,22,Business,Tier 3,Sibling,Approved
10.0,516,1473290,2218951,North,Female,Haryana,23,Law,Tier 1,Parent,Approved
8.26,386,557730,739068,West,Female,Goa,19,Engineering,Tier 2,Parent,Rejected
5.38,630,841019,2212473,South,Female,Andhra Pradesh,18,Architecture,Tier 3,Parent,Approved
7.9,515,248860,1690521,East,Female,Bihar,26,Medical,Tier 3,Relative,Approved
8.28,674,928287,1183199,South,Female,Karnataka,24,Engineering,Tier 1,Parent,Approved
6.99,572,931153,1187901,West,Male,Rajasthan,23,Business,Tier 2,Parent,Approved
5.48,700,576875,797761,West,Male,Rajasthan,23,Science,Tier 2,Relative,Rejected
10.0,418,455437,584309,South,Male,Kerala,21,Engineering,Tier 1,Parent,Rejected
5.0,484,253618,709550,North,Female,Delhi,25,Law,Tier 3,Parent,Rejected
6.77,700,576886,635343,North,Female,Punjab,26,Engineering,Tier 1,Parent,Approved
6.96,608,312704,789848,Central,Male,Chhattisgarh,25,Engineering,Tier 3,Parent,Rejected
7.59,670,924871,652076,North,Male,Himachal Pradesh,18,Arts,Tier 2,Parent,Approved
7.47,656,519817,503898,East,Female,Jharkhand,20,Arts,Tier 2,Parent,Approved
8.42,678,312366,885893,Central,Male,Uttar Pradesh,25,Business,Tier 2,Parent,Approved
8.45,623,559116,788307,South,Female,Tamil Nadu,26,Business,Tier 2,Parent,Approved
7.44,615,954306,808177,North,Female,Uttarakhand,27,Business,Tier 1,Relative,Approved
8.08,593,200000,358971,East,Female,West Bengal,26,Science,Tier 1,None,Approved
8.21,604,908551,979608,South,Male,Andhra Pradesh,22,Engineering,Tier 2,Parent,Approved
7.05,624,575395,534340,East,Female,Odisha,28,Engineering,Tier 3,Parent,Approved
10.0,521,260233,377674,East,Female,Bihar,22,Science,Tier 1,Sibling,Approved
6.58,432,968235,920124,West,Female,Gujarat,23,Engineering,Tier 3,Parent,Approved
8.92,513,425596,580590,West,Male,Rajasthan,27,Science,Tier 2,Relative,Approved
7.01,634,1153115,1190483,West,Female,Maharashtra,22,Engineering,Tier 2,Parent,Approved
9.1,700,263923,1014049,East,Female,Assam,22,Business,Tier 1,Parent,Approved
9.87,570,329389,1059151,East,Female,Bihar,24,Business,Tier 3,Parent,Approved
5.37,544,1080073,2055059,West,Male,Gujarat,21,Medical,Tier 2,Parent,Rejected
9.09,557,775951,629062,East,Female,Odisha,20,Business,Tier 1,Sibling,Approved
9.27,579,711669,908431,East,Male,Bihar,28,Engineering,Tier 1,Parent,Approved
9.84,674,636774,1075709,West,Female,Goa,18,Engineering,Tier 3,Parent,Approved
8.77,640,523222,681657,North,Male,Delhi,27,Law,Tier 2,Relative,Approved
10.0,540,947736,1240169,West,Male,Goa,18,Business,Tier 2,Relative,Approved
7.24,592,820450,1234855,West,Female,Goa,26,Engineering,Tier 2,Relative,Approved
7.03,546,973004,2199698,West,Female,Goa,28,Medical,Tier 2,Parent,Approved
9.17,577,1196192,1651808,North,Female,Punjab,25,Law,Tier 1,Sibling,Approved
9.56,726,859823,344980,South,Female,Telangana,26,Arts,Tier 1,Parent,Approved
5.59,614,507930,1964549,South,Male,Tamil Nadu,18,Medical,Tier 3,Parent,Rejected
6.95,507,993235,1404547,North,Male,Himachal Pradesh,21,Engineering,Tier 2,Sibling,Rejected
8.97,632,200000,1112381,South,Male,Kerala,19,Business,Tier 2,Parent,Rejected
7.03,512,547003,747925,South,Male,Karnataka,20,Business,Tier 2,Parent,Rejected
7.77,553,747255,1013806,Central,Female,Madhya Pradesh,23,Engineering,Tier 3,Relative,Approved
8.81,753,1033171,1050141,South,Male,Karnataka,19,Engineering,Tier 1,Parent,Approved
8.58,520,530215,444446,East,Female,Bihar,18,Arts,Tier 3,None,Approved
8.09,575,586662,794171,West,Male,Gujarat,20,Arts,Tier 1,Parent,Approved
6.28,678,844876,157338,North,Male,Uttarakhand,26,Business,Tier 2,Parent,Approved
7.93,652,878541,1107727,Central,Female,Madhya Pradesh,24,Medical,Tier 1,Parent,Approved
5.1,494,822171,220342,North,Female,Delhi,20,Arts,Tier 3,None,Approved
7.85,580,834763,659182,North,Female,Delhi,18,Engineering,Tier 1,Sibling,Approved
5.26,532,928127,587788,Central,Male,Madhya Pradesh,27,Engineering,Tier 2,Relative,Rejected
9.22,724,817843,1143001,South,Male,Tamil Nadu,24,Business,Tier 1,Parent,Approved
6.97,627,861304,2201508,North,Male,Haryana,23,Architecture,Tier 3,Parent,Rejected
9.87,652,539853,968959,South,Male,Karnataka,18,Engineering,Tier 3,Relative,Approved
9.92,578,684285,1767239,North,Female,Haryana,23,Architecture,Tier 1,Parent,Approved
6.52,491,640085,1532234,North,Female,Delhi,23,Medical,Tier 2,Parent,Approved
8.32,554,674488,1311528,North,Male,Uttarakhand,24,Engineering,Tier 1,Parent,Approved
8.05,574,395655,545333,East,Male,Odisha,18,Engineering,Tier 1,Parent,Approved
7.44,604,963951,1324704,South,Female,Kerala,27,Engineering,Tier 2,None,Approved
7.4,536,336069,487659,North,Male,Delhi,18,Engineering,Tier 2,Parent,Approved
7.88,635,284239,288391,Central,Female,Uttar Pradesh,21,Business,Tier 1,Parent,Approved
5.23,664,276668,155406,Central,Male,Uttar Pradesh,28,Engineering,Tier 2,None,Rejected
5.88,638,679636,478509,West,Female,Rajasthan,18,Business,Tier 3,Sibling,Rejected
9.59,648,625742,2129522,South,Male,Andhra Pradesh,23,Medical,Tier 1,Parent,Approved
7.66,590,870115,993798,North,Female,Haryana,22,Architecture,Tier 1,Parent,Approved
8.57,554,540121,232354,East,Female,Bihar,22,Arts,Tier 3,Parent,Approved
9.67,762,1106204,786023,West,Female,Rajasthan,27,Arts,Tier 1,Relative,Approved
9.91,587,716710,1237854,West,Female,Rajasthan,24,Engineering,Tier 2,Parent,Approved
7.89,614,1083270,2860402,West,Female,Goa,18,Medical,Tier 1,None,Rejected
9.3,549,1073289,2337971,South,Male,Tamil Nadu,19,Architecture,Tier 3,Parent,Rejected
8.12,624,856245,573573,Central,Male,Chhattisgarh,25,Business,Tier 3,Relative,Approved
5.29,497,872127,1700642,North,Male,Punjab,28,Architecture,Tier 2,Relative,Rejected
10.0,623,670632,588956,East,Male,Bihar,18,Engineering,Tier 1,Parent,Approved
7.41,576,557006,995891,South,Male,Tamil Nadu,24,Engineering,Tier 2,Parent,Approved
5.51,531,614402,1135844,South,Male,Telangana,24,Medical,Tier 2,Relative,Approved
9.6,535,1183212,821568,West,Male,Goa,26,Engineering,Tier 3,Parent,Approved
5.16,598,218734,939068,Central,Male,Chhattisgarh,21,Engineering,Tier 3,Parent,Rejected
9.61,652,721966,1255801,East,Male,West Bengal,20,Medical,Tier 2,Parent,Approved
8.17,476,404834,563003,West,Male,Maharashtra,19,Business,Tier 2,Sibling,Approved
7.57,590,541142,1129897,East,Male,Odisha,25,Engineering,Tier 2,None,Rejected
8.18,550,788756,1188035,East,Male,West Bengal,27,Medical,Tier 2,None,Rejected
5.0,599,656631,318001,West,Female,Goa,26,Science,Tier 3,Parent,Rejected
7.67,525,857578,176571,North,Female,Punjab,20,Arts,Tier 2,Sibling,Approved
7.52,577,535028,1735335,South,Male,Tamil Nadu,26,Medical,Tier 3,Parent,Rejected
7.29,644,644829,647165,East,Male,Jharkhand,21,Business,Tier 3,Parent,Approved
8.5,504,289404,426548,North,Male,Punjab,24,Business,Tier 1,Relative,Rejected
5.0,455,637166,1214500,West,Male,Gujarat,20,Business,Tier 3,Parent,Rejected
5.65,625,358116,570232,South,Female,Telangana,28,Engineering,Tier 2,Parent,Approved
7.65,520,1106818,680784,West,Female,Goa,18,Engineering,Tier 1,Parent,Approved
9.31,593,465536,546444,East,Female,Odisha,26,Arts,Tier 1,None,Rejected
7.05,652,1129514,750886,West,Male,Goa,28,Science,Tier 2,Sibling,Approved
7.37,537,637759,973555,West,Male,Rajasthan,24,Engineering,Tier 1,Parent,Approved
8.65,583,1058425,1683483,West,Male,Gujarat,23,Medical,Tier 1,Relative,Approved
6.32,551,394495,1615862,West,Female,Gujarat,24,Medical,Tier 1,Parent,Rejected
7.66,664,892569,1954086,South,Female,Tamil Nadu,24,Architecture,Tier 1,None,Rejected
9.38,660,692221,943869,East,Female,Bihar,20,Law,Tier 2,Parent,Approved
8.12,527,1057565,779928,North,Female,Haryana,22,Science,Tier 2,Parent,Approved
8.48,606,612811,931745,South,Male,Kerala,23,Engineering,Tier 1,Sibling,Approved
8.07,615,1169872,936426,West,Male,Maharashtra,27,Arts,Tier 2,Parent,Approved
9.5,607,1192384,299154,West,Male,Goa,18,Science,Tier 2,Parent,Approved
6.85,627,535168,477829,Central,Male,Chhattisgarh,27,Engineering,Tier 2,None,Approved
7.98,624,845981,707092,Central,Female,Uttar Pradesh,25,Arts,Tier 3,Sibling,Approved
7.07,475,404629,777217,South,Male,Karnataka,28,Business,Tier 3,Parent,Rejected
8.1,574,743493,357779,North,Female,Haryana,22,Science,Tier 1,Parent,Approved
6.77,562,747427,343873,West,Male,Rajasthan,18,Science,Tier 2,Parent,Approved
9.86,674,881852,1221579,South,Male,Tamil Nadu,23,Engineering,Tier 1,Sibling,Approved
9.65,619,820595,891556,West,Female,Goa,28,Business,Tier 1,Parent,Approved
8.75,581,931424,1821638,North,Female,Himachal Pradesh,27,Medical,Tier 1,Parent,Approved
8.16,496,297332,686025,East,Male,West Bengal,26,Engineering,Tier 2,Parent,Rejected
8.21,660,862734,1180940,South,Female,Telangana,21,Engineering,Tier 2,Parent,Approved
8.42,705,399486,1790729,Central,Female,Chhattisgarh,27,Medical,Tier 2,Parent,Rejected
8.0,561,630375,1008397,West,Female,Maharashtra,19,Business,Tier 3,Parent,Approved
6.93,597,462271,849062,North,Male,Delhi,27,Law,Tier 2,Sibling,Rejected
7.17,495,1018294,1171440,South,Male,Andhra Pradesh,21,Medical,Tier 2,Parent,Approved
7.37,552,481752,596861,Central,Other,Uttar Pradesh,18,Arts,Tier 1,Relative,Rejected
6.86,499,692809,815104,South,Female,Telangana,24,Arts,Tier 1,Parent,Rejected
6.99,742,875734,2137585,West,Male,Goa,23,Medical,Tier 1,Relative,Rejected
8.2,640,899970,1430016,South,Female,Andhra Pradesh,22,Business,Tier 3,Parent,Approved
9.3,557,632922,797763,East,Female,Bihar,24,Law,Tier 1,Parent,Approved
8.68,614,835190,1020758,Central,Male,Uttar Pradesh,25,Engineering,Tier 1,Parent,Approved
7.73,596,957981,1239323,East,Male,Bihar,28,Business,Tier 1,Relative,Approved
7.6,563,200000,718932,West,Male,Goa,27,Engineering,Tier 2,Parent,Approved
5.0,630,1046618,430427,North,Female,Uttarakhand,21,Engineering,Tier 3,Parent,Approved
5.72,593,1058344,1368332,West,Male,Rajasthan,25,Architecture,Tier 3,None,Approved
8.14,568,692331,1076251,East,Female,Jharkhand,25,Business,Tier 2,Parent,Approved
6.94,547,979238,931715,North,Male,Punjab,18,Engineering,Tier 2,Parent,Rejected
7.45,561,1205667,1407075,Central,Male,Uttar Pradesh,28,Medical,Tier 3,Sibling,Rejected
8.84,579,873680,952965,North,Male,Punjab,18,Business,Tier 2,Parent,Approved
8.37,580,1225870,1160925,South,Female,Tamil Nadu,23,Business,Tier 3,Relative,Approved
7.88,528,666614,1065905,South,Female,Andhra Pradesh,26,Engineering,Tier 3,Parent,Rejected
7.34,552,588904,767103,South,Male,Kerala,20,Business,Tier 2,Parent,Rejected
7.45,570,760074,310398,North,Female,Delhi,23,Business,Tier 1,Parent,Approved
7.5,587,1042412,1371409,South,Male,Telangana,22,Medical,Tier 2,Relative,Rejected
6.1,527,1256768,1624973,West,Male,Goa,19,Business,Tier 2,Parent,Rejected
5.63,558,986908,1049750,South,Male,Kerala,22,Science,Tier 2,Sibling,Approved
6.41,478,1190033,243075,South,Male,Karnataka,19,Arts,Tier 3,Parent,Rejected
9.94,549,773555,2124085,East,Male,Odisha,20,Architecture,Tier 1,Parent,Approved
9.68,689,384904,189186,East,Female,Odisha,25,Business,Tier 3,Sibling,Approved
7.86,705,805195,1512124,East,Female,Bihar,23,Medical,Tier 1,Parent,Approved
5.79,499,639423,610159,Central,Male,Madhya Pradesh,26,Law,Tier 2,Relative,Approved
7.3,544,1560702,899150,North,Female,Himachal Pradesh,20,Business,Tier 3,Parent,Approved
8.04,637,870207,923582,South,Male,Karnataka,25,Engineering,Tier 1,Parent,Approved
8.21,592,425722,522564,Central,Female,Uttar Pradesh,27,Arts,Tier 1,Parent,Approved
8.36,502,527952,972814,West,Female,Rajasthan,20,Architecture,Tier 1,Parent,Approved
6.5,532,200000,481963,South,Female,Karnataka,26,Engineering,Tier 3,Parent,Rejected
8.49,649,630096,812511,West,Male,Gujarat,22,Science,Tier 1,Parent,Approved
7.99,607,881829,1874183,South,Female,Kerala,21,Medical,Tier 2,Parent,Approved
7.85,664,455332,465165,West,Female,Gujarat,27,Arts,Tier 2,Parent,Approved
7.29,551,875535,1196359,North,Female,Delhi,21,Medical,Tier 2,Parent,Approved
8.69,605,570845,415802,West,Female,Goa,23,Business,Tier 2,Parent,Approved
9.96,521,521707,564030,South,Female,Andhra Pradesh,21,Arts,Tier 1,Parent,Approved
8.27,418,525669,780500,East,Female,Bihar,27,Law,Tier 1,Parent,Rejected
7.6,582,928022,1475864,South,Male,Andhra Pradesh,26,Medical,Tier 1,Parent,Approved
5.0,514,579762,775396,South,Male,Andhra Pradesh,24,Business,Tier 2,Parent,Approved
5.07,396,860589,839464,West,Female,Goa,22,Science,Tier 3,Parent,Rejected
6.15,492,973091,2224301,South,Female,Telangana,22,Medical,Tier 3,Parent,Rejected
5.97,470,976792,688796,South,Male,Kerala,21,Science,Tier 2,Parent,Approved
7.28,506,1030964,1240497,West,Female,Maharashtra,18,Law,Tier 1,Parent,Approved
8.92,696,1250184,2195186,West,Male,Gujarat,22,Architecture,Tier 1,Parent,Approved
8.4,699,703734,488192,West,Male,Gujarat,28,Arts,Tier 2,Parent,Approved
6.04,606,790135,1069209,East,Female,West Bengal,22,Law,Tier 2,Relative,Rejected
7.11,552,496627,773760,South,Male,Kerala,19,Business,Tier 1,Parent,Approved
9.86,555,1546376,100000,North,Female,Uttarakhand,21,Science,Tier 3,Parent,Approved
9.12,685,387213,704889,South,Female,Karnataka,18,Arts,Tier 2,Parent,Approved
6.37,510,932263,2688526,North,Female,Himachal Pradesh,19,Medical,Tier 2,Parent,Approved
8.72,633,251606,852929,South,Male,Andhra Pradesh,20,Business,Tier 1,Parent,Rejected
8.17,641,509925,1127474,West,Male,Maharashtra,28,Engineering,Tier 2,Sibling,Rejected
6.09,613,339020,552421,South,Female,Tamil Nadu,28,Science,Tier 3,Parent,Approved
5.0,540,1004106,626623,East,Male,Assam,22,Business,Tier 3,Parent,Approved
5.06,501,307966,897905,Central,Male,Chhattisgarh,28,Business,Tier 1,Parent,Rejected
6.79,545,822353,748161,West,Male,Rajasthan,24,Engineering,Tier 2,None,Approved
7.95,577,1012006,1905904,South,Female,Kerala,21,Engineering,Tier 3,Sibling,Approved
9.06,696,497746,1208319,North,Female,Himachal Pradesh,26,Business,Tier 3,Sibling,Approved
8.35,676,1044152,623074,North,Female,Himachal Pradesh,23,Medical,Tier 2,None,Rejected
8.85,675,684091,427372,Central,Female,Madhya Pradesh,23,Engineering,Tier 1,Sibling,Approved
7.64,597,898703,442079,South,Male,Tamil Nadu,22,Law,Tier 1,Parent,Approved
7.08,560,1040236,556380,North,Female,Haryana,21,Arts,Tier 2,Parent,Approved
10.0,581,869058,1090835,East,Female,Assam,22,Engineering,Tier 3,Parent,Approved
8.71,666,923560,586776,West,Female,Maharashtra,28,Medical,Tier 2,Parent,Approved
6.86,673,1349851,829641,West,Male,Goa,27,Business,Tier 2,Sibling,Approved
6.59,488,391755,1271296,West,Female,Goa,24,Engineering,Tier 3,Sibling,Rejected
6.29,684,871802,649489,East,Male,Jharkhand,22,Arts,Tier 1,Parent,Rejected
9.49,493,679779,1475991,West,Female,Rajasthan,28,Medical,Tier 1,Parent,Approved
8.27,419,1028684,1007091,North,Female,Punjab,22,Business,Tier 2,Sibling,Rejected
8.96,661,1314962,100000,North,Male,Delhi,28,Business,Tier 1,Parent,Approved
8.75,520,839143,1192092,North,Male,Punjab,18,Engineering,Tier 2,Parent,Approved
7.52,734,791243,818528,West,Female,Maharashtra,23,Science,Tier 2,Parent,Approved
9.8,546,1343728,721271,West,Female,Rajasthan,19,Science,Tier 1,Parent,Approved
8.2,624,586388,863514,Central,Male,Madhya Pradesh,26,Engineering,Tier 1,Parent,Approved
5.41,538,636818,1489597,North,Female,Uttarakhand,28,Engineering,Tier 3,Sibling,Rejected
10.0,673,475072,976669,South,Male,Karnataka,20,Science,Tier 1,Parent,Approved
6.43,661,782785,1521166,North,Female,Delhi,25,Architecture,Tier 1,Parent,Approved
5.83,650,653508,916900,Central,Male,Uttar Pradesh,24,Business,Tier 2,Parent,Approved
8.08,646,789723,1057673,South,Female,Tamil Nadu,19,Medical,Tier 1,Parent,Rejected
7.27,454,1212076,971961,West,Male,Rajasthan,20,Engineering,Tier 2,Parent,Approved
8.03,625,626675,237314,South,Male,Karnataka,24,Business,Tier 2,Relative,Approved
6.33,598,512539,455749,South,Female,Tamil Nadu,18,Arts,Tier 2,None,Rejected
6.47,420,958482,1986770,West,Male,Rajasthan,27,Medical,Tier 3,Parent,Rejected
6.47,581,777416,1149875,West,Female,Goa,26,Medical,Tier 3,Relative,Approved
8.32,518,1080409,1923204,West,Male,Rajasthan,19,Medical,Tier 2,Parent,Rejected
7.23,515,803756,1109641,South,Female,Tamil Nadu,19,Engineering,Tier 3,Parent,Approved
5.78,608,200000,401577,East,Female,Jharkhand,25,Engineering,Tier 3,Parent,Rejected
7.44,527,530047,1375674,South,Male,Tamil Nadu,21,Medical,Tier 2,Sibling,Approved
5.53,434,522364,436845,South,Female,Tamil Nadu,27,Science,Tier 2,Sibling,Approved
6.84,523,490230,1454471,North,Female,Himachal Pradesh,24,Medical,Tier 3,Parent,Rejected
7.97,615,1035725,113969,West,Female,Maharashtra,25,Science,Tier 1,Parent,Approved
8.16,583,775815,836913,West,Female,Rajasthan,28,Engineering,Tier 2,None,Rejected
8.0,590,1068044,100000,North,Male,Delhi,25,Science,Tier 2,Relative,Approved
7.58,491,318679,1320336,South,Male,Andhra Pradesh,26,Architecture,Tier 2,Parent,Rejected
7.9,538,642973,2546155,North,Female,Himachal Pradesh,25,Medical,Tier 2,Parent,Rejected
5.76,588,795862,261704,South,Male,Kerala,20,Science,Tier 2,Parent,Approved
5.0,656,358466,602315,East,Female,Jharkhand,24,Science,Tier 2,Parent,Approved
7.36,642,546047,661714,West,Male,Rajasthan,20,Engineering,Tier 2,Parent,Approved
8.1,596,672789,1243972,West,Female,Gujarat,23,Engineering,Tier 1,Parent,Approved
7.01,609,931695,1682695,South,Female,Kerala,18,Engineering,Tier 2,Parent,Approved
10.0,501,626839,1253546,East,Male,Odisha,25,Business,Tier 1,Relative,Approved
5.68,450,402193,377588,East,Female,Bihar,22,Arts,Tier 2,Sibling,Approved
9.54,675,1300119,1453590,West,Female,Goa,21,Law,Tier 1,Parent,Approved
8.03,477,606308,165082,East,Female,Assam,27,Engineering,Tier 3,Parent,Approved
8.64,511,610549,836325,North,Female,Uttarakhand,20,Business,Tier 1,Relative,Approved
7.89,571,847641,1290905,West,Female,Gujarat,26,Science,Tier 2,None,Approved
8.69,456,620616,405849,West,Female,Rajasthan,25,Engineering,Tier 2,Parent,Approved
9.24,516,661390,773368,South,Male,Kerala,19,Business,Tier 1,None,Approved
6.03,470,231035,506660,East,Female,Assam,28,Science,Tier 3,Relative,Rejected
6.85,563,619953,1024929,West,Male,Gujarat,22,Business,Tier 3,Parent,Approved
8.89,744,777569,835297,East,Male,Odisha,24,Medical,Tier 2,Parent,Approved
10.0,619,442718,242997,South,Female,Telangana,28,Arts,Tier 1,Parent,Approved
6.18,693,1153503,528413,South,Male,Andhra Pradesh,19,Engineering,Tier 2,Parent,Approved
8.47,501,526483,812492,West,Female,Gujarat,25,Engineering,Tier 1,Parent,Approved
5.73,462,1236664,652286,South,Male,Kerala,23,Science,Tier 3,Sibling,Approved
7.14,421,970415,1028773,North,Male,Delhi,21,Business,Tier 3,Sibling,Rejected
6.75,613,234280,448668,East,Female,Assam,25,Science,Tier 3,None,Rejected
8.26,571,1017985,1724512,West,Male,Rajasthan,18,Business,Tier 2,Parent,Approved
7.77,551,237709,860191,South,Female,Telangana,27,Engineering,Tier 2,Parent,Rejected
7.71,463,489954,908278,North,Female,Haryana,22,Engineering,Tier 1,Parent,Rejected
10.0,638,877963,993369,East,Male,Bihar,23,Engineering,Tier 1,Parent,Approved
7.04,592,1014150,1825801,North,Male,Himachal Pradesh,28,Medical,Tier 2,Parent,Approved
6.8,510,927066,1114669,West,Male,Gujarat,20,Architecture,Tier 2,Parent,Approved
7.67,690,1297655,1507516,West,Female,Goa,28,Business,Tier 2,Sibling,Approved
8.88,741,637404,2526292,South,Male,Kerala,26,Medical,Tier 2,Parent,Approved
9.54,561,329206,601363,South,Female,Kerala,19,Science,Tier 3,Relative,Approved
10.0,627,400932,1362535,South,Male,Tamil Nadu,28,Medical,Tier 3,Parent,Approved
8.88,651,640768,1248768,Central,Male,Uttar Pradesh,23,Business,Tier 1,Parent,Approved
7.54,501,244209,718281,East,Male,Odisha,22,Engineering,Tier 2,Relative,Approved
5.94,493,804244,667234,East,Female,Odisha,23,Science,Tier 2,Sibling,Rejected
5.19,624,1410547,1019988,South,Male,Karnataka,23,Engineering,Tier 3,Parent,Approved
7.2,596,564267,1592086,Central,Male,Chhattisgarh,26,Engineering,Tier 3,Sibling,Approved
7.1,461,617053,257377,North,Female,Uttarakhand,18,Science,Tier 3,None,Approved
9.96,682,777123,1437058,West,Female,Goa,25,Business,Tier 2,Relative,Approved
8.66,562,789077,373999,Central,Male,Chhattisgarh,23,Science,Tier 1,Sibling,Approved
5.11,597,533373,100000,Central,Male,Madhya Pradesh,23,Business,Tier 3,Parent,Rejected
8.3,684,1356440,1506428,West,Male,Gujarat,23,Business,Tier 2,Parent,Approved
6.58,638,1353359,792515,South,Male,Telangana,26,Business,Tier 3,None,Approved
8.56,676,1061258,856159,West,Female,Gujarat,27,Engineering,Tier 2,Sibling,Approved
5.88,499,1182779,599208,North,Female,Haryana,22,Engineering,Tier 3,Sibling,Approved
6.72,445,864305,654713,North,Female,Punjab,25,Engineering,Tier 1,Relative,Rejected
6.83,474,703105,1749550,South,Male,Andhra Pradesh,20,Architecture,Tier 3,Parent,Approved
5.54,574,481437,349252,Central,Male,Chhattisgarh,27,Science,Tier 3,Relative,Approved
7.78,476,414854,1760029,Central,Male,Madhya Pradesh,22,Medical,Tier 1,None,Approved
6.73,579,1167179,1050940,West,Male,Goa,24,Business,Tier 2,Parent,Approved
7.62,574,1062432,680612,South,Male,Karnataka,26,Science,Tier 2,Parent,Approved
8.94,593,993934,1452789,North,Male,Delhi,23,Law,Tier 2,Parent,Approved
9.36,698,1378615,853873,South,Male,Andhra Pradesh,23,Engineering,Tier 1,Parent,Approved
9.87,765,731090,950571,East,Male,Bihar,25,Engineering,Tier 1,Parent,Approved
7.68,495,200000,353929,South,Male,Andhra Pradesh,22,Science,Tier 2,Parent,Approved
8.83,612,564311,840489,South,Female,Telangana,25,Engineering,Tier 2,Relative,Approved
6.19,526,1049287,959177,North,Male,Haryana,25,Arts,Tier 2,None,Rejected
8.06,566,1062266,324233,South,Male,Tamil Nadu,24,Law,Tier 2,Relative,Approved
10.0,574,555011,636914,East,Male,Bihar,21,Business,Tier 1,Parent,Rejected
9.5,717,1019280,693027,West,Male,Maharashtra,20,Business,Tier 2,Sibling,Approved
7.85,584,495775,619045,South,Female,Karnataka,23,Arts,Tier 2,Parent,Approved
7.2,522,935751,1288395,West,Female,Rajasthan,18,Engineering,Tier 1,Parent,Approved
7.0,634,1274466,1857224,North,Female,Punjab,21,Architecture,Tier 3,Sibling,Rejected
8.99,627,904223,819116,West,Male,Maharashtra,26,Business,Tier 3,Sibling,Approved
7.07,426,505767,692830,West,Male,Goa,28,Engineering,Tier 2,Relative,Rejected
7.31,590,200000,1058435,South,Male,Karnataka,21,Law,Tier 3,Parent,Rejected
7.12,572,944124,1218085,North,Female,Punjab,27,Business,Tier 3,Relative,Approved
8.06,691,794920,1312099,North,Male,Haryana,22,Business,Tier 2,Parent,Approved
10.0,594,735761,1188718,East,Male,Jharkhand,18,Engineering,Tier 2,Sibling,Approved
8.34,622,912686,541457,West,Male,Rajasthan,25,Science,Tier 1,None,Rejected
7.96,715,717555,2582265,Central,Male,Uttar Pradesh,26,Medical,Tier 2,Relative,Rejected
8.3,629,565305,510106,South,Male,Tamil Nadu,23,Engineering,Tier 2,None,Approved
6.98,640,1250835,604017,South,Male,Tamil Nadu,23,Business,Tier 1,Parent,Approved
9.79,562,623494,100000,West,Male,Rajasthan,22,Engineering,Tier 2,Sibling,Approved
9.48,594,962393,953479,South,Female,Telangana,23,Science,Tier 2,Parent,Approved
7.22,477,733248,823014,South,Male,Kerala,24,Business,Tier 1,Parent,Approved
10.0,568,383111,265139,North,Female,Delhi,26,Science,Tier 1,Parent,Approved
6.98,537,328329,650492,East,Female,Odisha,22,Business,Tier 3,Parent,Approved
7.95,659,621099,878442,East,Male,Jharkhand,19,Business,Tier 2,None,Approved
7.86,470,851882,100000,East,Female,West Bengal,22,Arts,Tier 2,Parent,Rejected
7.53,576,568244,2114216,North,Male,Delhi,19,Medical,Tier 1,Parent,Approved
5.59,625,658851,486972,South,Male,Kerala,28,Engineering,Tier 2,Parent,Approved
6.55,557,741941,1172888,East,Male,Jharkhand,21,Engineering,Tier 2,Parent,Approved
8.29,533,436808,389740,East,Male,Bihar,23,Science,Tier 1,None,Approved
7.54,552,465542,223883,East,Male,Odisha,19,Engineering,Tier 2,Parent,Approved
8.76,581,1019045,699559,West,Female,Gujarat,27,Engineering,Tier 1,None,Approved
5.43,584,1514880,786568,South,Male,Karnataka,19,Arts,Tier 2,Relative,Approved
9.66,632,981065,617941,South,Male,Telangana,25,Arts,Tier 1,Sibling,Approved
6.47,653,941879,1105857,North,Female,Uttarakhand,27,Engineering,Tier 1,None,Rejected
7.77,573,900132,999298,East,Female,Odisha,22,Medical,Tier 2,Parent,Approved
9.45,628,937786,1286851,Central,Male,Madhya Pradesh,20,Engineering,Tier 1,None,Approved
7.83,472,500170,983895,South,Female,Karnataka,27,Engineering,Tier 1,Sibling,Approved
8.19,573,979466,1114508,West,Female,Goa,24,Engineering,Tier 2,Sibling,Approved
6.5,486,638142,1920451,East,Female,Odisha,22,Architecture,Tier 3,Parent,Approved
8.47,626,578466,1036323,Central,Female,Chhattisgarh,27,Engineering,Tier 2,Parent,Approved
8.22,613,685036,837719,South,Female,Kerala,28,Arts,Tier 2,Sibling,Rejected
8.26,454,462076,586059,South,Male,Telangana,28,Science,Tier 1,None,Approved
8.11,582,524240,2167239,North,Male,Punjab,23,Architecture,Tier 2,Sibling,Rejected
8.13,542,1268784,1594134,West,Female,Gujarat,25,Engineering,Tier 1,Sibling,Approved
6.2,597,896089,424471,South,Male,Andhra Pradesh,21,Engineering,Tier 3,Parent,Approved
8.19,585,200000,474841,South,Male,Andhra Pradesh,27,Engineering,Tier 2,None,Rejected
8.09,575,448429,604879,East,Male,Odisha,19,Medical,Tier 2,Parent,Rejected
8.69,683,976269,803269,North,Male,Himachal Pradesh,23,Business,Tier 1,Relative,Approved
8.34,545,1233879,2355113,South,Female,Tamil Nadu,27,Architecture,Tier 1,Parent,Approved
9.03,616,1558001,2582215,North,Female,Punjab,19,Medical,Tier 1,Parent,Approved
6.81,591,311000,1126007,East,Male,Odisha,20,Law,Tier 2,Parent,Rejected
9.7,603,590058,1309338,East,Female,Jharkhand,18,Medical,Tier 3,Relative,Rejected
9.37,573,737225,1577505,South,Female,Kerala,25,Medical,Tier 1,Relative,Approved
5.64,425,578801,1153256,West,Female,Goa,19,Engineering,Tier 3,Sibling,Approved
10.0,656,1711484,683957,North,Female,Punjab,18,Science,Tier 1,Parent,Approved
9.44,573,1158525,478293,West,Female,Goa,21,Business,Tier 2,Parent,Approved
7.47,610,605993,1070886,North,Male,Punjab,27,Medical,Tier 1,Parent,Approved
6.84,614,420636,142184,Central,Male,Chhattisgarh,28,Science,Tier 2,Parent,Approved
8.99,608,549575,977897,South,Male,Telangana,23,Business,Tier 2,Parent,Approved
6.19,484,510491,690056,Central,Female,Chhattisgarh,26,Arts,Tier 2,Sibling,Rejected
5.95,659,986276,1109541,North,Male,Delhi,19,Science,Tier 3,None,Rejected
6.1,574,243487,1091289,Central,Male,Madhya Pradesh,25,Business,Tier 3,None,Rejected
7.84,595,928938,380751,South,Female,Andhra Pradesh,22,Engineering,Tier 1,Parent,Rejected
7.49,538,698386,883986,West,Male,Rajasthan,20,Law,Tier 3,Parent,Rejected
10.0,768,424218,1554131,West,Male,Maharashtra,23,Engineering,Tier 1,Parent,Approved
6.77,561,985356,415880,North,Male,Haryana,28,Engineering,Tier 3,Parent,Approved
8.02,532,574509,652050,West,Male,Rajasthan,28,Business,Tier 2,None,Rejected
8.51,636,1202246,1206249,North,Male,Delhi,20,Engineering,Tier 1,Parent,Approved
8.38,658,404403,196569,West,Male,Maharashtra,18,Arts,Tier 1,None,Approved
8.99,524,572904,1053997,West,Female,Maharashtra,22,Law,Tier 1,Sibling,Approved
7.81,633,765478,934905,West,Male,Gujarat,27,Business,Tier 2,Sibling,Approved
6.06,561,208917,362559,Central,Male,Chhattisgarh,28,Science,Tier 3,Relative,Approved
8.16,578,200000,1071760,Central,Male,Chhattisgarh,24,Engineering,Tier 1,Parent,Approved
7.33,580,1142154,641834,North,Female,Uttarakhand,27,Engineering,Tier 1,Parent,Approved
7.98,627,726104,887759,West,Female,Maharashtra,27,Engineering,Tier 2,Relative,Approved
9.46,567,345460,100000,South,Male,Tamil Nadu,27,Science,Tier 2,Relative,Approved
6.44,499,1137441,1307672,West,Female,Maharashtra,23,Engineering,Tier 3,Parent,Rejected
5.62,378,970509,1188652,North,Female,Uttarakhand,21,Business,Tier 3,Parent,Approved
8.84,850,1118620,619026,West,Male,Goa,25,Engineering,Tier 1,Relative,Approved
6.31,593,443999,840113,South,Male,Kerala,18,Medical,Tier 2,Sibling,Rejected
8.47,629,848610,1006861,West,Female,Gujarat,28,Business,Tier 1,Relative,Approved
9.53,746,503494,575575,East,Female,Jharkhand,27,Science,Tier 1,Parent,Approved
8.82,691,452304,667160,East,Male,Jharkhand,27,Arts,Tier 3,Parent,Rejected
6.69,621,1365007,666465,North,Male,Himachal Pradesh,25,Science,Tier 2,Parent,Approved
7.29,594,988860,2799931,North,Female,Uttarakhand,26,Medical,Tier 2,Parent,Rejected
9.63,517,353984,408968,North,Female,Uttarakhand,26,Science,Tier 1,Parent,Approved
7.67,630,964153,888830,North,Male,Uttarakhand,28,Law,Tier 3,None,Approved
8.06,588,200000,436296,East,Male,Assam,25,Arts,Tier 1,Parent,Rejected
7.5,560,613589,441813,Central,Male,Madhya Pradesh,18,Science,Tier 1,Parent,Approved
9.99,671,783005,2301659,Central,Male,Uttar Pradesh,23,Medical,Tier 1,Parent,Approved
8.78,641,959650,745886,East,Male,Assam,26,Business,Tier 1,Relative,Approved
8.69,570,1250128,803195,West,Female,Maharashtra,27,Science,Tier 2,Sibling,Approved
8.31,509,625804,1914980,East,Male,Odisha,27,Medical,Tier 1,Parent,Approved
7.88,538,615965,1286914,South,Female,Karnataka,19,Engineering,Tier 2,Parent,Rejected
8.81,548,881602,733161,South,Male,Telangana,24,Science,Tier 1,Parent,Approved
9.62,586,995293,1295688,West,Male,Rajasthan,28,Engineering,Tier 3,Parent,Approved
7.27,568,323042,465194,South,Female,Andhra Pradesh,28,Science,Tier 3,Parent,Rejected
8.43,513,990250,1989097,West,Male,Rajasthan,19,Medical,Tier 1,None,Approved
7.72,485,538270,100000,East,Male,Assam,27,Arts,Tier 1,Parent,Approved
6.86,569,1223620,1213289,West,Male,Gujarat,27,Engineering,Tier 2,Relative,Approved
8.25,617,959274,520003,South,Male,Andhra Pradesh,18,Science,Tier 2,Relative,Approved
6.18,496,204799,1578440,South,Female,Kerala,26,Business,Tier 3,Parent,Rejected
8.34,660,1184156,1536815,West,Male,Rajasthan,20,Medical,Tier 2,Parent,Approved
6.21,428,694488,1325375,North,Male,Delhi,28,Architecture,Tier 2,Parent,Rejected
8.98,703,234403,937663,East,Female,Odisha,27,Engineering,Tier 2,Parent,Approved
8.86,585,200000,736461,North,Male,Delhi,22,Engineering,Tier 2,Parent,Approved
9.0,434,416522,521909,North,Male,Uttarakhand,27,Science,Tier 1,Parent,Approved
8.36,534,585735,676480,South,Male,Andhra Pradesh,24,Science,Tier 3,Relative,Approved
7.77,481,357626,255474,West,Female,Gujarat,28,Science,Tier 2,None,Approved
9.28,706,576562,496100,West,Female,Rajasthan,23,Science,Tier 1,Parent,Approved
7.72,488,994544,387465,West,Male,Gujarat,24,Arts,Tier 1,Parent,Approved
5.24,457,636715,381545,East,Male,Odisha,19,Arts,Tier 3,Sibling,Rejected
8.28,525,901000,1168240,Central,Male,Chhattisgarh,24,Engineering,Tier 3,Relative,Rejected
5.0,532,897694,954404,West,Male,Maharashtra,18,Engineering,Tier 3,Sibling,Rejected
7.02,628,559166,989645,West,Male,Rajasthan,26,Business,Tier 3,None,Rejected
9.35,537,1030498,1801581,West,Male,Maharashtra,23,Architecture,Tier 3,None,Rejected
7.38,592,1201518,2291370,Central,Female,Uttar Pradesh,27,Medical,Tier 3,Parent,Approved
6.16,545,382527,1021531,West,Male,Rajasthan,23,Engineering,Tier 3,Parent,Rejected
8.77,660,821680,723404,West,Male,Gujarat,28,Engineering,Tier 2,Parent,Approved
5.13,636,516708,2061621,Central,Male,Madhya Pradesh,25,Medical,Tier 2,Relative,Rejected
7.04,524,763262,1631314,South,Male,Karnataka,18,Medical,Tier 3,Parent,Approved
8.14,524,395520,721729,West,Male,Goa,18,Business,Tier 1,Parent,Rejected
7.1,520,479771,766366,East,Female,Assam,24,Arts,Tier 2,None,Approved
8.71,631,1572491,1100595,South,Male,Telangana,26,Engineering,Tier 1,Parent,Approved
6.34,483,759720,1171873,North,Male,Delhi,19,Engineering,Tier 3,None,Rejected
6.99,559,1461097,1215323,West,Male,Maharashtra,27,Business,Tier 2,Parent,Approved
6.64,605,867964,189582,East,Female,Jharkhand,18,Science,Tier 3,Parent,Rejected
9.92,441,891017,748620,West,Female,Goa,24,Science,Tier 1,Parent,Approved
7.55,656,719643,365666,East,Other,Bihar,25,Business,Tier 2,Sibling,Approved
5.84,549,1221358,1226168,North,Male,Haryana,23,Business,Tier 3,Parent,Approved
10.0,530,874928,1452790,West,Male,Rajasthan,19,Engineering,Tier 1,Sibling,Approved
9.35,721,419148,771291,Central,Male,Madhya Pradesh,27,Business,Tier 1,None,Approved
7.62,575,860486,782997,East,Female,Bihar,24,Engineering,Tier 3,Parent,Approved
7.75,532,935799,589342,West,Female,Gujarat,20,Science,Tier 1,Parent,Approved
5.81,433,853676,1327307,North,Male,Haryana,25,Engineering,Tier 3,Parent,Rejected
8.99,718,643004,553844,West,Female,Gujarat,20,Science,Tier 1,Parent,Approved
5.47,571,735536,615595,North,Female,Himachal Pradesh,19,Engineering,Tier 2,Parent,Approved
8.83,669,335709,1075685,Central,Male,Madhya Pradesh,27,Business,Tier 1,Relative,Approved
7.56,544,983945,1861390,North,Male,Haryana,21,Medical,Tier 2,None,Rejected
9.83,558,751837,737280,Central,Male,Chhattisgarh,25,Science,Tier 3,Parent,Approved
8.1,627,1039085,3000000,North,Male,Punjab,22,Architecture,Tier 1,Sibling,Approved
8.94,540,980566,300731,West,Male,Maharashtra,23,Business,Tier 1,Parent,Approved
9.28,639,1029255,1193167,West,Female,Maharashtra,26,Law,Tier 2,Sibling,Approved
7.82,609,284935,421769,Central,Female,Chhattisgarh,20,Science,Tier 2,Parent,Approved
5.21,511,661982,1229518,West,Female,Goa,22,Engineering,Tier 3,Parent,Approved
7.39,533,1207616,1560327,West,Female,Rajasthan,19,Business,Tier 2,Parent,Approved
7.42,658,495067,1199358,East,Female,Bihar,18,Engineering,Tier 1,Parent,Approved
7.85,517,1044273,2407848,North,Female,Uttarakhand,27,Medical,Tier 2,Parent,Approved
7.64,624,868088,1868210,West,Female,Maharashtra,21,Medical,Tier 2,Parent,Approved
8.02,656,200000,1240774,North,Male,Delhi,28,Medical,Tier 2,Sibling,Approved
7.89,611,742695,331136,East,Male,Jharkhand,27,Law,Tier 2,Parent,Approved
6.89,415,787574,848213,West,Female,Gujarat,22,Engineering,Tier 3,Parent,Rejected
8.37,517,892131,1818009,North,Female,Himachal Pradesh,26,Medical,Tier 2,Parent,Approved
8.0,543,993588,922439,West,Male,Goa,22,Engineering,Tier 1,None,Approved
7.9,513,200000,1258667,South,Male,Karnataka,20,Medical,Tier 2,Parent,Rejected
8.67,601,846282,1483437,South,Female,Kerala,22,Medical,Tier 1,Parent,Approved
7.09,436,200000,1177163,Central,Female,Uttar Pradesh,21,Engineering,Tier 2,Parent,Rejected
7.55,535,394847,639152,Central,Female,Chhattisgarh,26,Science,Tier 3,Sibling,Approved
8.7,627,642722,626963,East,Male,Odisha,24,Business,Tier 1,Parent,Approved
10.0,608,1123489,491593,South,Female,Karnataka,22,Business,Tier 1,Relative,Approved
8.88,592,409704,617967,West,Male,Goa,18,Business,Tier 3,None,Approved
9.24,603,1471677,730563,South,Male,Telangana,23,Business,Tier 2,Parent,Approved
8.12,580,985662,1023924,South,Male,Andhra Pradesh,27,Science,Tier 2,Parent,Approved
8.57,586,816885,2438096,West,Female,Goa,22,Architecture,Tier 1,None,Rejected
7.01,496,894009,454355,South,Male,Kerala,25,Science,Tier 2,Parent,Approved
8.16,681,200000,859362,Central,Female,Uttar Pradesh,27,Medical,Tier 2,Parent,Approved
6.55,484,827255,1134379,North,Female,Haryana,20,Engineering,Tier 3,None,Approved
7.68,531,900299,1071472,East,Female,Assam,21,Law,Tier 2,Parent,Approved
6.3,543,241154,185491,West,Male,Gujarat,20,Engineering,Tier 2,None,Rejected
9.98,591,583859,599931,West,Male,Goa,23,Science,Tier 1,Sibling,Approved
9.33,547,949833,564263,North,Male,Himachal Pradesh,24,Science,Tier 2,None,Rejected
6.49,588,880986,969596,South,Male,Andhra Pradesh,26,Engineering,Tier 2,Parent,Approved
6.41,610,1274750,421883,South,Male,Andhra Pradesh,21,Engineering,Tier 2,Parent,Approved
8.41,561,1219961,1021054,West,Male,Gujarat,18,Law,Tier 3,Parent,Approved
7.2,664,509264,1183302,North,Female,Himachal Pradesh,27,Business,Tier 1,Parent,Approved
8.78,503,472443,236029,Central,Female,Uttar Pradesh,27,Business,Tier 2,Parent,Approved
8.37,481,572777,590460,West,Male,Gujarat,20,Business,Tier 1,Parent,Approved
8.43,530,388066,582303,East,Male,West Bengal,20,Arts,Tier 3,Sibling,Rejected
7.47,516,1086038,1366253,West,Female,Rajasthan,24,Engineering,Tier 2,Parent,Approved
6.75,582,670003,1277845,North,Female,Himachal Pradesh,26,Medical,Tier 3,Parent,Approved
8.16,503,1145940,1086544,West,Male,Gujarat,21,Arts,Tier 2,Parent,Approved
10.0,682,332379,1189485,Central,Male,Uttar Pradesh,21,Medical,Tier 1,Parent,Approved
6.09,533,521364,1638293,South,Female,Telangana,25,Medical,Tier 3,Relative,Approved
9.39,620,554784,1587198,North,Male,Punjab,26,Medical,Tier 2,Parent,Rejected
6.02,489,999184,953101,North,Male,Delhi,18,Engineering,Tier 2,Parent,Rejected
7.3,588,790367,1353986,East,Female,West Bengal,25,Medical,Tier 2,Parent,Approved
9.27,655,1009404,1292082,South,Male,Andhra Pradesh,24,Engineering,Tier 2,Parent,Approved
7.97,616,902044,1369384,South,Female,Karnataka,28,Engineering,Tier 1,Parent,Approved
5.0,526,593010,2753015,South,Female,Karnataka,22,Medical,Tier 3,Parent,Approved
9.18,613,620614,187549,East,Male,Bihar,22,Arts,Tier 2,Sibling,Approved
8.75,724,942641,1225600,South,Male,Tamil Nadu,22,Engineering,Tier 1,Sibling,Rejected
5.97,394,560881,931612,South,Female,Tamil Nadu,25,Engineering,Tier 2,Parent,Rejected
8.54,606,624233,810958,Central,Male,Uttar Pradesh,23,Science,Tier 2,Relative,Approved
6.49,487,588882,2179711,Central,Female,Chhattisgarh,28,Medical,Tier 2,Parent,Rejected
6.71,493,936073,941973,West,Female,Maharashtra,21,Engineering,Tier 2,Parent,Approved
7.89,576,816016,406321,North,Male,Delhi,21,Science,Tier 2,Parent,Approved
8.18,625,857061,1221347,South,Female,Karnataka,25,Medical,Tier 3,None,Approved
7.95,607,1049089,1446663,West,Female,Gujarat,18,Law,Tier 2,Parent,Approved
7.55,676,823378,1038651,South,Female,Tamil Nadu,22,Engineering,Tier 2,Sibling,Rejected
9.87,737,691457,1084136,East,Male,Assam,26,Architecture,Tier 1,Sibling,Approved
6.91,672,1027700,959826,South,Other,Telangana,22,Science,Tier 2,Parent,Approved
5.9,625,390283,1254119,South,Male,Andhra Pradesh,24,Architecture,Tier 3,Parent,Rejected
6.01,516,210688,869495,North,Male,Himachal Pradesh,28,Engineering,Tier 3,Parent,Approved
8.29,556,1044878,1043043,South,Female,Telangana,27,Business,Tier 2,Parent,Approved
6.54,567,1029968,1161457,West,Male,Maharashtra,27,Engineering,Tier 3,Parent,Approved
8.24,560,821192,1208074,West,Male,Maharashtra,27,Engineering,Tier 2,Parent,Approved
6.07,374,680431,920139,North,Female,Himachal Pradesh,19,Business,Tier 3,Parent,Rejected
7.13,647,781777,612230,North,Female,Uttarakhand,21,Business,Tier 2,Parent,Approved
7.84,630,683967,1419421,West,Female,Rajasthan,28,Medical,Tier 2,Relative,Approved
6.75,561,618706,929219,South,Male,Telangana,20,Law,Tier 3,None,Rejected
10.0,668,1129332,718848,West,Female,Rajasthan,28,Science,Tier 3,Parent,Approved
6.35,573,385973,906904,Central,Female,Chhattisgarh,23,Engineering,Tier 2,Parent,Approved
6.79,508,1193043,1509494,North,Male,Punjab,18,Business,Tier 2,Parent,Approved
7.48,603,960584,1314514,West,Female,Goa,27,Engineering,Tier 2,Sibling,Approved
6.43,477,1257796,831174,South,Female,Tamil Nadu,27,Science,Tier 2,Sibling,Approved
8.24,593,949441,931397,West,Female,Rajasthan,21,Engineering,Tier 1,Sibling,Approved
5.34,591,1036717,2038935,North,Female,Uttarakhand,23,Engineering,Tier 2,Parent,Rejected
9.04,554,890477,296609,East,Female,West Bengal,18,Science,Tier 1,Parent,Approved
7.19,465,639188,1220387,South,Female,Andhra Pradesh,20,Business,Tier 1,Parent,Approved
7.72,492,843699,682240,South,Female,Telangana,24,Science,Tier 1,Parent,Approved
5.62,664,620884,1007108,West,Male,Gujarat,28,Business,Tier 3,Sibling,Rejected
7.58,469,738123,1502651,East,Male,Bihar,19,Medical,Tier 2,Parent,Approved
9.34,618,650147,1685826,West,Female,Goa,25,Medical,Tier 1,Relative,Approved
7.34,607,735683,769284,South,Male,Telangana,18,Business,Tier 3,Parent,Approved
7.43,498,1105008,617084,West,Male,Goa,19,Engineering,Tier 1,Parent,Approved
8.18,501,764080,913956,West,Other,Rajasthan,23,Business,Tier 1,Parent,Rejected
8.81,649,634956,1817095,West,Male,Rajasthan,26,Medical,Tier 2,None,Approved
5.86,533,1070312,1066401,Central,Female,Madhya Pradesh,25,Business,Tier 3,None,Approved
7.29,599,833096,914169,North,Male,Uttarakhand,23,Law,Tier 3,Parent,Approved
7.22,465,836307,641915,East,Male,Assam,27,Engineering,Tier 2,Relative,Rejected
6.7,580,200000,762139,North,Male,Punjab,22,Medical,Tier 2,Parent,Approved
9.75,496,319197,379405,West,Female,Gujarat,25,Arts,Tier 2,Parent,Approved
8.33,511,809142,1095566,West,Male,Maharashtra,27,Engineering,Tier 2,Relative,Rejected
7.76,571,619458,681523,West,Male,Gujarat,24,Science,Tier 2,Parent,Approved
8.94,511,750815,779404,North,Female,Himachal Pradesh,25,Engineering,Tier 1,Relative,Approved
5.6,672,438842,901302,West,Male,Goa,27,Engineering,Tier 2,None,Approved
6.22,571,999167,1339656,West,Female,Maharashtra,23,Engineering,Tier 2,Sibling,Approved
6.89,696,597439,1186194,East,Male,West Bengal,26,Medical,Tier 3,Parent,Approved
6.09,552,1294959,1281664,South,Male,Karnataka,23,Arts,Tier 2,Sibling,Rejected
6.39,570,918501,1374692,South,Male,Kerala,19,Engineering,Tier 1,Parent,Approved
5.74,550,680673,963365,North,Female,Punjab,19,Engineering,Tier 3,Parent,Rejected
8.18,453,849248,937161,South,Female,Tamil Nadu,25,Business,Tier 2,None,Rejected
6.22,565,390864,578093,West,Female,Rajasthan,19,Arts,Tier 2,Parent,Rejected
9.47,574,863172,1285170,South,Female,Andhra Pradesh,24,Engineering,Tier 2,Sibling,Approved
9.25,541,1084070,2864141,West,Male,Rajasthan,20,Medical,Tier 1,Parent,Approved
7.46,596,944382,683426,West,Male,Goa,24,Arts,Tier 2,Parent,Approved
9.12,613,407435,998796,North,Male,Uttarakhand,21,Business,Tier 2,Parent,Approved
8.62,652,734420,676808,West,Male,Gujarat,27,Science,Tier 2,Sibling,Approved
9.26,457,418492,633256,West,Female,Goa,20,Business,Tier 1,Sibling,Rejected
7.63,540,1271611,793202,North,Female,Delhi,26,Business,Tier 3,Parent,Approved
6.72,525,691469,911219,South,Female,Karnataka,25,Engineering,Tier 3,None,Rejected
6.51,601,1356579,550471,North,Male,Haryana,21,Business,Tier 2,None,Approved
6.1,472,606129,772760,South,Male,Telangana,24,Engineering,Tier 2,Parent,Approved
9.45,584,555146,593008,East,Female,Jharkhand,18,Science,Tier 3,Parent,Approved
9.36,608,689625,1040954,South,Male,Tamil Nadu,21,Law,Tier 3,Parent,Rejected
6.59,504,1086126,941648,West,Female,Gujarat,21,Business,Tier 3,Parent,Rejected
8.53,616,849770,829841,East,Male,Odisha,23,Medical,Tier 1,Sibling,Approved
10.0,620,1513339,1538618,West,Female,Rajasthan,23,Science,Tier 1,Parent,Approved
7.19,568,659056,402738,South,Female,Tamil Nadu,21,Law,Tier 1,Parent,Approved
6.72,587,200000,1888358,South,Male,Tamil Nadu,23,Medical,Tier 3,Parent,Approved
7.8,530,1562868,1499863,North,Female,Punjab,19,Engineering,Tier 3,Parent,Approved
7.43,652,840746,682025,North,Female,Haryana,26,Business,Tier 1,Parent,Approved
7.82,580,628498,1142861,Central,Female,Madhya Pradesh,21,Medical,Tier 3,Parent,Rejected
9.86,586,941263,579973,North,Male,Delhi,26,Science,Tier 3,Relative,Approved
8.81,679,461993,1139360,West,Male,Gujarat,23,Engineering,Tier 1,Parent,Approved
7.81,534,495838,1785170,West,Female,Gujarat,18,Medical,Tier 2,Parent,Approved
6.69,489,1126337,1402716,North,Male,Uttarakhand,20,Architecture,Tier 2,Parent,Rejected
5.37,574,946324,1338155,South,Female,Karnataka,21,Medical,Tier 3,None,Rejected
7.68,605,627880,1054754,South,Male,Karnataka,20,Engineering,Tier 2,Sibling,Rejected
5.68,569,958662,565121,West,Female,Gujarat,23,Arts,Tier 3,Parent,Approved
8.95,592,920431,100000,Central,Male,Uttar Pradesh,23,Business,Tier 1,Relative,Approved
8.68,600,657517,716943,West,Female,Goa,25,Engineering,Tier 2,Parent,Approved
8.84,638,802817,219622,West,Male,Gujarat,21,Engineering,Tier 1,Relative,Approved
6.94,513,568416,820908,West,Female,Rajasthan,28,Engineering,Tier 3,None,Approved
7.49,471,424994,1635549,East,Male,Odisha,28,Medical,Tier 3,Parent,Rejected
10.0,628,1300985,681849,West,Male,Gujarat,23,Science,Tier 1,Parent,Approved
5.42,586,638507,1089827,Central,Female,Uttar Pradesh,28,Engineering,Tier 3,Sibling,Approved
6.38,435,588485,1833729,South,Female,Tamil Nadu,27,Medical,Tier 3,Parent,Rejected
6.94,626,708955,1124745,West,Male,Goa,23,Architecture,Tier 3,Parent,Rejected
9.15,624,311293,1030541,East,Female,Odisha,24,Business,Tier 1,Parent,Approved
8.67,722,961719,1167657,South,Male,Telangana,23,Business,Tier 1,Parent,Approved
5.87,459,1335353,724677,West,Female,Goa,21,Arts,Tier 3,Parent,Rejected
6.41,513,742549,732007,East,Female,Bihar,23,Business,Tier 3,Relative,Approved
7.25,528,1094083,749422,West,Male,Rajasthan,24,Engineering,Tier 2,Parent,Approved
6.11,597,944480,564331,South,Female,Tamil Nadu,25,Science,Tier 3,Parent,Approved
6.91,516,1068632,1673257,North,Male,Haryana,24,Medical,Tier 2,Parent,Approved
9.07,602,844121,1229096,Central,Male,Madhya Pradesh,24,Engineering,Tier 3,Parent,Approved
5.58,573,984738,1433100,West,Female,Rajasthan,23,Architecture,Tier 3,Relative,Rejected
6.82,567,797457,784773,South,Female,Andhra Pradesh,28,Arts,Tier 1,Parent,Approved
6.09,559,922737,146662,South,Male,Kerala,22,Business,Tier 2,Parent,Approved
9.14,470,399855,460186,East,Female,West Bengal,25,Science,Tier 1,Parent,Approved
8.41,687,1437689,1168007,South,Other,Karnataka,27,Business,Tier 3,Sibling,Approved
7.54,662,613934,1312156,West,Female,Rajasthan,23,Engineering,Tier 3,Parent,Approved
5.2,515,845552,838683,East,Male,Jharkhand,25,Law,Tier 3,Sibling,Approved
6.24,538,672318,919136,East,Male,Assam,18,Engineering,Tier 2,Parent,Approved
10.0,509,709686,496881,North,Male,Punjab,24,Science,Tier 1,Parent,Rejected
7.85,438,446945,1134786,South,Female,Andhra Pradesh,20,Business,Tier 1,Parent,Rejected
7.61,633,361235,767584,North,Male,Uttarakhand,24,Engineering,Tier 1,Parent,Approved
9.39,652,1095438,220410,West,Female,Maharashtra,24,Science,Tier 1,Sibling,Approved
9.81,782,766437,1518422,East,Female,Odisha,23,Engineering,Tier 1,Parent,Approved
9.34,607,884571,587532,South,Male,Tamil Nadu,27,Engineering,Tier 1,Parent,Approved
7.51,627,829991,1214103,South,Female,Kerala,21,Engineering,Tier 1,Parent,Approved
6.76,509,968313,1151306,North,Male,Haryana,23,Business,Tier 2,Parent,Rejected
7.78,627,766912,1122405,West,Female,Gujarat,19,Business,Tier 2,Parent,Rejected
9.16,611,708830,1057054,East,Female,Bihar,27,Medical,Tier 2,Parent,Approved
6.58,575,832804,668492,West,Female,Gujarat,28,Engineering,Tier 3,Parent,Rejected
8.86,542,634977,1268206,East,Female,Jharkhand,20,Engineering,Tier 1,Parent,Approved
5.79,430,260007,338250,North,Female,Uttarakhand,18,Engineering,Tier 3,None,Rejected
9.79,601,362787,687084,South,Male,Telangana,18,Business,Tier 1,Parent,Approved
5.28,549,611200,1393032,East,Female,Bihar,21,Architecture,Tier 3,Parent,Rejected
8.25,729,855363,1492521,West,Female,Maharashtra,28,Engineering,Tier 1,Parent,Approved
10.0,626,673342,100000,Central,Male,Madhya Pradesh,22,Business,Tier 1,Sibling,Approved
8.56,578,560459,2372858,East,Male,Bihar,26,Medical,Tier 3,Sibling,Approved
6.77,624,213535,743231,East,Female,Bihar,18,Business,Tier 2,Parent,Approved
7.82,572,825167,1032055,North,Female,Haryana,19,Engineering,Tier 2,Parent,Rejected
8.46,542,246498,1761946,North,Male,Himachal Pradesh,23,Medical,Tier 2,Parent,Approved
8.89,607,637792,1566242,North,Female,Uttarakhand,19,Medical,Tier 1,Parent,Approved
8.61,567,429067,498194,East,Female,Jharkhand,21,Engineering,Tier 1,Parent,Approved
5.14,605,1109486,921617,West,Male,Gujarat,24,Science,Tier 3,Relative,Approved
5.0,613,928653,896450,North,Female,Haryana,27,Science,Tier 3,Sibling,Rejected
7.04,625,1012783,772010,South,Male,Telangana,22,Engineering,Tier 2,Relative,Approved
9.12,518,200000,261354,West,Female,Rajasthan,27,Arts,Tier 3,Parent,Approved
5.0,419,656348,1348926,Central,Male,Madhya Pradesh,20,Medical,Tier 3,Parent,Rejected
5.13,483,758488,2094941,North,Male,Haryana,28,Medical,Tier 3,Parent,Rejected
9.05,789,475666,1261302,South,Female,Tamil Nadu,25,Medical,Tier 1,Parent,Approved
8.94,633,872651,641742,North,Male,Uttarakhand,27,Engineering,Tier 1,Parent,Approved
7.76,604,865006,870642,South,Male,Andhra Pradesh,24,Engineering,Tier 1,Parent,Approved
8.66,679,543142,514967,North,Male,Haryana,18,Arts,Tier 1,None,Approved
8.47,586,542940,776002,West,Female,Goa,22,Engineering,Tier 2,Parent,Approved
7.68,435,359957,1060305,West,Male,Gujarat,22,Engineering,Tier 1,Parent,Approved
7.16,613,1053292,1060690,West,Female,Goa,26,Business,Tier 3,Parent,Approved
9.11,646,758019,2521969,Central,Female,Uttar Pradesh,25,Medical,Tier 1,Parent,Approved
6.38,451,598456,458877,East,Female,Odisha,21,Science,Tier 1,Parent,Approved
8.75,533,301507,590569,East,Female,Jharkhand,19,Business,Tier 3,Sibling,Approved
8.48,595,454062,1139043,South,Male,Telangana,24,Engineering,Tier 1,Parent,Rejected
7.07,698,650198,1646753,North,Male,Himachal Pradesh,23,Medical,Tier 1,Parent,Rejected
7.36,459,1117904,1132433,North,Female,Haryana,22,Science,Tier 1,Parent,Rejected
5.09,526,1017091,728272,North,Male,Delhi,23,Science,Tier 2,Relative,Rejected
7.66,482,434276,762991,East,Male,Odisha,25,Business,Tier 2,Parent,Approved
8.44,539,809630,746975,North,Male,Himachal Pradesh,25,Science,Tier 1,Sibling,Approved
10.0,642,509080,588183,South,Female,Karnataka,19,Business,Tier 1,Parent,Approved
5.96,493,982812,2687014,West,Male,Goa,20,Medical,Tier 3,Parent,Rejected
9.34,573,562378,606594,Central,Female,Chhattisgarh,22,Engineering,Tier 1,Parent,Approved
6.42,514,1082631,982538,West,Male,Maharashtra,26,Engineering,Tier 2,Parent,Rejected
8.77,583,941725,1484615,Central,Female,Chhattisgarh,28,Engineering,Tier 1,Sibling,Approved
9.03,585,584702,227874,West,Male,Maharashtra,21,Medical,Tier 1,Parent,Approved
8.54,522,757768,898946,North,Male,Haryana,19,Engineering,Tier 1,Parent,Rejected
7.25,604,1759694,1108065,North,Male,Haryana,27,Engineering,Tier 2,Relative,Rejected
8.46,527,778115,1041604,West,Male,Maharashtra,26,Business,Tier 1,Parent,Approved
7.77,530,451045,2402234,Central,Male,Madhya Pradesh,23,Medical,Tier 3,Sibling,Approved
7.2,662,713590,258845,North,Male,Punjab,27,Science,Tier 3,Parent,Approved
9.03,713,1684836,1249858,South,Female,Kerala,18,Business,Tier 2,Parent,Approved
10.0,525,761738,1025250,East,Female,Odisha,24,Business,Tier 1,Parent,Approved
7.89,597,353695,997871,West,Male,Goa,27,Law,Tier 3,Sibling,Rejected
6.06,486,1336037,920189,West,Male,Maharashtra,26,Science,Tier 2,Sibling,Approved
9.61,604,1233520,1489470,West,Female,Goa,23,Business,Tier 2,Sibling,Approved
5.0,485,838265,983665,North,Male,Delhi,20,Business,Tier 2,Parent,Approved
9.61,591,431935,952160,North,Male,Haryana,27,Engineering,Tier 1,Parent,Approved
5.67,543,724804,544200,North,Male,Punjab,28,Science,Tier 2,Relative,Approved
6.88,626,917872,2981958,North,Male,Haryana,19,Medical,Tier 2,Parent,Approved
5.0,510,1123648,2362253,West,Male,Gujarat,18,Medical,Tier 2,Parent,Rejected
6.92,552,579343,822047,South,Male,Andhra Pradesh,22,Engineering,Tier 2,Relative,Approved
7.69,568,397492,855427,Central,Male,Madhya Pradesh,27,Engineering,Tier 2,Parent,Approved
7.67,551,726533,642195,North,Female,Uttarakhand,25,Engineering,Tier 2,Parent,Approved
8.13,618,925528,1947377,East,Male,Bihar,24,Engineering,Tier 3,None,Rejected
6.22,660,552513,815968,North,Male,Punjab,19,Architecture,Tier 2,Parent,Approved
7.7,554,870272,540393,West,Other,Rajasthan,24,Business,Tier 1,Parent,Approved
5.33,480,522059,819156,South,Male,Telangana,27,Science,Tier 3,Sibling,Rejected
8.4,687,549592,797281,Central,Female,Chhattisgarh,23,Science,Tier 3,Parent,Approved
8.45,637,200000,1568368,South,Female,Kerala,19,Medical,Tier 1,Sibling,Approved
8.18,485,786904,588844,North,Male,Delhi,26,Science,Tier 3,Parent,Approved
8.95,505,398913,702525,Central,Female,Madhya Pradesh,21,Engineering,Tier 1,Parent,Approved
7.61,615,931812,1336098,South,Female,Telangana,23,Engineering,Tier 2,None,Rejected
6.63,663,254367,737605,East,Male,Bihar,19,Science,Tier 2,Parent,Rejected
6.59,652,633280,542386,West,Female,Gujarat,27,Arts,Tier 3,Parent,Approved
7.0,585,579071,899220,West,Male,Gujarat,19,Engineering,Tier 2,Parent,Approved
5.96,509,200000,411917,West,Male,Rajasthan,19,Medical,Tier 3,Parent,Rejected
5.97,561,699473,1949865,West,Male,Goa,27,Medical,Tier 2,Parent,Rejected
8.07,645,448309,306053,South,Female,Kerala,22,Engineering,Tier 3,Parent,Approved
8.89,589,900865,627863,South,Male,Karnataka,24,Science,Tier 1,Parent,Approved
7.24,560,895489,456522,South,Male,Telangana,20,Science,Tier 3,Parent,Approved
7.72,625,1002348,1775719,West,Female,Rajasthan,28,Medical,Tier 3,Relative,Approved
8.69,581,612771,775671,West,Female,Rajasthan,20,Engineering,Tier 2,Sibling,Approved
5.25,458,1099071,1923788,West,Female,Goa,28,Medical,Tier 3,Parent,Rejected
10.0,737,705137,1739827,West,Female,Maharashtra,26,Engineering,Tier 1,Parent,Approved
8.85,614,380539,419115,East,Male,Bihar,21,Engineering,Tier 3,Parent,Approved
8.65,641,280982,325217,North,Female,Delhi,26,Arts,Tier 2,Relative,Rejected
5.23,471,719626,1130582,North,Female,Haryana,22,Business,Tier 2,Parent,Rejected
7.04,428,1112431,298526,South,Male,Karnataka,21,Arts,Tier 1,Parent,Approved
8.24,590,542308,737464,Central,Male,Madhya Pradesh,25,Engineering,Tier 3,Parent,Approved
7.31,562,514050,946170,North,Male,Himachal Pradesh,23,Engineering,Tier 2,Parent,Approved
8.38,603,689189,410182,South,Male,Andhra Pradesh,23,Science,Tier 1,Parent,Approved
7.45,489,1202342,477232,South,Female,Kerala,20,Arts,Tier 2,Relative,Approved
7.76,502,1106548,1116082,East,Male,Assam,22,Law,Tier 2,Relative,Approved
6.51,717,648704,690652,South,Female,Telangana,27,Science,Tier 3,Relative,Rejected
7.56,632,456225,594100,North,Male,Haryana,28,Engineering,Tier 1,Parent,Approved
8.41,510,1492191,254038,North,Male,Uttarakhand,20,Engineering,Tier 1,Parent,Approved
9.14,537,940736,688975,North,Male,Uttarakhand,27,Science,Tier 3,None,Approved
5.37,567,570722,2018216,East,Male,Bihar,25,Medical,Tier 2,Parent,Approved
6.77,509,319423,1346325,South,Male,Telangana,19,Engineering,Tier 3,Parent,Rejected
7.89,713,797984,644233,West,Female,Gujarat,22,Science,Tier 2,Parent,Approved
8.94,723,1064470,716124,South,Female,Telangana,24,Business,Tier 2,Relative,Approved
6.86,640,1341182,1686269,South,Female,Telangana,26,Engineering,Tier 2,None,Approved
9.55,542,681825,864397,South,Male,Kerala,23,Engineering,Tier 2,Sibling,Approved
8.45,440,1050039,284326,South,Female,Andhra Pradesh,25,Arts,Tier 3,Relative,Approved
8.37,464,518661,575229,West,Female,Goa,19,Business,Tier 2,Parent,Approved
5.35,436,276244,100000,East,Male,Assam,22,Engineering,Tier 3,Parent,Rejected
7.81,511,473377,100000,Central,Female,Madhya Pradesh,23,Engineering,Tier 2,Parent,Approved
5.58,531,607371,846425,North,Female,Delhi,25,Business,Tier 3,Parent,Rejected
6.45,443,1191293,1060853,South,Female,Andhra Pradesh,21,Engineering,Tier 1,Sibling,Rejected
5.83,506,464713,259399,West,Female,Goa,23,Science,Tier 3,Parent,Approved
8.15,617,430766,606814,Central,Female,Madhya Pradesh,24,Law,Tier 2,Parent,Rejected
6.96,503,650668,1691208,South,Male,Kerala,27,Medical,Tier 3,Parent,Rejected
7.51,677,544127,861462,North,Female,Haryana,18,Arts,Tier 3,None,Approved
6.72,440,671073,306605,West,Male,Maharashtra,18,Science,Tier 2,Parent,Rejected
7.91,518,610021,639442,South,Other,Telangana,19,Science,Tier 1,Parent,Approved
10.0,675,746788,683625,East,Male,West Bengal,23,Engineering,Tier 2,Parent,Approved
8.15,580,641576,541832,East,Female,West Bengal,21,Science,Tier 3,Parent,Approved
6.02,489,647256,1253582,North,Female,Himachal Pradesh,25,Engineering,Tier 2,None,Rejected
7.17,651,1297969,1228515,West,Female,Rajasthan,24,Engineering,Tier 3,Parent,Approved
10.0,563,509406,275304,West,Male,Goa,26,Science,Tier 1,None,Approved
6.78,600,293227,731908,East,Female,Jharkhand,23,Science,Tier 2,Sibling,Approved
8.09,615,705043,525766,West,Male,Rajasthan,25,Business,Tier 1,Parent,Approved
7.74,576,639357,1547853,East,Female,Bihar,26,Law,Tier 1,Parent,Rejected
7.64,665,1012948,1698195,South,Male,Telangana,20,Architecture,Tier 2,Parent,Approved
9.1,708,237729,595798,West,Other,Rajasthan,18,Business,Tier 1,Parent,Approved
5.77,583,611868,769629,North,Female,Himachal Pradesh,23,Business,Tier 2,None,Rejected
8.46,688,535419,1046554,South,Male,Karnataka,24,Engineering,Tier 1,Parent,Approved
9.04,588,526290,364433,South,Male,Tamil Nadu,20,Engineering,Tier 2,Parent,Approved
9.22,685,869406,461488,West,Female,Maharashtra,24,Business,Tier 1,Parent,Approved
6.97,627,399992,726146,North,Male,Haryana,23,Medical,Tier 2,Parent,Approved
7.63,511,476896,324093,South,Female,Tamil Nadu,25,Science,Tier 2,Parent,Approved
9.36,672,868211,1154814,West,Male,Maharashtra,19,Engineering,Tier 1,Parent,Approved
8.27,545,921032,955630,West,Female,Rajasthan,26,Science,Tier 1,Parent,Approved
8.06,489,932432,2506679,Central,Male,Chhattisgarh,22,Medical,Tier 3,None,Rejected
8.62,637,300180,874787,East,Female,Odisha,23,Engineering,Tier 1,Parent,Approved
10.0,543,787143,893273,North,Female,Haryana,23,Business,Tier 1,Parent,Approved
9.05,598,765818,911092,East,Female,Jharkhand,23,Business,Tier 3,Parent,Approved
8.58,583,448079,758399,South,Male,Telangana,23,Science,Tier 3,Parent,Approved
5.0,587,476313,1049048,East,Female,Odisha,26,Engineering,Tier 2,Relative,Approved
8.05,430,1383085,1232710,South,Male,Tamil Nadu,26,Business,Tier 2,Sibling,Approved
8.64,754,453911,493152,North,Female,Punjab,21,Business,Tier 1,Relative,Approved
8.9,580,348622,649539,East,Female,Odisha,23,Arts,Tier 1,Parent,Approved
8.31,481,530771,1085736,North,Female,Punjab,28,Business,Tier 2,Sibling,Approved
6.41,446,639256,744167,East,Female,Jharkhand,26,Science,Tier 3,Relative,Rejected
8.53,530,610699,861682,West,Female,Gujarat,28,Business,Tier 3,None,Approved
6.72,535,725426,957816,West,Male,Goa,23,Engineering,Tier 3,None,Rejected
8.02,643,406095,1264933,East,Female,Odisha,19,Engineering,Tier 2,Sibling,Rejected
6.35,478,200000,1310072,East,Female,Odisha,26,Engineering,Tier 2,Parent,Approved
8.96,548,338310,1125037,South,Male,Kerala,18,Medical,Tier 3,Parent,Approved
7.22,500,1054520,2277930,West,Male,Maharashtra,24,Medical,Tier 3,Parent,Rejected
8.48,649,603543,321554,West,Male,Gujarat,27,Science,Tier 1,Relative,Approved
8.88,559,783307,1538542,North,Male,Delhi,27,Architecture,Tier 1,Parent,Approved
7.82,695,956873,870192,South,Female,Kerala,21,Engineering,Tier 3,Sibling,Approved
6.12,534,742100,1148147,North,Male,Punjab,21,Business,Tier 2,Parent,Approved
9.08,572,672596,1616261,West,Male,Maharashtra,22,Medical,Tier 2,Parent,Approved
9.27,706,855602,1487106,North,Male,Delhi,28,Medical,Tier 1,Sibling,Approved
8.08,566,879442,198169,South,Male,Tamil Nadu,22,Engineering,Tier 1,Parent,Approved
8.62,447,661331,909825,West,Female,Goa,28,Law,Tier 1,Parent,Approved
9.28,620,679267,336639,North,Male,Delhi,21,Business,Tier 1,Parent,Approved
9.69,590,533608,900450,East,Male,Assam,19,Business,Tier 1,Relative,Approved
9.25,548,997888,977830,North,Female,Punjab,21,Business,Tier 2,Parent,Approved
7.15,586,733598,1039412,South,Male,Karnataka,27,Business,Tier 2,Sibling,Rejected
6.92,608,581307,1107775,North,Male,Uttarakhand,25,Engineering,Tier 1,Parent,Approved
8.46,457,829513,643127,North,Female,Uttarakhand,22,Engineering,Tier 2,Parent,Approved
7.3,685,869066,2203901,North,Female,Uttarakhand,18,Medical,Tier 2,Parent,Approved
8.11,529,769734,583914,East,Male,Odisha,19,Business,Tier 1,Parent,Approved
6.18,537,595223,858146,South,Female,Telangana,27,Business,Tier 2,Parent,Approved
8.19,636,686942,337214,South,Male,Kerala,22,Science,Tier 1,None,Approved
8.33,414,1512876,1082436,West,Male,Gujarat,25,Business,Tier 3,Parent,Approved
5.71,614,1091445,748770,West,Male,Goa,25,Science,Tier 3,Sibling,Approved
7.13,659,996410,1885429,North,Female,Haryana,27,Medical,Tier 3,Sibling,Rejected
6.81,356,696262,1515583,East,Male,Assam,25,Engineering,Tier 3,Sibling,Rejected
8.11,602,1293828,810752,South,Female,Telangana,25,Law,Tier 2,Parent,Approved
7.19,505,245172,1019633,East,Female,Jharkhand,24,Engineering,Tier 1,Parent,Rejected
10.0,621,956572,1258614,South,Female,Tamil Nadu,18,Business,Tier 1,Parent,Approved
5.0,453,221273,1208543,North,Female,Punjab,19,Business,Tier 3,None,Rejected
7.71,513,637882,768818,West,Male,Maharashtra,23,Engineering,Tier 2,Parent,Approved
8.42,612,749642,925476,South,Male,Karnataka,28,Business,Tier 1,None,Rejected
6.32,480,689673,581861,South,Male,Tamil Nadu,25,Science,Tier 2,Parent,Approved
7.09,510,732541,760579,North,Male,Haryana,24,Business,Tier 3,Relative,Approved
8.41,521,392909,539319,East,Female,Bihar,20,Science,Tier 3,Parent,Approved
8.1,608,674222,624597,North,Female,Punjab,18,Arts,Tier 1,Parent,Approved
7.34,629,760265,489466,North,Female,Uttarakhand,26,Arts,Tier 2,Parent,Approved
10.0,698,1599473,902683,South,Male,Tamil Nadu,23,Law,Tier 3,Sibling,Approved
5.0,583,763965,915088,East,Female,West Bengal,26,Medical,Tier 3,Parent,Rejected
6.72,708,885317,739748,Central,Male,Madhya Pradesh,27,Business,Tier 3,Parent,Approved
6.52,577,459118,1393079,West,Female,Gujarat,26,Architecture,Tier 2,Parent,Approved
7.24,589,1091423,966839,Central,Female,Madhya Pradesh,23,Business,Tier 3,Parent,Rejected
7.32,598,584064,926343,East,Male,Odisha,24,Engineering,Tier 2,Parent,Approved
8.99,699,200000,649568,West,Male,Goa,20,Arts,Tier 3,None,Rejected
7.14,583,947877,1133735,North,Female,Punjab,24,Medical,Tier 1,Parent,Approved
8.44,556,504747,1367285,South,Male,Andhra Pradesh,26,Medical,Tier 2,Relative,Approved
7.43,669,632152,1233406,East,Male,Bihar,25,Architecture,Tier 2,Parent,Approved
6.04,644,521484,335169,East,Other,Jharkhand,22,Arts,Tier 3,Parent,Rejected
6.44,493,664112,871231,West,Male,Maharashtra,19,Arts,Tier 2,None,Rejected
8.01,625,699684,906458,North,Male,Haryana,20,Law,Tier 3,Parent,Rejected
6.58,598,819438,2298645,South,Male,Tamil Nadu,18,Medical,Tier 2,None,Approved
6.44,354,945137,941296,North,Female,Punjab,19,Business,Tier 2,Parent,Approved
8.24,691,256451,809436,South,Female,Karnataka,19,Engineering,Tier 2,Relative,Approved
7.8,553,754295,183193,East,Female,Jharkhand,23,Arts,Tier 3,Relative,Approved
8.89,587,487689,993850,South,Female,Kerala,26,Engineering,Tier 3,Sibling,Approved
8.18,751,1102297,2034175,South,Male,Karnataka,18,Medical,Tier 1,None,Rejected
8.03,582,918813,606304,West,Female,Rajasthan,21,Business,Tier 3,Parent,Approved
8.32,528,963233,816226,South,Male,Tamil Nadu,22,Business,Tier 2,Sibling,Approved
8.18,604,200000,625868,Central,Female,Madhya Pradesh,23,Science,Tier 2,Parent,Approved
8.61,679,565233,2174909,South,Female,Telangana,27,Medical,Tier 3,Relative,Approved
9.72,628,653737,640910,Central,Male,Madhya Pradesh,26,Engineering,Tier 1,Parent,Approved
6.72,663,1148287,2952366,South,Female,Andhra Pradesh,25,Medical,Tier 2,Parent,Approved
6.62,522,419055,425311,South,Female,Andhra Pradesh,18,Arts,Tier 3,Parent,Rejected
9.11,670,1119629,481783,West,Female,Goa,24,Arts,Tier 2,Parent,Approved
5.0,530,684881,450168,West,Female,Gujarat,18,Arts,Tier 3,Parent,Approved
5.99,508,1073332,1967987,South,Female,Tamil Nadu,21,Medical,Tier 2,Parent,Rejected
5.0,501,468882,420875,North,Male,Haryana,19,Arts,Tier 3,Sibling,Rejected
8.63,510,656189,474071,South,Female,Andhra Pradesh,18,Science,Tier 1,Parent,Approved
7.4,665,1286055,801028,North,Female,Punjab,26,Engineering,Tier 1,Relative,Approved
8.49,568,921003,1661414,North,Male,Haryana,21,Business,Tier 1,Parent,Approved
7.04,558,305885,1088168,East,Female,Odisha,27,Engineering,Tier 2,Relative,Approved
7.35,581,1030849,1156705,South,Male,Kerala,18,Engineering,Tier 2,Parent,Approved
7.71,640,765293,672843,West,Female,Gujarat,23,Science,Tier 2,Parent,Approved
7.29,402,1027116,1282707,North,Female,Haryana,27,Engineering,Tier 3,Sibling,Approved
6.32,528,770086,786258,West,Female,Rajasthan,28,Business,Tier 2,Parent,Approved
7.95,524,1115750,2806601,North,Male,Punjab,28,Medical,Tier 2,Parent,Approved
7.25,482,455887,762374,Central,Male,Madhya Pradesh,21,Business,Tier 3,Sibling,Approved
6.75,573,516845,411369,West,Female,Goa,19,Business,Tier 1,Parent,Approved
5.79,534,458711,607888,North,Male,Haryana,28,Arts,Tier 2,Parent,Approved
7.17,655,776770,935329,North,Female,Uttarakhand,24,Business,Tier 2,Sibling,Rejected
8.39,671,437536,1146554,East,Female,West Bengal,25,Engineering,Tier 1,None,Approved
6.53,490,812485,675673,East,Male,Assam,28,Engineering,Tier 2,Sibling,Rejected
8.1,586,321081,294462,Central,Male,Chhattisgarh,22,Arts,Tier 1,Parent,Approved
8.66,463,826385,804939,West,Female,Gujarat,20,Business,Tier 1,Parent,Approved
8.68,486,724128,711029,South,Female,Tamil Nadu,24,Business,Tier 3,Parent,Approved
7.67,690,289599,863220,South,Female,Tamil Nadu,18,Business,Tier 3,Parent,Rejected
7.46,494,988608,717543,South,Female,Kerala,18,Arts,Tier 2,Parent,Approved
5.0,657,293696,807775,North,Female,Himachal Pradesh,21,Engineering,Tier 3,Relative,Approved
6.31,418,887941,1069466,East,Female,Bihar,21,Business,Tier 2,Parent,Rejected
10.0,605,1056815,1575366,West,Male,Maharashtra,28,Medical,Tier 3,Relative,Approved
8.69,570,1009689,421482,South,Male,Telangana,25,Business,Tier 2,Sibling,Approved
6.52,541,830834,1402681,Central,Female,Chhattisgarh,25,Engineering,Tier 2,Parent,Approved
5.0,438,460995,736923,South,Male,Andhra Pradesh,22,Engineering,Tier 3,Parent,Approved
8.2,527,596420,686214,South,Female,Andhra Pradesh,18,Science,Tier 1,Parent,Approved
8.45,550,1053988,783902,North,Male,Delhi,21,Engineering,Tier 2,Parent,Approved
8.87,593,351884,1309853,West,Female,Maharashtra,28,Medical,Tier 2,Parent,Approved
10.0,582,330717,1310763,East,Female,Odisha,18,Architecture,Tier 1,Sibling,Approved
8.4,625,557722,648858,Central,Female,Madhya Pradesh,22,Science,Tier 2,None,Approved
7.69,595,628880,915057,North,Female,Haryana,21,Arts,Tier 1,Parent,Approved
5.49,523,633953,491636,West,Female,Gujarat,18,Science,Tier 3,None,Rejected
6.69,559,200000,545341,East,Female,Odisha,23,Arts,Tier 2,Relative,Approved
8.19,648,550557,434256,Central,Male,Chhattisgarh,26,Science,Tier 2,None,Approved
8.81,648,1018763,1149664,South,Female,Tamil Nadu,24,Arts,Tier 1,Parent,Approved
9.57,573,200000,532482,North,Female,Himachal Pradesh,23,Engineering,Tier 2,Parent,Approved
5.93,361,1330838,273714,South,Male,Andhra Pradesh,28,Science,Tier 3,Parent,Approved
7.86,523,445602,607658,South,Male,Kerala,18,Engineering,Tier 1,Parent,Approved
5.0,498,200000,1521555,South,Male,Andhra Pradesh,22,Architecture,Tier 3,Parent,Rejected
7.97,677,954270,302528,North,Female,Uttarakhand,20,Business,Tier 1,Sibling,Approved
8.62,750,430898,1312565,West,Female,Rajasthan,28,Business,Tier 1,Sibling,Approved
5.9,545,788131,1666989,Central,Male,Chhattisgarh,26,Medical,Tier 2,Relative,Approved
8.07,613,643914,460863,South,Female,Karnataka,24,Science,Tier 2,Relative,Rejected
7.72,508,763989,807971,East,Male,Assam,20,Arts,Tier 2,Parent,Approved
8.3,605,451984,760458,South,Male,Kerala,21,Business,Tier 3,Parent,Approved
9.13,531,1273603,904768,West,Male,Maharashtra,22,Science,Tier 1,Parent,Approved
8.52,511,760926,1649383,North,Male,Delhi,24,Medical,Tier 1,None,Approved
8.91,638,992236,536434,East,Female,Bihar,19,Engineering,Tier 1,Parent,Approved
7.99,595,712861,556761,West,Female,Gujarat,28,Arts,Tier 2,Sibling,Rejected
9.12,624,1284111,1333778,East,Male,West Bengal,27,Law,Tier 1,Parent,Approved
7.83,583,595271,496956,South,Female,Telangana,26,Science,Tier 1,Parent,Approved
5.0,461,685863,396117,East,Female,Odisha,23,Arts,Tier 2,Sibling,Approved
9.18,704,662005,185885,South,Male,Andhra Pradesh,27,Science,Tier 2,Relative,Approved
8.42,676,416778,1118814,North,Male,Delhi,25,Architecture,Tier 1,None,Rejected
6.64,501,677150,764387,East,Female,Assam,19,Law,Tier 3,Parent,Rejected
7.53,611,1158699,1062652,North,Male,Haryana,28,Law,Tier 3,None,Approved
6.67,628,872891,364554,West,Female,Rajasthan,25,Arts,Tier 3,Parent,Approved
5.81,573,1119140,830294,West,Male,Gujarat,22,Engineering,Tier 3,Parent,Rejected
6.51,575,605758,1527528,East,Male,West Bengal,20,Architecture,Tier 2,Parent,Rejected
6.69,528,451274,1443406,West,Male,Goa,20,Engineering,Tier 3,Parent,Approved
8.46,590,1044721,3000000,North,Male,Himachal Pradesh,20,Architecture,Tier 1,Parent,Approved
5.0,563,817756,749918,East,Male,Bihar,20,Arts,Tier 3,Parent,Rejected
10.0,573,904478,1116800,Central,Male,Madhya Pradesh,25,Business,Tier 1,Sibling,Approved
7.34,656,1100026,1564841,South,Female,Kerala,24,Medical,Tier 3,Parent,Approved
8.1,601,232274,691539,South,Female,Andhra Pradesh,25,Engineering,Tier 1,Relative,Approved
8.13,655,695666,899339,Central,Male,Madhya Pradesh,23,Arts,Tier 2,Parent,Approved
7.72,511,366055,1044045,South,Male,Karnataka,23,Architecture,Tier 1,Sibling,Rejected
7.15,667,556669,678598,North,Male,Himachal Pradesh,22,Medical,Tier 2,Sibling,Approved
9.61,632,695916,1438602,North,Female,Punjab,24,Business,Tier 1,Parent,Rejected
6.76,503,200000,2182085,West,Female,Gujarat,21,Medical,Tier 3,Sibling,Approved
5.78,554,721913,1043544,Central,Male,Uttar Pradesh,20,Business,Tier 2,Parent,Approved
6.66,553,708035,977946,South,Female,Telangana,28,Engineering,Tier 2,Parent,Approved
7.91,486,776343,766579,South,Female,Andhra Pradesh,18,Engineering,Tier 1,Parent,Approved
9.0,654,856998,1750876,South,Male,Andhra Pradesh,18,Architecture,Tier 1,Parent,Approved
7.24,553,761012,1652409,West,Female,Gujarat,23,Architecture,Tier 2,Relative,Rejected
8.95,701,320890,1897353,East,Female,Odisha,19,Medical,Tier 1,Relative,Approved
9.38,485,200000,701258,West,Male,Maharashtra,22,Medical,Tier 2,Parent,Rejected
5.0,530,795888,1590108,West,Female,Rajasthan,23,Medical,Tier 3,Sibling,Rejected
7.78,597,1048705,482479,West,Female,Rajasthan,18,Science,Tier 3,Parent,Approved
7.19,605,626267,918034,South,Female,Karnataka,24,Business,Tier 2,Sibling,Approved
8.98,621,781076,1291196,West,Female,Rajasthan,19,Business,Tier 2,Relative,Approved
7.41,613,995637,1113097,South,Male,Kerala,25,Engineering,Tier 2,Parent,Approved
6.83,709,631064,350534,West,Female,Gujarat,27,Science,Tier 1,Parent,Approved
10.0,671,687813,1338956,East,Male,Assam,24,Medical,Tier 1,Parent,Approved
6.91,540,1081908,967784,South,Female,Andhra Pradesh,26,Science,Tier 1,Parent,Approved
5.35,533,716025,2469475,North,Female,Himachal Pradesh,20,Architecture,Tier 3,None,Rejected
6.03,623,579557,570981,South,Female,Tamil Nadu,26,Engineering,Tier 2,Parent,Approved
10.0,595,330233,638526,Central,Male,Uttar Pradesh,24,Business,Tier 2,Parent,Approved
7.66,606,729005,1773864,West,Female,Gujarat,26,Medical,Tier 2,Sibling,Rejected
5.0,467,1029952,839065,West,Male,Rajasthan,22,Law,Tier 3,Relative,Rejected
7.03,563,890888,1408056,North,Male,Punjab,26,Engineering,Tier 3,Sibling,Approved
6.66,575,1108217,666150,East,Female,West Bengal,27,Arts,Tier 3,Parent,Approved
7.48,607,245180,877390,North,Female,Uttarakhand,18,Medical,Tier 2,Parent,Approved
7.72,572,881754,2638961,Central,Male,Chhattisgarh,19,Medical,Tier 2,Parent,Rejected
8.47,532,1254020,777819,North,Other,Uttarakhand,24,Engineering,Tier 2,Parent,Approved
9.51,624,673997,1745191,North,Female,Himachal Pradesh,25,Medical,Tier 1,Relative,Approved
7.42,575,607717,1390440,East,Male,Jharkhand,22,Engineering,Tier 3,Parent,Rejected
9.43,649,1028190,1305335,South,Male,Andhra Pradesh,26,Business,Tier 3,None,Approved
8.92,668,658161,496040,South,Female,Andhra Pradesh,20,Engineering,Tier 2,Relative,Approved
6.95,555,1222485,1610670,South,Male,Andhra Pradesh,27,Engineering,Tier 2,Parent,Approved
9.95,625,699686,551284,North,Female,Uttarakhand,28,Science,Tier 2,None,Approved
10.0,630,505934,310211,East,Male,Jharkhand,18,Law,Tier 1,Parent,Approved
6.9,455,536533,1700269,East,Female,Bihar,25,Medical,Tier 3,Parent,Rejected
5.76,594,697832,295937,West,Male,Gujarat,27,Science,Tier 2,Parent,Approved
5.05,384,826180,1045983,West,Male,Gujarat,20,Engineering,Tier 3,Parent,Rejected
7.77,659,1155648,1573225,North,Female,Punjab,21,Engineering,Tier 3,Parent,Approved
8.33,566,1077324,1578085,North,Female,Uttarakhand,25,Engineering,Tier 3,Parent,Approved
6.99,617,682810,411550,South,Female,Telangana,20,Science,Tier 3,Parent,Rejected
5.0,507,762999,2088063,North,Male,Delhi,27,Medical,Tier 2,Parent,Approved
7.36,480,200000,834698,East,Male,Odisha,18,Business,Tier 3,Parent,Rejected
6.6,541,961715,1190398,North,Male,Delhi,18,Medical,Tier 2,Parent,Approved
8.51,730,817446,1420470,West,Female,Gujarat,27,Medical,Tier 1,None,Approved
7.0,467,578989,884171,Central,Male,Chhattisgarh,18,Engineering,Tier 2,Parent,Approved
8.85,538,636675,1428642,South,Male,Telangana,18,Business,Tier 1,Parent,Rejected
6.82,549,549641,1029752,North,Female,Himachal Pradesh,25,Engineering,Tier 1,Parent,Approved
7.18,661,574524,1001180,West,Female,Goa,19,Business,Tier 1,Parent,Approved
8.52,571,298962,324166,West,Female,Rajasthan,19,Science,Tier 1,Parent,Rejected
10.0,600,514408,996133,South,Male,Tamil Nadu,25,Medical,Tier 1,Parent,Approved
10.0,718,1145950,1141111,South,Female,Telangana,28,Engineering,Tier 1,Parent,Approved
6.88,596,762054,813543,South,Male,Andhra Pradesh,24,Science,Tier 2,None,Approved
8.21,479,607689,513113,North,Female,Punjab,20,Arts,Tier 3,Parent,Approved
9.26,648,1113139,2303296,East,Female,Odisha,21,Medical,Tier 1,Parent,Rejected
5.66,526,945849,1615829,East,Male,Assam,22,Medical,Tier 2,Parent,Approved
9.17,574,603656,892396,West,Male,Maharashtra,24,Business,Tier 1,Parent,Approved
8.87,694,200000,1242931,East,Female,Bihar,23,Medical,Tier 1,Parent,Rejected
10.0,704,738406,680728,West,Male,Rajasthan,18,Engineering,Tier 2,Parent,Approved
5.0,601,743913,815396,East,Male,West Bengal,25,Arts,Tier 3,Parent,Rejected
6.47,440,912676,1151882,South,Male,Karnataka,26,Engineering,Tier 3,Parent,Rejected
8.46,675,535257,792981,South,Female,Tamil Nadu,18,Engineering,Tier 1,Parent,Approved
8.29,482,813450,874959,North,Female,Delhi,25,Engineering,Tier 2,Parent,Approved
5.25,436,200000,717892,Central,Female,Uttar Pradesh,18,Arts,Tier 2,Parent,Rejected
6.77,584,342531,642065,North,Female,Uttarakhand,25,Engineering,Tier 2,Parent,Rejected
5.99,534,626813,1357911,North,Female,Haryana,28,Engineering,Tier 2,Parent,Approved
7.68,492,693539,1441313,West,Female,Rajasthan,21,Medical,Tier 2,Sibling,Approved
5.41,474,760161,1303225,East,Male,Jharkhand,21,Medical,Tier 1,Parent,Rejected
7.36,556,610833,344886,West,Female,Gujarat,21,Engineering,Tier 2,Parent,Approved
6.87,526,771340,787107,West,Female,Gujarat,20,Medical,Tier 2,Parent,Rejected
9.13,535,1093340,486982,South,Male,Kerala,19,Science,Tier 3,Parent,Approved
7.09,564,1192560,910897,West,Male,Goa,24,Engineering,Tier 2,Parent,Approved
7.84,588,964807,978485,North,Female,Punjab,25,Science,Tier 2,Parent,Rejected
8.48,435,1127238,1136968,South,Female,Telangana,21,Engineering,Tier 2,Sibling,Rejected
8.16,578,1306666,1049877,South,Male,Tamil Nadu,26,Engineering,Tier 1,Parent,Approved
8.78,676,757135,1331252,West,Female,Goa,28,Law,Tier 2,Parent,Approved
7.24,564,1222941,1450497,West,Male,Gujarat,19,Architecture,Tier 3,Parent,Approved
6.94,575,605730,1153972,Central,Male,Chhattisgarh,24,Business,Tier 3,Relative,Approved
9.16,709,200000,546172,South,Male,Andhra Pradesh,26,Arts,Tier 3,None,Rejected
8.11,588,690807,1009266,East,Female,Assam,26,Medical,Tier 2,Parent,Rejected
7.35,559,806000,251085,North,Male,Punjab,22,Law,Tier 2,Sibling,Approved
5.73,664,930206,2266601,East,Female,Jharkhand,20,Architecture,Tier 2,Relative,Rejected
8.14,472,1153461,3000000,South,Male,Karnataka,18,Medical,Tier 2,Parent,Approved
8.25,477,857626,1422582,South,Male,Tamil Nadu,24,Engineering,Tier 2,Parent,Approved
8.78,593,635558,2545750,South,Female,Tamil Nadu,22,Medical,Tier 1,Sibling,Approved
6.73,383,461937,344877,North,Male,Uttarakhand,26,Science,Tier 2,Parent,Rejected
10.0,601,431507,548596,West,Male,Rajasthan,18,Engineering,Tier 1,Parent,Approved
8.1,482,791652,944657,East,Male,West Bengal,20,Engineering,Tier 1,Parent,Approved
8.37,613,643339,1433112,West,Male,Maharashtra,26,Engineering,Tier 2,Parent,Approved
8.39,609,200000,1840384,West,Male,Rajasthan,24,Medical,Tier 1,Parent,Rejected
8.38,590,428575,655726,East,Male,West Bengal,28,Engineering,Tier 1,Sibling,Approved
5.14,471,390521,1050604,West,Female,Maharashtra,26,Engineering,Tier 3,None,Rejected
6.52,475,498701,2428245,West,Male,Rajasthan,28,Architecture,Tier 2,None,Rejected
6.6,536,834961,865584,North,Male,Himachal Pradesh,27,Business,Tier 2,None,Approved
9.25,581,766503,661010,North,Male,Himachal Pradesh,24,Arts,Tier 1,Parent,Approved
6.71,673,805093,836759,South,Male,Tamil Nadu,20,Engineering,Tier 2,Parent,Approved
6.59,523,738324,838235,South,Male,Karnataka,26,Engineering,Tier 3,Parent,Approved
9.08,671,955400,289883,West,Female,Goa,26,Science,Tier 1,Sibling,Approved
8.61,620,1081121,566878,North,Male,Uttarakhand,23,Engineering,Tier 2,Parent,Approved
8.8,702,1052465,1025416,West,Male,Gujarat,19,Business,Tier 2,Sibling,Approved
8.09,609,756932,430207,West,Male,Gujarat,26,Engineering,Tier 3,Parent,Approved
8.91,508,342298,1058069,East,Male,Bihar,25,Medical,Tier 2,Sibling,Approved
8.73,673,692165,526213,Central,Male,Chhattisgarh,23,Business,Tier 3,Parent,Approved
6.79,601,597334,996375,West,Male,Maharashtra,18,Business,Tier 2,Sibling,Rejected
8.7,723,200000,330033,South,Female,Telangana,18,Engineering,Tier 1,Parent,Approved
8.17,571,792084,751929,West,Male,Maharashtra,27,Engineering,Tier 2,Sibling,Approved
6.99,509,900637,649187,South,Male,Andhra Pradesh,18,Science,Tier 3,Parent,Rejected
7.93,517,572464,1139964,West,Female,Rajasthan,21,Engineering,Tier 2,Parent,Rejected
5.8,420,235210,557683,West,Female,Gujarat,25,Engineering,Tier 3,None,Rejected
7.3,571,812105,617044,South,Female,Telangana,24,Arts,Tier 2,Sibling,Approved
7.64,571,1343682,730348,North,Male,Uttarakhand,25,Arts,Tier 2,Sibling,Approved
8.85,500,350711,1279787,East,Male,Odisha,27,Engineering,Tier 1,Sibling,Approved
7.59,546,617843,1052367,West,Male,Rajasthan,22,Architecture,Tier 1,Parent,Approved
6.57,627,983264,2380749,West,Female,Gujarat,18,Architecture,Tier 2,Sibling,Approved
6.61,533,735283,449574,South,Male,Tamil Nadu,18,Science,Tier 2,Parent,Approved
7.67,527,1183694,2713847,South,Male,Karnataka,26,Medical,Tier 2,Parent,Rejected
8.6,745,991328,2412713,South,Male,Telangana,27,Architecture,Tier 1,None,Rejected
7.55,585,364776,564416,West,Male,Goa,27,Arts,Tier 3,Parent,Rejected
8.16,553,715399,2412474,West,Female,Rajasthan,20,Medical,Tier 2,Sibling,Approved
10.0,506,1056065,659540,West,Male,Maharashtra,28,Science,Tier 1,Sibling,Approved
7.88,634,731953,574489,West,Male,Goa,22,Business,Tier 2,None,Approved
6.23,534,1318928,109237,West,Female,Rajasthan,25,Arts,Tier 2,Relative,Rejected
6.36,469,918197,1608526,North,Male,Delhi,26,Engineering,Tier 3,Relative,Approved
7.53,449,668588,363587,Central,Male,Uttar Pradesh,25,Arts,Tier 2,Relative,Rejected
7.62,551,1076097,837704,Central,Male,Uttar Pradesh,24,Law,Tier 1,Parent,Approved
6.61,526,706950,458620,South,Male,Andhra Pradesh,27,Business,Tier 3,None,Approved
6.37,578,701323,1166692,Central,Female,Madhya Pradesh,25,Business,Tier 3,Relative,Rejected
7.57,559,1182209,1040342,South,Female,Tamil Nadu,26,Business,Tier 2,None,Rejected
9.18,562,1465649,568201,West,Male,Gujarat,18,Science,Tier 1,Sibling,Approved
5.66,678,1079027,948740,South,Female,Andhra Pradesh,19,Business,Tier 2,Parent,Approved
6.37,522,1081570,860258,South,Female,Karnataka,25,Science,Tier 2,Parent,Approved
9.9,659,780262,764738,Central,Male,Chhattisgarh,23,Business,Tier 2,Parent,Approved
9.53,539,1224533,796117,West,Male,Maharashtra,27,Arts,Tier 2,Sibling,Approved
6.84,658,1213334,1076711,South,Male,Karnataka,28,Business,Tier 2,Relative,Approved
8.4,559,505978,521712,South,Female,Andhra Pradesh,25,Science,Tier 1,Sibling,Approved
8.24,678,666975,913256,North,Female,Delhi,21,Engineering,Tier 1,Parent,Approved
7.04,539,677209,1108305,North,Male,Himachal Pradesh,28,Engineering,Tier 3,None,Approved
8.34,585,900863,475031,South,Female,Andhra Pradesh,18,Science,Tier 3,Parent,Approved
5.04,534,576506,792254,North,Female,Uttarakhand,26,Arts,Tier 3,Parent,Rejected
8.32,595,708048,482007,West,Male,Gujarat,28,Engineering,Tier 1,Relative,Approved
5.66,476,625591,809124,East,Female,West Bengal,22,Medical,Tier 3,Sibling,Approved
5.0,570,674504,1117001,East,Female,Assam,23,Law,Tier 3,Parent,Approved
6.52,574,343670,897077,West,Female,Goa,27,Business,Tier 2,Sibling,Approved
5.93,552,962040,665364,North,Female,Himachal Pradesh,19,Science,Tier 3,Parent,Rejected
8.03,641,550467,548107,East,Female,Jharkhand,27,Engineering,Tier 2,Parent,Approved
6.6,451,1525669,2049918,South,Female,Tamil Nadu,20,Business,Tier 3,Parent,Rejected
6.69,540,795122,1131382,West,Female,Maharashtra,19,Engineering,Tier 2,Parent,Rejected
6.62,538,737574,756356,West,Male,Maharashtra,22,Business,Tier 3,Parent,Approved
7.51,463,622194,990515,South,Male,Karnataka,25,Engineering,Tier 1,None,Approved
7.32,590,1029704,2026254,South,Female,Tamil Nadu,27,Medical,Tier 3,Parent,Approved
6.3,578,814101,1192701,North,Female,Delhi,27,Medical,Tier 2,Parent,Rejected
10.0,527,1048832,425499,North,Male,Himachal Pradesh,19,Arts,Tier 1,Parent,Approved
7.53,624,699386,946573,South,Male,Kerala,27,Engineering,Tier 3,None,Rejected
9.07,631,793868,606599,West,Female,Gujarat,27,Engineering,Tier 1,Parent,Approved
6.03,535,982024,797120,South,Female,Kerala,25,Science,Tier 2,None,Approved
8.3,512,909035,929708,South,Male,Tamil Nadu,27,Engineering,Tier 1,Relative,Approved
9.14,682,536797,1357650,North,Male,Uttarakhand,18,Medical,Tier 2,Parent,Approved
7.86,481,678998,1132176,North,Male,Himachal Pradesh,25,Engineering,Tier 1,Parent,Approved
9.54,550,364032,1874211,South,Male,Karnataka,25,Architecture,Tier 1,Parent,Approved
5.94,522,1164243,626405,North,Female,Himachal Pradesh,23,Science,Tier 2,Parent,Approved
6.58,568,200000,322628,South,Female,Karnataka,24,Science,Tier 1,Parent,Approved
7.61,596,463158,368591,West,Female,Maharashtra,18,Business,Tier 1,Sibling,Approved
8.19,623,583839,806222,South,Male,Kerala,20,Arts,Tier 1,Parent,Approved
6.64,680,646857,834721,East,Female,West Bengal,27,Engineering,Tier 2,Sibling,Approved
7.44,520,1324521,1219167,South,Female,Kerala,21,Engineering,Tier 2,Sibling,Approved
6.32,522,1094350,2932746,East,Male,Assam,20,Medical,Tier 3,Sibling,Approved
9.24,653,318549,1502988,West,Male,Goa,24,Medical,Tier 2,Relative,Approved
7.18,352,1074788,1901850,North,Female,Haryana,25,Business,Tier 1,Relative,Rejected
8.3,537,813848,1470567,West,Male,Gujarat,20,Medical,Tier 3,Parent,Approved
6.84,742,466054,1450686,South,Male,Tamil Nadu,24,Architecture,Tier 1,Parent,Approved
8.53,760,910376,2155803,East,Female,Assam,26,Medical,Tier 2,Parent,Approved
6.58,579,1154838,1239493,West,Male,Maharashtra,26,Law,Tier 2,Parent,Rejected
7.97,527,541758,760969,Central,Male,Uttar Pradesh,18,Engineering,Tier 3,Parent,Approved
8.39,661,690417,859697,South,Male,Karnataka,20,Medical,Tier 1,Parent,Approved
6.19,438,1308025,1437864,North,Female,Haryana,26,Medical,Tier 2,Sibling,Rejected
8.43,481,457129,449176,West,Female,Maharashtra,23,Science,Tier 2,Sibling,Approved
9.49,702,1110841,1672614,South,Female,Telangana,18,Engineering,Tier 1,Parent,Approved
9.78,620,200000,1688793,Central,Male,Chhattisgarh,20,Medical,Tier 1,Parent,Approved
7.63,559,634114,1073151,South,Male,Andhra Pradesh,23,Engineering,Tier 1,Parent,Approved
8.29,520,811347,520603,North,Male,Haryana,26,Engineering,Tier 1,Parent,Approved
7.14,581,988482,674126,Central,Male,Chhattisgarh,24,Science,Tier 2,Parent,Approved
6.21,505,721473,698222,East,Female,Jharkhand,20,Law,Tier 2,Parent,Approved
8.71,462,1188042,544889,West,Female,Goa,22,Engineering,Tier 1,Parent,Approved
7.73,613,200000,1216104,West,Male,Gujarat,23,Medical,Tier 3,Parent,Rejected
7.84,667,839667,553046,North,Female,Uttarakhand,24,Science,Tier 3,Parent,Approved
5.42,704,842322,2498518,North,Male,Punjab,28,Medical,Tier 2,Parent,Rejected
8.43,539,1427717,662184,West,Male,Goa,21,Engineering,Tier 1,Sibling,Approved
7.16,599,799380,783520,Central,Female,Chhattisgarh,26,Law,Tier 3,Parent,Approved
9.23,571,896816,2273890,Central,Male,Chhattisgarh,19,Medical,Tier 2,Parent,Approved
6.72,424,716310,885875,South,Female,Karnataka,22,Engineering,Tier 2,Sibling,Approved
6.5,532,1040420,848891,South,Female,Karnataka,22,Arts,Tier 1,Parent,Approved
7.78,623,811562,576310,Central,Male,Chhattisgarh,21,Arts,Tier 3,Parent,Approved
10.0,643,853532,1069514,West,Male,Rajasthan,24,Engineering,Tier 1,Parent,Approved
7.4,448,1147447,272190,South,Female,Kerala,22,Arts,Tier 3,Relative,Rejected
10.0,520,863143,878938,North,Male,Uttarakhand,26,Law,Tier 3,Relative,Rejected
7.29,580,1007903,956793,West,Male,Gujarat,25,Business,Tier 1,Parent,Approved
5.98,619,408426,884045,North,Male,Himachal Pradesh,26,Medical,Tier 3,Relative,Rejected
7.47,545,561486,784318,North,Female,Delhi,18,Engineering,Tier 3,Parent,Rejected
7.38,439,806922,487779,South,Male,Telangana,28,Engineering,Tier 3,Relative,Rejected
8.71,611,1076935,280668,North,Female,Delhi,22,Business,Tier 1,Parent,Approved
6.93,550,1257063,598537,South,Male,Kerala,22,Arts,Tier 3,Parent,Approved
7.39,597,844114,822127,South,Female,Telangana,22,Arts,Tier 1,Parent,Approved
7.12,610,625964,528623,North,Female,Himachal Pradesh,26,Science,Tier 2,Parent,Approved
7.38,520,977293,817968,East,Female,Bihar,28,Science,Tier 2,None,Approved
8.73,655,877185,1471734,North,Female,Haryana,25,Engineering,Tier 2,None,Approved
8.94,444,778344,1444035,North,Female,Delhi,19,Medical,Tier 1,Sibling,Approved
8.96,576,838412,884985,East,Female,Odisha,20,Engineering,Tier 1,Parent,Approved
7.52,553,922140,354541,West,Male,Gujarat,18,Arts,Tier 1,Parent,Approved
6.21,607,475280,357604,North,Male,Delhi,26,Business,Tier 3,Parent,Approved
7.01,682,409404,938753,West,Male,Maharashtra,24,Business,Tier 2,Parent,Rejected
8.46,580,330701,250361,East,Female,Jharkhand,28,Engineering,Tier 1,Parent,Rejected
9.02,706,583060,668185,Central,Female,Uttar Pradesh,26,Business,Tier 2,Sibling,Approved
8.13,587,510322,508035,East,Other,Bihar,24,Science,Tier 2,None,Rejected
7.56,624,853769,100000,West,Female,Gujarat,23,Business,Tier 1,Sibling,Approved
5.68,483,602680,294857,North,Female,Punjab,23,Business,Tier 3,Relative,Rejected
7.36,533,658040,740922,East,Male,Assam,21,Science,Tier 2,Parent,Rejected
10.0,627,1168227,912045,South,Male,Telangana,23,Science,Tier 1,Parent,Approved
9.62,612,915428,1150407,South,Male,Kerala,19,Engineering,Tier 1,Sibling,Approved
7.85,510,1138633,437916,South,Male,Andhra Pradesh,19,Engineering,Tier 1,Parent,Approved
7.55,520,1725932,572729,South,Female,Telangana,27,Science,Tier 3,Parent,Approved
6.48,560,560708,515184,North,Male,Uttarakhand,18,Science,Tier 2,Parent,Approved
7.95,530,807552,485268,East,Female,Bihar,24,Science,Tier 2,Parent,Approved
7.56,558,200000,534691,Central,Female,Madhya Pradesh,26,Arts,Tier 1,Sibling,Approved
6.6,491,1029167,798633,West,Male,Gujarat,25,Engineering,Tier 2,Relative,Approved
9.51,605,642054,1322956,West,Male,Maharashtra,22,Medical,Tier 1,None,Approved
8.62,630,784229,296128,West,Male,Maharashtra,26,Science,Tier 1,None,Approved
7.97,554,200000,332498,South,Female,Andhra Pradesh,24,Science,Tier 1,Parent,Approved
9.16,597,843211,1058178,South,Male,Karnataka,28,Medical,Tier 3,None,Approved
7.63,455,1254507,1147404,South,Male,Andhra Pradesh,22,Engineering,Tier 3,Parent,Approved
10.0,437,1348031,189154,West,Male,Gujarat,22,Science,Tier 1,Parent,Approved
8.16,657,400194,357371,West,Female,Maharashtra,25,Engineering,Tier 3,Relative,Approved
9.09,717,399564,475415,Central,Male,Uttar Pradesh,24,Engineering,Tier 2,None,Approved
8.32,610,730311,2032713,South,Male,Andhra Pradesh,27,Medical,Tier 2,Relative,Rejected
8.25,457,1130278,1108628,West,Male,Gujarat,22,Medical,Tier 2,Relative,Approved
6.71,617,836273,1675523,South,Female,Telangana,28,Medical,Tier 1,Parent,Rejected
6.91,407,830328,221941,South,Male,Karnataka,22,Arts,Tier 3,Relative,Approved
7.85,561,606627,746963,North,Female,Haryana,20,Engineering,Tier 1,Parent,Rejected
6.16,525,855357,748329,West,Male,Maharashtra,18,Engineering,Tier 3,Parent,Rejected
7.96,593,1019113,1230511,Central,Female,Madhya Pradesh,19,Engineering,Tier 3,Relative,Approved
7.61,585,213523,575864,North,Male,Haryana,25,Science,Tier 2,Parent,Approved
10.0,583,754599,480591,West,Other,Gujarat,20,Engineering,Tier 1,Relative,Approved
8.74,590,831457,1380738,South,Male,Telangana,23,Engineering,Tier 2,Parent,Approved
7.97,584,220982,683779,West,Female,Goa,20,Science,Tier 1,Parent,Rejected
8.92,456,512325,727201,East,Female,Odisha,24,Science,Tier 3,Parent,Approved
8.56,476,770885,1308525,South,Male,Tamil Nadu,19,Medical,Tier 1,Parent,Approved
8.06,452,656870,930432,Central,Female,Chhattisgarh,24,Engineering,Tier 2,None,Rejected
8.09,637,1235524,704542,West,Female,Gujarat,18,Business,Tier 3,Parent,Approved
8.28,501,976964,1033489,North,Male,Himachal Pradesh,20,Business,Tier 2,Parent,Rejected
9.66,579,1151896,1426823,West,Male,Gujarat,19,Business,Tier 1,Parent,Approved
6.71,719,987697,1336784,North,Male,Delhi,22,Business,Tier 1,Relative,Rejected
8.24,548,627884,727871,West,Male,Gujarat,25,Business,Tier 1,Relative,Approved
8.24,579,200000,1559015,West,Female,Rajasthan,18,Medical,Tier 3,None,Rejected
5.0,623,564423,1751630,South,Female,Karnataka,25,Medical,Tier 3,Parent,Rejected
6.65,567,200000,207347,Central,Male,Chhattisgarh,21,Engineering,Tier 3,Parent,Approved
5.58,517,626942,599837,Central,Male,Chhattisgarh,23,Business,Tier 3,Relative,Approved
8.68,591,241727,473161,West,Male,Goa,25,Medical,Tier 2,None,Rejected
5.68,599,759947,419735,Central,Male,Uttar Pradesh,26,Engineering,Tier 2,Parent,Approved
8.6,615,711892,807550,West,Male,Rajasthan,28,Science,Tier 2,Parent,Approved
9.22,676,725701,474608,East,Male,Bihar,28,Engineering,Tier 1,None,Approved
8.57,568,785454,849990,East,Female,Odisha,28,Science,Tier 3,None,Rejected
6.71,658,859346,906666,South,Female,Kerala,20,Business,Tier 3,Parent,Approved
8.54,635,647678,550907,West,Male,Maharashtra,25,Engineering,Tier 1,Sibling,Approved
8.45,549,1113551,695312,North,Male,Haryana,25,Arts,Tier 1,Sibling,Approved
7.42,708,622769,398012,Central,Male,Uttar Pradesh,24,Science,Tier 3,Parent,Approved
7.28,546,232107,773056,North,Female,Uttarakhand,23,Business,Tier 1,None,Rejected
9.0,430,200000,1260322,West,Male,Gujarat,26,Architecture,Tier 3,Sibling,Rejected
9.44,629,556406,1395761,North,Female,Himachal Pradesh,19,Architecture,Tier 3,Parent,Approved
6.42,413,1269449,437311,North,Female,Uttarakhand,25,Science,Tier 3,None,Rejected
5.0,650,559079,676812,West,Female,Maharashtra,23,Business,Tier 3,Parent,Rejected
6.53,635,972251,777197,South,Female,Kerala,25,Arts,Tier 3,Parent,Approved
6.24,542,679665,426892,East,Female,Bihar,22,Engineering,Tier 2,Parent,Approved
7.07,619,988108,732576,South,Female,Karnataka,27,Business,Tier 2,Parent,Approved
6.95,497,765861,679683,East,Male,Odisha,18,Engineering,Tier 3,None,Approved
8.95,730,801119,296413,South,Male,Telangana,24,Engineering,Tier 1,Parent,Approved
8.97,569,766354,357048,East,Male,Jharkhand,28,Arts,Tier 1,Parent,Approved
7.18,410,1617727,2539964,West,Male,Gujarat,28,Medical,Tier 1,Parent,Approved
8.07,812,1035102,616637,South,Female,Kerala,18,Business,Tier 1,Parent,Approved
7.36,606,973903,662055,West,Male,Rajasthan,22,Arts,Tier 3,Parent,Approved
6.57,636,433733,742770,Central,Male,Uttar Pradesh,26,Engineering,Tier 3,Relative,Approved
8.21,594,200000,824296,Central,Male,Madhya Pradesh,25,Law,Tier 2,None,Approved
9.08,565,200000,441107,North,Male,Punjab,23,Law,Tier 2,Parent,Approved
5.0,566,1071184,1322646,Central,Male,Madhya Pradesh,24,Engineering,Tier 3,None,Rejected
6.27,497,576351,575553,East,Female,Odisha,20,Engineering,Tier 3,Parent,Approved
6.19,507,350366,844663,North,Male,Delhi,25,Engineering,Tier 3,Relative,Approved
8.63,668,494981,555162,East,Male,Jharkhand,28,Engineering,Tier 1,Parent,Approved
7.53,447,1199077,734769,North,Male,Himachal Pradesh,28,Science,Tier 2,Sibling,Approved
6.7,562,436521,195751,East,Male,Jharkhand,28,Arts,Tier 2,Parent,Approved
7.14,504,847903,890215,East,Male,Assam,25,Science,Tier 3,Sibling,Approved
7.69,668,394437,1254069,East,Female,West Bengal,18,Medical,Tier 2,Relative,Rejected
5.95,404,402512,2406781,North,Male,Uttarakhand,26,Medical,Tier 2,Parent,Rejected
6.52,541,1112861,2088271,West,Female,Gujarat,26,Architecture,Tier 3,Parent,Approved
9.06,570,707214,579778,Central,Male,Madhya Pradesh,21,Business,Tier 1,Sibling,Approved
5.0,532,696829,689653,North,Female,Punjab,27,Business,Tier 2,Relative,Rejected
8.15,716,576786,476909,South,Male,Tamil Nadu,27,Architecture,Tier 2,Parent,Approved
9.05,497,377031,661939,East,Male,West Bengal,27,Engineering,Tier 1,Sibling,Rejected
8.94,576,410235,673268,North,Male,Delhi,22,Law,Tier 1,Parent,Approved
6.52,384,1007561,634709,West,Female,Rajasthan,23,Engineering,Tier 2,Sibling,Rejected
10.0,613,847820,1933282,South,Female,Andhra Pradesh,23,Medical,Tier 3,Relative,Approved
7.58,633,749585,789407,South,Female,Tamil Nadu,27,Business,Tier 3,Parent,Approved
6.77,539,621503,973265,South,Male,Kerala,24,Law,Tier 2,Sibling,Rejected
7.08,591,848088,1087151,East,Male,Odisha,25,Medical,Tier 2,Parent,Approved
6.92,481,372204,743923,East,Male,West Bengal,22,Engineering,Tier 2,Sibling,Rejected
7.29,598,394027,1913193,South,Female,Andhra Pradesh,24,Medical,Tier 3,Sibling,Rejected
9.08,612,1091992,822506,East,Male,Bihar,27,Business,Tier 1,None,Approved
5.97,510,550801,223901,East,Female,Odisha,18,Medical,Tier 3,Sibling,Approved
7.45,450,281713,1822269,East,Female,Assam,25,Architecture,Tier 2,Parent,Approved
8.71,646,1035420,1798690,North,Female,Delhi,22,Law,Tier 2,Sibling,Approved
7.59,595,618448,560292,Central,Male,Chhattisgarh,24,Science,Tier 1,Parent,Approved
7.29,653,494623,955258,Central,Male,Madhya Pradesh,18,Business,Tier 3,Parent,Approved
7.48,573,1313581,1291341,West,Female,Gujarat,23,Engineering,Tier 2,Parent,Approved
6.43,481,242118,1029441,South,Male,Karnataka,22,Engineering,Tier 2,Parent,Rejected
6.2,517,497680,738863,Central,Male,Madhya Pradesh,25,Business,Tier 2,Parent,Rejected
7.63,653,1017841,1150651,North,Male,Uttarakhand,24,Engineering,Tier 1,None,Approved
6.62,526,574465,529145,Central,Female,Uttar Pradesh,24,Engineering,Tier 3,Parent,Approved
8.09,586,200000,100000,East,Female,Jharkhand,23,Science,Tier 1,Parent,Approved
6.33,497,659845,2090737,East,Male,Bihar,24,Medical,Tier 2,Parent,Rejected
8.63,690,758856,2427894,North,Female,Delhi,18,Medical,Tier 2,Parent,Approved
6.97,558,1273333,1010661,North,Male,Haryana,21,Law,Tier 2,Parent,Approved
6.21,421,758399,1292645,West,Male,Maharashtra,26,Law,Tier 2,Parent,Rejected
8.26,661,638755,766846,South,Male,Karnataka,23,Business,Tier 1,Parent,Approved
5.66,573,1053138,1660470,West,Male,Rajasthan,26,Business,Tier 3,Parent,Rejected
8.52,560,490863,1563184,North,Male,Himachal Pradesh,20,Medical,Tier 2,Parent,Rejected
6.48,578,474322,928049,North,Female,Punjab,20,Medical,Tier 3,Parent,Approved
5.16,508,252728,903713,West,Male,Maharashtra,21,Engineering,Tier 3,Parent,Approved
8.82,629,940644,838633,East,Female,Odisha,27,Arts,Tier 2,Parent,Approved
7.09,516,508713,1517198,North,Female,Himachal Pradesh,22,Engineering,Tier 3,Parent,Approved
5.0,611,638308,1018246,Central,Female,Chhattisgarh,28,Science,Tier 3,Relative,Rejected
5.0,593,1372390,1494139,West,Female,Maharashtra,19,Business,Tier 3,Parent,Approved
9.57,523,1589132,1091968,South,Female,Tamil Nadu,22,Arts,Tier 1,None,Approved
8.34,667,632402,1316394,West,Male,Rajasthan,24,Business,Tier 1,Parent,Rejected
7.6,683,855537,694757,West,Male,Goa,27,Arts,Tier 1,Sibling,Approved
7.27,551,683890,893114,South,Female,Telangana,21,Engineering,Tier 3,Parent,Approved
7.71,537,946092,775402,South,Male,Andhra Pradesh,26,Science,Tier 3,None,Rejected
8.64,629,585425,1067377,South,Other,Karnataka,21,Engineering,Tier 2,Parent,Approved
8.84,645,453897,1709954,North,Female,Himachal Pradesh,18,Medical,Tier 1,Parent,Approved
5.85,674,248505,1357533,North,Female,Himachal Pradesh,23,Architecture,Tier 3,Parent,Rejected
8.76,575,1134039,1116464,South,Female,Andhra Pradesh,19,Engineering,Tier 2,Parent,Approved
7.95,665,907778,965885,West,Male,Goa,27,Engineering,Tier 2,None,Rejected
6.92,599,767927,1877609,East,Male,Assam,22,Medical,Tier 1,Parent,Approved
8.23,617,484056,870558,North,Female,Delhi,26,Engineering,Tier 2,Relative,Approved
9.24,616,986905,3000000,South,Female,Karnataka,19,Medical,Tier 1,Sibling,Approved
5.0,595,373510,1893337,West,Male,Maharashtra,22,Architecture,Tier 3,Relative,Rejected
6.94,546,1429345,566187,West,Female,Rajasthan,19,Science,Tier 2,Parent,Approved
7.54,574,1077398,1483786,South,Female,Kerala,27,Medical,Tier 2,Sibling,Approved
8.77,736,1102152,1253062,East,Female,West Bengal,23,Law,Tier 1,Parent,Approved
9.46,566,457398,528331,North,Female,Delhi,27,Arts,Tier 1,Sibling,Approved
8.48,651,676243,683334,East,Male,Jharkhand,25,Science,Tier 2,Sibling,Approved
6.39,493,237000,186145,East,Female,West Bengal,19,Engineering,Tier 2,Sibling,Rejected
6.6,510,827728,251044,Central,Female,Madhya Pradesh,27,Science,Tier 3,Parent,Approved
8.83,635,365349,1064204,North,Male,Uttarakhand,21,Business,Tier 2,None,Rejected
7.97,601,963370,669779,Central,Female,Uttar Pradesh,18,Arts,Tier 1,Parent,Approved
8.01,486,310847,437385,East,Female,Jharkhand,25,Arts,Tier 2,Sibling,Approved
8.68,599,1077356,727757,South,Male,Karnataka,20,Science,Tier 2,None,Rejected
8.62,524,494980,640398,West,Male,Maharashtra,18,Business,Tier 1,Parent,Approved
7.41,511,511719,1071230,West,Female,Gujarat,24,Architecture,Tier 1,Parent,Approved
5.2,590,575930,1125406,East,Male,Assam,24,Engineering,Tier 3,Parent,Approved
6.87,524,799135,1071715,South,Male,Karnataka,28,Law,Tier 1,None,Rejected
5.0,555,867761,788298,South,Female,Tamil Nadu,22,Business,Tier 3,Parent,Approved
10.0,504,688930,2018758,South,Male,Tamil Nadu,19,Medical,Tier 2,Parent,Approved
9.35,708,832207,724797,West,Female,Gujarat,20,Science,Tier 1,Parent,Approved
8.16,550,857429,2067183,East,Male,Assam,28,Medical,Tier 1,Sibling,Approved
6.96,499,637213,555136,North,Male,Punjab,21,Science,Tier 3,Parent,Approved
10.0,541,200000,877802,North,Male,Himachal Pradesh,26,Engineering,Tier 2,Relative,Approved
7.23,524,968630,769249,West,Male,Goa,19,Engineering,Tier 3,Sibling,Approved
8.23,718,208678,1486219,Central,Male,Chhattisgarh,24,Medical,Tier 1,Parent,Approved
8.25,551,771684,114444,West,Male,Goa,19,Science,Tier 2,Parent,Approved
6.98,437,962503,1160854,South,Female,Kerala,21,Engineering,Tier 3,Parent,Rejected
9.49,575,701393,635736,East,Female,West Bengal,20,Engineering,Tier 1,Parent,Approved
5.66,398,1131301,571832,South,Male,Andhra Pradesh,25,Science,Tier 2,Relative,Rejected
7.93,626,1396376,1360914,North,Female,Uttarakhand,25,Business,Tier 1,Parent,Approved
7.29,616,884656,691885,West,Female,Rajasthan,22,Science,Tier 3,Sibling,Approved
6.73,655,708061,1111423,North,Female,Himachal Pradesh,20,Engineering,Tier 2,Parent,Approved
5.47,481,209740,647143,South,Male,Kerala,20,Science,Tier 3,Sibling,Rejected
7.43,555,355502,999972,North,Male,Haryana,27,Science,Tier 2,Parent,Approved
8.34,688,899103,903828,North,Female,Punjab,18,Arts,Tier 1,Parent,Approved
6.71,612,200000,1391792,South,Female,Tamil Nadu,22,Medical,Tier 3,Parent,Approved
5.88,477,942209,715337,East,Male,Jharkhand,28,Engineering,Tier 2,Relative,Rejected
9.27,651,613458,392410,West,Female,Maharashtra,18,Science,Tier 1,Parent,Approved
10.0,691,1150379,224373,South,Male,Andhra Pradesh,28,Engineering,Tier 2,Sibling,Approved
6.43,534,779359,1762952,East,Male,Assam,22,Business,Tier 3,Sibling,Rejected
5.0,573,200000,1109496,East,Male,Jharkhand,28,Architecture,Tier 3,Parent,Rejected
8.44,676,654381,458522,East,Male,Odisha,24,Arts,Tier 1,Parent,Approved
9.3,515,814278,939103,West,Female,Gujarat,27,Engineering,Tier 1,Parent,Approved
6.58,424,658576,2170612,West,Male,Rajasthan,24,Architecture,Tier 2,None,Rejected
6.13,626,676946,745201,Central,Female,Madhya Pradesh,19,Engineering,Tier 3,Parent,Approved
9.39,548,1063458,906466,South,Male,Tamil Nadu,26,Engineering,Tier 2,Sibling,Approved
6.73,502,397327,1098742,South,Female,Tamil Nadu,18,Engineering,Tier 2,Parent,Approved
8.35,493,991850,1865488,West,Female,Gujarat,28,Medical,Tier 1,Parent,Approved
7.62,524,947873,753009,South,Female,Telangana,20,Engineering,Tier 2,Parent,Approved
8.83,647,771553,151157,West,Male,Maharashtra,23,Engineering,Tier 2,Parent,Approved
7.77,554,542744,493779,East,Male,Odisha,18,Science,Tier 1,Parent,Approved
7.66,493,630520,423462,North,Female,Himachal Pradesh,22,Engineering,Tier 1,Sibling,Rejected
6.75,618,416567,1202695,East,Female,Jharkhand,28,Business,Tier 2,Parent,Approved
7.27,631,707158,707550,West,Male,Maharashtra,22,Engineering,Tier 3,Parent,Approved
6.02,520,699296,385887,West,Female,Goa,22,Engineering,Tier 3,Sibling,Approved
6.81,581,504644,368110,Central,Male,Uttar Pradesh,26,Arts,Tier 3,None,Approved
8.1,521,393599,655398,Central,Female,Chhattisgarh,26,Engineering,Tier 1,Parent,Approved
9.25,582,755770,1190613,West,Male,Gujarat,23,Engineering,Tier 1,Parent,Approved
9.28,633,434834,461929,Central,Female,Madhya Pradesh,21,Business,Tier 3,Parent,Approved
7.43,684,1106876,1159009,North,Male,Delhi,25,Arts,Tier 1,Parent,Approved
8.77,634,355901,215790,West,Male,Rajasthan,21,Engineering,Tier 1,Parent,Approved
7.79,567,1260218,1007545,West,Female,Goa,22,Engineering,Tier 2,None,Approved
7.78,640,1414602,2622279,West,Female,Goa,28,Architecture,Tier 3,Parent,Approved
6.33,460,989085,1102560,South,Female,Kerala,26,Law,Tier 2,Parent,Rejected
8.66,542,617997,403852,West,Female,Goa,24,Engineering,Tier 2,Parent,Approved
7.14,597,409105,1213704,Central,Male,Uttar Pradesh,23,Architecture,Tier 3,Sibling,Approved
5.36,666,616335,459248,South,Male,Karnataka,26,Engineering,Tier 3,Parent,Rejected
10.0,615,744734,1285876,Central,Female,Uttar Pradesh,27,Medical,Tier 2,Sibling,Approved
7.3,602,650468,1028205,North,Male,Himachal Pradesh,27,Engineering,Tier 1,None,Approved
7.55,595,936360,957226,Central,Female,Chhattisgarh,27,Business,Tier 2,Relative,Approved
6.94,551,691316,1089205,Central,Female,Chhattisgarh,28,Medical,Tier 2,Parent,Approved
6.21,530,630370,1153178,East,Other,Odisha,20,Medical,Tier 3,None,Rejected
7.47,512,535558,790445,West,Female,Rajasthan,28,Business,Tier 2,None,Approved
8.64,682,1271207,1815543,South,Male,Kerala,19,Medical,Tier 2,Parent,Approved
7.57,595,319062,399140,North,Male,Delhi,22,Engineering,Tier 2,Parent,Approved
8.92,651,469910,297283,East,Female,West Bengal,21,Business,Tier 2,Parent,Approved
7.66,538,850311,381951,North,Male,Delhi,21,Science,Tier 2,Parent,Approved
5.4,477,200000,289396,East,Female,West Bengal,18,Engineering,Tier 3,None,Rejected
8.68,673,446458,707326,West,Male,Goa,27,Law,Tier 2,Parent,Approved
7.36,486,1280796,669466,North,Male,Himachal Pradesh,21,Business,Tier 2,None,Approved
8.47,493,532866,1012161,South,Male,Andhra Pradesh,24,Engineering,Tier 1,Parent,Rejected
9.33,739,672078,1084481,North,Female,Haryana,26,Engineering,Tier 2,Relative,Approved
5.0,498,463347,438738,South,Female,Andhra Pradesh,19,Science,Tier 3,Parent,Approved
6.55,641,702912,296409,Central,Female,Chhattisgarh,20,Science,Tier 3,Parent,Approved
6.58,581,808722,561212,North,Female,Haryana,28,Engineering,Tier 2,Parent,Approved
9.38,786,451312,837384,East,Male,Jharkhand,24,Business,Tier 2,Relative,Approved
10.0,619,1034221,866953,North,Male,Punjab,24,Architecture,Tier 2,Relative,Approved
5.65,413,817670,846494,West,Female,Rajasthan,18,Arts,Tier 3,Parent,Rejected
6.69,603,681792,1161399,West,Female,Rajasthan,23,Business,Tier 1,None,Rejected
9.12,446,435876,1440923,South,Female,Andhra Pradesh,23,Medical,Tier 2,None,Rejected
7.64,570,746520,954911,East,Female,Bihar,28,Business,Tier 3,Parent,Approved
6.48,587,1225560,562102,South,Female,Karnataka,21,Science,Tier 1,Parent,Approved
10.0,575,711967,845360,East,Female,Bihar,21,Arts,Tier 1,None,Rejected
7.85,597,851929,2091045,South,Male,Kerala,25,Medical,Tier 2,Relative,Approved
7.17,585,200000,674501,South,Male,Andhra Pradesh,28,Law,Tier 3,Sibling,Rejected
6.43,617,1200207,1949429,South,Male,Andhra Pradesh,18,Medical,Tier 2,Parent,Approved
6.6,541,844666,647728,East,Female,Bihar,27,Engineering,Tier 2,Sibling,Approved
7.55,533,633580,1755984,East,Male,West Bengal,28,Medical,Tier 2,Sibling,Approved
7.42,621,200000,727175,East,Male,Bihar,26,Engineering,Tier 2,Parent,Rejected
5.75,543,948268,1550812,North,Male,Punjab,27,Architecture,Tier 3,None,Rejected
7.93,589,866619,1790296,West,Male,Gujarat,26,Engineering,Tier 2,Parent,Approved
6.95,617,1184368,557622,South,Female,Tamil Nadu,27,Arts,Tier 3,Relative,Rejected
8.2,532,629739,1035747,South,Male,Tamil Nadu,28,Engineering,Tier 2,None,Approved
8.15,658,1055964,2414498,West,Female,Maharashtra,28,Medical,Tier 2,Parent,Rejected
7.56,483,702231,978907,East,Male,Bihar,20,Business,Tier 2,Relative,Rejected
7.29,605,619393,565101,West,Male,Gujarat,28,Engineering,Tier 3,Sibling,Approved
8.52,634,896028,416700,South,Male,Karnataka,25,Science,Tier 2,Sibling,Approved
7.35,614,863191,841038,North,Male,Punjab,25,Engineering,Tier 1,Parent,Approved
8.39,588,748074,100000,North,Female,Delhi,28,Arts,Tier 1,Parent,Approved
5.85,570,1435907,1174360,South,Male,Telangana,28,Medical,Tier 3,Parent,Approved
10.0,622,777360,1078031,North,Male,Delhi,20,Business,Tier 1,Parent,Approved
7.04,537,1184585,1510183,North,Female,Punjab,28,Law,Tier 3,Parent,Rejected
9.74,648,1136887,656136,West,Female,Gujarat,23,Engineering,Tier 2,None,Approved
5.1,596,843406,2570712,North,Female,Uttarakhand,23,Medical,Tier 2,Parent,Rejected
8.03,547,1353644,538920,West,Female,Maharashtra,18,Business,Tier 3,None,Approved
7.76,538,824216,967846,North,Female,Uttarakhand,23,Engineering,Tier 3,None,Approved
9.64,676,677784,123443,West,Female,Gujarat,19,Arts,Tier 2,Parent,Approved
7.2,517,787825,1263416,South,Female,Telangana,18,Engineering,Tier 1,Relative,Rejected
9.59,554,200000,662619,East,Male,Odisha,20,Engineering,Tier 1,Parent,Approved
7.9,519,914508,1127746,West,Female,Gujarat,27,Business,Tier 2,Parent,Approved
9.14,542,1417095,1281013,West,Female,Gujarat,27,Medical,Tier 3,Parent,Approved
9.27,535,884491,1709007,Central,Female,Uttar Pradesh,27,Architecture,Tier 1,Parent,Rejected
8.37,710,200000,882923,Central,Female,Uttar Pradesh,22,Engineering,Tier 2,Parent,Approved
8.2,637,761692,1012788,North,Male,Uttarakhand,28,Medical,Tier 3,Sibling,Rejected
9.61,503,640993,105775,East,Female,Odisha,20,Engineering,Tier 3,None,Rejected
7.7,699,834222,689299,North,Male,Punjab,28,Engineering,Tier 3,Parent,Approved
6.92,513,579658,489251,East,Female,Bihar,20,Science,Tier 2,Parent,Approved
7.73,610,1200411,948741,North,Male,Uttarakhand,27,Science,Tier 2,Parent,Approved
6.69,710,887544,889778,South,Male,Karnataka,24,Engineering,Tier 3,Parent,Rejected
8.18,462,610592,1751921,Central,Male,Chhattisgarh,26,Medical,Tier 2,Parent,Rejected
7.42,509,533004,686399,Central,Female,Chhattisgarh,19,Engineering,Tier 2,Parent,Approved
8.23,523,259948,271137,Central,Female,Uttar Pradesh,27,Science,Tier 2,None,Rejected
5.38,470,754555,1079109,North,Female,Delhi,18,Engineering,Tier 3,None,Rejected
8.56,764,615573,752798,South,Female,Karnataka,23,Arts,Tier 1,Relative,Approved
6.61,535,718730,753214,North,Female,Punjab,25,Architecture,Tier 3,Parent,Approved
7.78,571,417317,1731022,South,Male,Andhra Pradesh,24,Medical,Tier 3,Sibling,Approved
7.64,423,343791,480091,West,Male,Gujarat,20,Business,Tier 1,Parent,Rejected
8.1,596,839338,1597853,Central,Male,Chhattisgarh,27,Law,Tier 2,Parent,Approved
7.16,578,419161,1029662,North,Female,Punjab,18,Business,Tier 2,Relative,Rejected
8.28,534,1094596,2174210,West,Male,Maharashtra,26,Medical,Tier 2,None,Approved
5.0,560,532699,474836,West,Female,Maharashtra,22,Engineering,Tier 3,Parent,Rejected
7.56,439,449201,508081,West,Male,Rajasthan,21,Science,Tier 2,Parent,Rejected
7.93,465,427872,437580,Central,Male,Chhattisgarh,24,Arts,Tier 2,Sibling,Approved
7.94,587,987421,1356693,South,Male,Kerala,24,Engineering,Tier 2,Parent,Approved
5.0,479,833709,1204170,West,Female,Gujarat,20,Business,Tier 3,Relative,Approved
6.3,478,474741,311522,East,Female,West Bengal,19,Science,Tier 2,None,Rejected
7.8,634,1114458,889073,South,Male,Karnataka,22,Business,Tier 1,None,Approved
5.98,494,301257,723031,East,Male,Assam,28,Architecture,Tier 2,Parent,Rejected
8.72,558,1086576,831652,West,Female,Maharashtra,24,Engineering,Tier 2,Parent,Approved
7.15,675,445007,1013385,Central,Male,Chhattisgarh,28,Engineering,Tier 1,Relative,Approved
8.29,677,453269,618235,North,Female,Punjab,23,Business,Tier 1,Parent,Approved
5.82,690,1105930,269878,West,Female,Goa,19,Arts,Tier 3,Parent,Approved
10.0,820,981346,1478461,West,Male,Rajasthan,23,Engineering,Tier 1,Parent,Approved
7.61,487,834882,2761986,West,Male,Gujarat,23,Medical,Tier 2,Sibling,Rejected
8.64,563,274520,1421942,South,Male,Karnataka,25,Law,Tier 2,Relative,Approved
5.38,430,1169699,2988702,North,Female,Delhi,22,Medical,Tier 3,Parent,Rejected
6.66,662,887643,1736110,Central,Female,Madhya Pradesh,27,Medical,Tier 2,Relative,Approved
5.0,499,1168558,2658785,North,Male,Himachal Pradesh,23,Medical,Tier 3,Parent,Rejected
9.74,609,449060,1465072,East,Female,Assam,19,Business,Tier 1,Parent,Approved
8.24,571,487694,379829,West,Male,Goa,21,Business,Tier 1,Parent,Approved
5.0,526,711729,1052250,West,Male,Maharashtra,26,Engineering,Tier 2,Parent,Approved
7.44,386,449041,676371,North,Female,Uttarakhand,26,Engineering,Tier 2,None,Rejected
8.12,642,983632,1228389,Central,Male,Chhattisgarh,18,Science,Tier 1,Parent,Rejected
7.88,585,295808,1507439,East,Female,Jharkhand,28,Medical,Tier 2,Sibling,Approved
8.46,618,690479,426587,North,Female,Uttarakhand,28,Science,Tier 1,Sibling,Approved
7.41,477,865035,818870,East,Male,Bihar,19,Arts,Tier 1,Parent,Approved
7.48,516,200000,1476556,West,Female,Rajasthan,20,Medical,Tier 2,Parent,Approved
8.32,592,1392280,752737,South,Male,Tamil Nadu,24,Science,Tier 1,Parent,Approved
6.64,671,686435,644072,West,Male,Rajasthan,27,Arts,Tier 2,Sibling,Approved
8.75,555,540720,425623,East,Male,Bihar,18,Science,Tier 2,Parent,Approved
8.5,723,801706,234403,Central,Male,Chhattisgarh,27,Arts,Tier 1,Parent,Approved
5.85,465,426825,737176,West,Female,Maharashtra,23,Medical,Tier 3,Parent,Approved
5.19,472,892823,689922,North,Female,Uttarakhand,19,Engineering,Tier 3,Relative,Rejected
8.08,544,773944,663260,North,Female,Himachal Pradesh,24,Engineering,Tier 1,Parent,Approved
7.3,456,783638,1061800,West,Male,Gujarat,24,Engineering,Tier 2,Parent,Rejected
9.02,613,955676,675070,South,Female,Telangana,18,Business,Tier 1,None,Approved
6.27,487,424558,376495,West,Female,Maharashtra,25,Arts,Tier 2,Parent,Approved
7.78,605,649564,129267,South,Female,Karnataka,27,Arts,Tier 2,Sibling,Approved
5.0,500,984643,1187280,North,Female,Uttarakhand,19,Arts,Tier 3,Parent,Approved
6.04,617,1037999,1271272,North,Female,Haryana,20,Architecture,Tier 3,Parent,Rejected
8.78,624,712795,549863,West,Female,Gujarat,24,Arts,Tier 3,Parent,Approved
5.0,518,1081857,696343,North,Female,Uttarakhand,22,Arts,Tier 3,Parent,Approved
6.57,738,907306,978159,Central,Male,Uttar Pradesh,24,Business,Tier 3,Sibling,Approved
9.04,513,999193,1816690,West,Male,Rajasthan,26,Medical,Tier 3,Parent,Rejected
6.53,657,799159,1400871,North,Female,Himachal Pradesh,28,Engineering,Tier 3,Parent,Approved
9.35,576,200000,943884,Central,Male,Uttar Pradesh,19,Engineering,Tier 2,Parent,Approved
6.42,548,1356675,1399828,North,Male,Himachal Pradesh,26,Science,Tier 1,Parent,Approved
9.3,699,648404,1064071,West,Male,Goa,27,Architecture,Tier 3,Relative,Approved
5.31,531,510043,658070,West,Male,Rajasthan,23,Business,Tier 2,Parent,Approved
8.56,592,383475,289782,South,Male,Tamil Nadu,27,Engineering,Tier 1,Parent,Approved
8.14,581,710351,639586,South,Male,Andhra Pradesh,25,Engineering,Tier 2,Relative,Rejected
8.47,649,749305,544930,South,Female,Kerala,27,Arts,Tier 1,Sibling,Approved
9.22,586,934740,957890,North,Male,Uttarakhand,28,Business,Tier 2,Parent,Approved
6.56,597,1189299,2834337,South,Male,Karnataka,18,Medical,Tier 2,Parent,Approved
7.02,583,722834,684997,West,Female,Gujarat,27,Business,Tier 2,Parent,Approved
10.0,466,977359,1157918,North,Male,Uttarakhand,20,Business,Tier 1,Parent,Rejected
8.87,781,511305,575677,West,Male,Goa,28,Engineering,Tier 1,Relative,Approved
9.76,611,885179,1325078,South,Female,Telangana,25,Medical,Tier 1,Parent,Approved
8.05,559,408167,501912,Central,Female,Chhattisgarh,24,Arts,Tier 2,Parent,Approved
7.38,629,432659,612304,East,Male,Jharkhand,24,Engineering,Tier 2,Parent,Approved
6.93,498,1029092,1031508,West,Female,Maharashtra,20,Law,Tier 3,Parent,Rejected
8.99,536,1259908,3000000,West,Female,Maharashtra,20,Architecture,Tier 1,Parent,Approved
10.0,567,757374,1404071,East,Male,Jharkhand,21,Engineering,Tier 2,Sibling,Approved
8.13,462,250819,988958,West,Male,Goa,25,Engineering,Tier 1,Parent,Rejected
7.84,578,898149,813798,South,Male,Telangana,28,Business,Tier 2,None,Approved
7.63,524,627297,2425937,West,Male,Maharashtra,19,Medical,Tier 1,Parent,Approved
8.72,629,375831,2004034,South,Female,Kerala,28,Architecture,Tier 2,None,Approved
7.38,570,886532,906754,South,Male,Kerala,20,Science,Tier 1,Sibling,Approved
6.29,466,1189402,926832,North,Female,Uttarakhand,25,Engineering,Tier 3,Sibling,Rejected
8.56,657,914988,486565,East,Male,Bihar,21,Science,Tier 1,Parent,Approved
7.59,469,751620,777495,South,Male,Telangana,23,Engineering,Tier 2,Relative,Rejected
5.0,720,1142921,758720,North,Female,Haryana,25,Engineering,Tier 2,Parent,Approved
8.31,624,676382,965442,Central,Male,Madhya Pradesh,19,Science,Tier 1,Sibling,Rejected
5.36,431,200000,889576,Central,Other,Madhya Pradesh,22,Business,Tier 3,None,Rejected
8.07,509,266679,1297202,West,Male,Rajasthan,19,Medical,Tier 2,Relative,Approved
9.4,514,200000,791718,South,Male,Tamil Nadu,26,Law,Tier 3,None,Rejected
6.19,481,708986,771980,West,Female,Goa,21,Engineering,Tier 2,Parent,Rejected
7.27,488,1715137,858331,South,Male,Andhra Pradesh,27,Science,Tier 1,None,Approved
7.56,531,573891,501414,East,Male,Assam,21,Engineering,Tier 1,Relative,Approved
5.65,534,346156,675690,Central,Female,Uttar Pradesh,19,Business,Tier 2,Relative,Approved
7.3,576,535817,1300826,West,Male,Rajasthan,25,Business,Tier 3,Parent,Approved
6.36,597,408081,789963,East,Male,West Bengal,25,Business,Tier 3,None,Rejected
9.43,670,540998,1096711,Central,Male,Madhya Pradesh,27,Architecture,Tier 1,None,Approved
6.42,423,1246283,1338670,West,Male,Maharashtra,27,Engineering,Tier 2,Sibling,Rejected
7.1,668,1300476,1190895,North,Male,Punjab,23,Engineering,Tier 2,Parent,Approved
7.17,462,569362,549731,South,Female,Andhra Pradesh,18,Engineering,Tier 2,Parent,Approved
8.19,613,905387,362659,South,Male,Karnataka,23,Business,Tier 3,Parent,Approved
6.98,427,1220671,770664,West,Male,Gujarat,27,Business,Tier 2,Parent,Approved
5.31,580,1681828,618887,West,Male,Gujarat,28,Science,Tier 2,Parent,Approved
9.17,587,625817,513073,Central,Female,Chhattisgarh,21,Arts,Tier 1,Parent,Approved
7.6,590,764365,782098,North,Male,Delhi,19,Business,Tier 2,Parent,Rejected
8.28,621,607497,430737,South,Male,Karnataka,24,Science,Tier 1,Sibling,Approved
7.23,516,749239,819331,East,Male,West Bengal,18,Medical,Tier 3,Parent,Approved
7.61,544,981874,921265,North,Male,Haryana,19,Arts,Tier 2,Parent,Approved
5.0,674,815708,473670,East,Male,Assam,22,Arts,Tier 3,Parent,Approved
7.77,643,1319871,2732823,West,Male,Rajasthan,24,Medical,Tier 3,Parent,Rejected
8.2,492,1200412,971186,South,Female,Tamil Nadu,19,Engineering,Tier 1,Parent,Rejected
10.0,491,808554,2158007,North,Male,Delhi,22,Architecture,Tier 1,Parent,Approved
9.23,623,1027909,565608,South,Male,Karnataka,18,Science,Tier 1,Parent,Approved
9.17,510,428443,794253,North,Male,Uttarakhand,20,Medical,Tier 2,None,Rejected
7.33,436,264035,359720,East,Male,Assam,22,Science,Tier 2,Parent,Approved
9.2,547,452540,538687,South,Male,Andhra Pradesh,28,Science,Tier 2,Sibling,Approved
7.97,594,681080,539028,Central,Male,Chhattisgarh,27,Business,Tier 2,None,Approved
6.05,579,950817,881915,North,Male,Uttarakhand,21,Engineering,Tier 2,None,Rejected
8.13,534,777017,953745,Central,Female,Madhya Pradesh,28,Business,Tier 2,Parent,Approved
8.64,742,730669,619072,West,Male,Gujarat,27,Business,Tier 2,Parent,Approved
9.07,567,1185585,536131,North,Male,Delhi,28,Business,Tier 2,Parent,Approved
7.38,441,912357,862750,West,Female,Maharashtra,28,Science,Tier 2,Parent,Approved
9.05,696,587095,1195661,East,Female,Assam,18,Engineering,Tier 1,Parent,Approved
8.99,598,605727,283955,South,Male,Tamil Nadu,25,Science,Tier 2,Parent,Approved
7.5,563,840830,746260,Central,Male,Chhattisgarh,25,Science,Tier 1,Parent,Approved
8.27,452,1103113,2662950,South,Male,Andhra Pradesh,27,Medical,Tier 2,Parent,Rejected
7.13,537,883243,1825223,North,Male,Haryana,19,Law,Tier 3,Sibling,Rejected
7.62,677,253382,906215,West,Female,Gujarat,27,Law,Tier 2,Parent,Approved
7.13,597,1068208,2306662,West,Female,Maharashtra,20,Medical,Tier 2,Parent,Approved
8.28,604,350652,360463,West,Female,Gujarat,18,Business,Tier 3,Parent,Approved
8.16,577,1115589,693621,West,Female,Maharashtra,21,Engineering,Tier 1,Parent,Approved
7.79,508,733660,1588430,East,Female,West Bengal,22,Business,Tier 2,Parent,Approved
8.32,629,891240,863865,West,Male,Gujarat,28,Engineering,Tier 2,Parent,Approved
5.0,600,398702,2000696,South,Male,Karnataka,28,Medical,Tier 3,Relative,Rejected
5.18,467,552766,667062,Central,Female,Uttar Pradesh,28,Engineering,Tier 3,Relative,Rejected
9.04,530,420389,943935,North,Male,Uttarakhand,25,Business,Tier 3,Parent,Rejected
6.63,598,628718,1218217,North,Male,Haryana,20,Medical,Tier 2,Sibling,Approved
7.98,621,712401,1116840,North,Male,Himachal Pradesh,26,Engineering,Tier 2,Parent,Approved
5.92,482,910083,687765,Central,Male,Uttar Pradesh,20,Engineering,Tier 3,Parent,Approved
10.0,596,916869,846482,South,Male,Andhra Pradesh,19,Science,Tier 1,Parent,Approved
6.36,602,743251,1317378,Central,Female,Chhattisgarh,27,Engineering,Tier 2,Parent,Rejected
6.59,609,688212,1226886,West,Female,Rajasthan,21,Engineering,Tier 3,Parent,Approved
5.0,570,687544,2012713,Central,Female,Uttar Pradesh,26,Architecture,Tier 3,Relative,Rejected
7.17,666,572494,505892,North,Female,Haryana,26,Engineering,Tier 1,Sibling,Approved
6.2,561,321967,100000,North,Female,Delhi,18,Business,Tier 3,Parent,Approved
6.24,600,1013113,1150869,North,Male,Delhi,26,Business,Tier 2,Relative,Approved
7.8,673,989979,1244367,West,Male,Gujarat,26,Engineering,Tier 1,Sibling,Approved
5.77,485,1025660,1455706,West,Male,Gujarat,21,Engineering,Tier 3,Parent,Rejected
8.16,586,200000,562594,West,Male,Rajasthan,19,Engineering,Tier 2,Parent,Approved
8.49,653,857289,1753582,North,Male,Punjab,28,Business,Tier 1,Sibling,Approved
5.0,469,770656,2637237,West,Male,Goa,25,Medical,Tier 3,None,Rejected
8.78,647,645325,569205,North,Male,Uttarakhand,24,Engineering,Tier 3,Parent,Approved
8.87,614,761346,761540,North,Male,Punjab,19,Engineering,Tier 1,Parent,Approved
8.61,483,326755,578365,East,Other,Bihar,24,Arts,Tier 2,Sibling,Approved
7.43,619,799349,957312,South,Male,Andhra Pradesh,18,Arts,Tier 2,Parent,Approved
8.38,521,694933,381821,South,Male,Telangana,22,Science,Tier 1,Parent,Approved
6.16,509,708206,388992,South,Female,Kerala,21,Science,Tier 3,Parent,Approved
8.22,567,344514,825722,East,Male,Bihar,26,Engineering,Tier 2,None,Rejected
6.11,582,398159,630283,South,Other,Telangana,20,Engineering,Tier 3,Parent,Approved
9.21,702,852311,2134925,West,Other,Gujarat,25,Medical,Tier 3,Parent,Approved
5.92,626,1046248,1291638,Central,Male,Chhattisgarh,27,Engineering,Tier 3,Parent,Approved
7.23,602,786437,662511,North,Female,Himachal Pradesh,18,Law,Tier 1,Parent,Approved
7.63,591,725299,1139057,East,Female,West Bengal,24,Engineering,Tier 2,Parent,Rejected
7.61,569,1007471,1220252,North,Female,Himachal Pradesh,28,Business,Tier 1,None,Approved
8.78,614,200000,1181233,East,Male,Assam,22,Architecture,Tier 1,Sibling,Rejected
10.0,638,894380,707606,South,Female,Telangana,28,Science,Tier 1,Parent,Approved
8.31,594,669703,896703,South,Male,Kerala,25,Law,Tier 1,Relative,Approved
8.31,583,708471,616123,Central,Male,Madhya Pradesh,20,Science,Tier 2,Parent,Approved
7.7,542,1094858,491769,South,Female,Telangana,22,Arts,Tier 3,Parent,Approved
8.73,694,840980,450996,West,Male,Rajasthan,24,Science,Tier 2,Parent,Approved
5.0,633,791880,1106106,Central,Male,Madhya Pradesh,26,Engineering,Tier 3,None,Rejected
7.91,588,1072110,512657,North,Female,Himachal Pradesh,23,Science,Tier 2,Parent,Approved
10.0,604,697054,255388,South,Female,Andhra Pradesh,27,Engineering,Tier 3,Parent,Approved
6.36,546,1061256,853640,North,Female,Haryana,25,Business,Tier 3,Parent,Approved
7.25,442,552683,889336,Central,Male,Madhya Pradesh,21,Engineering,Tier 3,Parent,Rejected
5.22,582,969169,1141111,West,Male,Gujarat,26,Engineering,Tier 3,Relative,Rejected
10.0,603,847099,1050499,North,Male,Delhi,25,Engineering,Tier 2,Parent,Approved
7.95,637,1261547,543321,South,Male,Karnataka,23,Arts,Tier 2,Parent,Approved
5.9,509,835729,182115,South,Male,Karnataka,24,Business,Tier 2,Parent,Rejected
8.09,695,707382,821104,South,Male,Tamil Nadu,23,Engineering,Tier 3,Parent,Approved
6.87,554,1330761,1629143,West,Male,Rajasthan,24,Business,Tier 1,Parent,Approved
10.0,664,579823,481047,South,Female,Andhra Pradesh,26,Arts,Tier 3,Parent,Approved
10.0,577,202756,1579891,West,Female,Rajasthan,24,Medical,Tier 2,Parent,Approved
6.47,626,1003835,1087376,North,Male,Delhi,21,Medical,Tier 2,Parent,Rejected
8.39,622,824337,1400087,East,Male,Jharkhand,18,Engineering,Tier 2,Relative,Approved
8.01,610,1436105,821426,North,Male,Uttarakhand,22,Business,Tier 1,None,Approved
9.69,642,216282,345996,Central,Female,Chhattisgarh,27,Engineering,Tier 1,Parent,Approved
6.26,591,805937,1443056,East,Male,Jharkhand,26,Engineering,Tier 2,Sibling,Approved
8.04,582,200000,255447,East,Female,West Bengal,27,Science,Tier 2,Parent,Approved
8.97,631,1278829,1655953,West,Female,Maharashtra,24,Business,Tier 2,Parent,Approved
8.44,485,658446,2136532,East,Female,Bihar,20,Architecture,Tier 2,Parent,Approved
9.31,579,757645,1174395,North,Female,Haryana,25,Engineering,Tier 1,Relative,Approved
5.66,485,715769,580225,East,Male,Assam,28,Engineering,Tier 3,Parent,Rejected
8.81,600,1058506,1035907,South,Male,Karnataka,22,Engineering,Tier 1,Parent,Approved
9.52,462,549272,919102,Central,Male,Uttar Pradesh,21,Engineering,Tier 1,Parent,Approved
6.51,582,982293,1269795,South,Male,Andhra Pradesh,24,Engineering,Tier 2,Parent,Rejected
9.56,619,1199954,1452013,Central,Male,Madhya Pradesh,22,Engineering,Tier 3,Sibling,Approved
6.65,549,635420,370594,North,Female,Punjab,23,Business,Tier 3,Parent,Approved
8.86,684,874379,841937,Central,Female,Madhya Pradesh,28,Science,Tier 1,Relative,Approved
6.67,464,532925,1355360,South,Female,Telangana,23,Business,Tier 2,Parent,Rejected
9.05,502,889394,2915962,North,Female,Haryana,22,Medical,Tier 1,Parent,Approved
7.69,548,720448,704896,West,Male,Gujarat,28,Business,Tier 1,Parent,Approved
9.06,656,336150,500946,West,Female,Goa,18,Business,Tier 2,Parent,Approved
10.0,531,1608903,1233809,North,Female,Uttarakhand,28,Engineering,Tier 2,Parent,Approved
7.23,566,653182,321352,North,Female,Delhi,19,Science,Tier 3,Sibling,Approved
5.0,520,951429,720653,South,Female,Kerala,26,Science,Tier 2,Parent,Rejected
7.73,546,952182,346695,South,Male,Karnataka,23,Science,Tier 1,Parent,Approved
6.26,425,200000,603329,East,Male,West Bengal,21,Engineering,Tier 3,Sibling,Rejected
9.67,480,883081,542341,West,Female,Goa,24,Engineering,Tier 1,Parent,Rejected
7.83,574,704206,201256,South,Male,Telangana,21,Science,Tier 3,Parent,Approved
7.84,596,1021458,740399,West,Male,Rajasthan,23,Arts,Tier 2,Parent,Approved
5.54,623,658295,966978,Central,Female,Madhya Pradesh,24,Science,Tier 2,Sibling,Approved
5.77,591,858007,564337,North,Male,Punjab,18,Engineering,Tier 3,Parent,Rejected
7.99,446,914078,2668078,West,Male,Maharashtra,25,Architecture,Tier 1,Parent,Rejected
9.1,618,1046283,114052,West,Female,Gujarat,24,Business,Tier 3,Sibling,Approved
9.12,518,930525,1294569,Central,Male,Madhya Pradesh,21,Business,Tier 2,Parent,Approved
8.53,641,319513,334857,East,Female,Assam,26,Business,Tier 1,Sibling,Rejected
6.02,616,1342112,1258590,South,Female,Tamil Nadu,21,Medical,Tier 3,Parent,Approved
7.25,399,699842,848419,West,Female,Rajasthan,27,Engineering,Tier 2,Sibling,Rejected
7.19,622,1127725,1922435,North,Male,Uttarakhand,28,Medical,Tier 3,Relative,Approved
10.0,619,959334,297586,South,Female,Telangana,23,Arts,Tier 1,Parent,Approved
8.46,668,438004,1118748,South,Female,Telangana,22,Business,Tier 1,None,Approved
7.07,578,1105709,1179829,South,Male,Telangana,20,Engineering,Tier 2,None,Rejected
8.95,605,317720,377108,Central,Male,Chhattisgarh,25,Arts,Tier 2,Parent,Approved
9.85,638,815651,478981,West,Female,Maharashtra,19,Arts,Tier 1,Parent,Rejected
8.32,538,572287,1549708,South,Male,Kerala,21,Medical,Tier 3,Parent,Rejected
7.32,584,427756,1029961,North,Male,Haryana,20,Engineering,Tier 1,None,Rejected
9.31,547,502415,1316183,West,Male,Maharashtra,20,Engineering,Tier 1,Relative,Approved
7.85,477,665541,405894,West,Female,Gujarat,23,Business,Tier 2,Sibling,Approved
5.0,538,641427,838226,West,Female,Rajasthan,22,Medical,Tier 3,Parent,Rejected
6.73,484,797588,227683,West,Female,Gujarat,18,Science,Tier 3,Relative,Rejected
8.13,505,510037,636978,South,Male,Kerala,26,Science,Tier 1,Parent,Approved
6.5,538,1297613,1056870,North,Male,Haryana,20,Engineering,Tier 3,Parent,Rejected
8.32,639,1262986,652609,North,Female,Uttarakhand,26,Engineering,Tier 1,Relative,Approved
5.0,608,776513,2857029,North,Male,Punjab,23,Medical,Tier 2,Sibling,Approved
7.71,731,1172407,1184930,North,Female,Uttarakhand,27,Engineering,Tier 1,Parent,Approved
8.55,663,608321,1777892,Central,Male,Madhya Pradesh,25,Business,Tier 2,Relative,Rejected
9.78,667,731648,758323,East,Female,Odisha,21,Business,Tier 2,Parent,Approved
6.09,475,1223372,318070,North,Male,Punjab,21,Science,Tier 3,Parent,Rejected
10.0,692,924076,1533638,North,Male,Delhi,26,Engineering,Tier 1,Parent,Approved
7.58,524,254559,1028242,West,Female,Gujarat,22,Medical,Tier 2,Parent,Rejected
6.69,603,612728,903665,North,Female,Haryana,26,Arts,Tier 2,Sibling,Approved
6.46,536,322278,693280,East,Female,Odisha,26,Engineering,Tier 2,Sibling,Approved
6.96,515,784655,1599802,West,Male,Gujarat,23,Business,Tier 3,Relative,Rejected
7.56,713,1174173,1875916,South,Male,Tamil Nadu,23,Business,Tier 2,Parent,Approved
7.0,520,1262286,1017892,North,Female,Punjab,20,Engineering,Tier 1,Parent,Approved
5.0,561,899328,638305,East,Male,Jharkhand,22,Business,Tier 3,Parent,Rejected
8.94,641,538432,574104,North,Male,Himachal Pradesh,26,Engineering,Tier 2,Parent,Approved
7.08,491,839686,1109085,North,Male,Haryana,24,Engineering,Tier 3,Sibling,Rejected
9.11,651,297540,1112768,West,Female,Gujarat,24,Medical,Tier 1,Parent,Approved
8.94,596,847420,1041780,West,Male,Goa,19,Business,Tier 1,Parent,Rejected
7.64,580,657853,417234,East,Male,Bihar,18,Engineering,Tier 2,Parent,Approved
9.88,659,777700,914491,West,Male,Maharashtra,26,Business,Tier 1,Relative,Approved
5.78,516,837597,842044,West,Male,Rajasthan,28,Engineering,Tier 2,None,Rejected
7.27,581,311595,610538,West,Male,Gujarat,25,Engineering,Tier 2,Parent,Approved
6.51,559,1186329,659556,South,Male,Tamil Nadu,19,Business,Tier 3,Parent,Approved
8.69,504,519165,1065472,South,Male,Karnataka,21,Business,Tier 2,Parent,Rejected
8.01,455,268626,1612182,East,Female,Bihar,23,Medical,Tier 1,Relative,Rejected
8.37,576,783150,936537,North,Male,Punjab,26,Science,Tier 2,Sibling,Approved
9.23,541,458095,373892,West,Male,Gujarat,25,Business,Tier 2,Sibling,Approved
8.81,578,200000,713103,Central,Male,Chhattisgarh,22,Engineering,Tier 1,Parent,Approved
7.67,514,401829,514106,South,Male,Telangana,26,Engineering,Tier 2,Parent,Approved
7.48,578,616026,713257,East,Male,Jharkhand,21,Engineering,Tier 1,Parent,Approved
8.07,646,200000,646440,East,Male,Jharkhand,25,Business,Tier 1,Parent,Rejected
7.13,516,964642,665796,North,Male,Punjab,22,Science,Tier 3,Parent,Approved
7.46,560,1457084,1713611,West,Male,Goa,26,Medical,Tier 2,Relative,Approved
9.37,737,893816,964775,North,Female,Punjab,25,Business,Tier 1,Sibling,Approved
8.67,605,453974,1937866,North,Female,Uttarakhand,22,Medical,Tier 3,Parent,Approved
7.81,647,1147304,1423491,South,Female,Telangana,28,Engineering,Tier 3,Parent,Approved
6.16,614,200000,610648,East,Female,West Bengal,23,Engineering,Tier 2,Parent,Rejected
6.13,527,1105501,1717786,North,Male,Uttarakhand,28,Engineering,Tier 2,Parent,Approved
7.33,542,468727,1382813,South,Female,Kerala,19,Business,Tier 2,None,Rejected
7.12,572,368825,313046,East,Female,Odisha,27,Science,Tier 2,Parent,Approved
7.3,668,1110079,511556,South,Male,Kerala,22,Science,Tier 3,Parent,Approved
9.19,566,1013635,857151,South,Female,Karnataka,28,Engineering,Tier 1,None,Rejected
10.0,566,456795,589615,North,Male,Himachal Pradesh,28,Business,Tier 1,None,Approved
9.2,483,487102,983229,Central,Male,Chhattisgarh,24,Engineering,Tier 2,Parent,Rejected
7.76,619,340350,100000,East,Male,Bihar,20,Medical,Tier 3,Parent,Approved
7.2,447,1237141,1226653,South,Female,Kerala,23,Engineering,Tier 2,Parent,Rejected
7.48,549,699761,845760,East,Female,Assam,25,Law,Tier 3,Parent,Approved
5.67,541,481511,399022,West,Male,Goa,24,Science,Tier 2,Parent,Rejected
9.33,528,929755,1603461,Central,Female,Chhattisgarh,25,Engineering,Tier 1,Parent,Rejected
9.13,673,1121293,1354078,West,Male,Goa,24,Medical,Tier 1,Relative,Approved
8.21,662,765988,716047,West,Male,Gujarat,27,Science,Tier 2,Parent,Approved
9.4,688,816209,420425,South,Female,Telangana,23,Law,Tier 2,Parent,Approved
8.03,646,428834,554229,East,Female,Assam,21,Science,Tier 3,Parent,Approved
6.7,669,598198,1665259,East,Male,Bihar,20,Medical,Tier 2,Parent,Rejected
6.93,546,218018,425679,East,Female,West Bengal,28,Science,Tier 3,None,Approved
8.61,645,659320,122684,South,Female,Telangana,23,Science,Tier 1,Parent,Approved
8.08,680,605983,883348,West,Female,Maharashtra,25,Science,Tier 1,None,Approved
8.03,525,614865,284549,South,Male,Karnataka,21,Arts,Tier 1,Parent,Approved
7.97,567,618565,467002,West,Female,Rajasthan,23,Arts,Tier 2,Parent,Approved
6.86,459,1027993,461042,West,Male,Goa,25,Engineering,Tier 2,Parent,Approved
9.57,640,417579,1427163,Central,Female,Madhya Pradesh,25,Medical,Tier 1,Relative,Rejected
6.64,579,1066343,2514282,West,Male,Maharashtra,28,Architecture,Tier 1,Parent,Rejected
6.9,505,1242789,1804952,West,Female,Maharashtra,28,Architecture,Tier 3,Parent,Approved
8.42,580,903170,520306,North,Female,Delhi,23,Arts,Tier 2,Parent,Approved
5.86,505,839969,673029,East,Male,West Bengal,19,Arts,Tier 3,Parent,Approved
7.64,614,769306,2407487,North,Male,Delhi,26,Architecture,Tier 2,Parent,Approved
7.81,624,704040,902395,North,Male,Delhi,25,Engineering,Tier 2,None,Approved
7.47,534,1230657,2045256,North,Male,Punjab,28,Engineering,Tier 3,Relative,Rejected
8.67,583,282093,1488770,North,Female,Himachal Pradesh,24,Medical,Tier 1,Parent,Approved
8.87,668,1091006,603374,South,Male,Tamil Nadu,21,Science,Tier 2,Parent,Approved
5.24,410,1059062,1449485,East,Male,Jharkhand,18,Business,Tier 3,Parent,Rejected
8.54,577,1006140,1167823,West,Female,Goa,18,Business,Tier 3,Parent,Approved
9.07,650,981675,1925036,North,Male,Himachal Pradesh,25,Law,Tier 2,Parent,Approved
7.81,539,955926,410502,North,Male,Delhi,22,Arts,Tier 3,Parent,Approved
6.67,654,680287,435518,Central,Male,Chhattisgarh,25,Science,Tier 2,Parent,Approved
5.0,402,877568,546731,East,Female,Odisha,21,Medical,Tier 3,Parent,Approved
5.0,553,567040,715160,East,Male,Assam,27,Science,Tier 3,Sibling,Rejected
7.53,512,1064742,1742019,South,Male,Andhra Pradesh,19,Medical,Tier 1,Parent,Approved
7.3,483,722780,948025,North,Male,Punjab,20,Medical,Tier 3,Parent,Approved
8.35,586,1176416,1362490,South,Female,Karnataka,22,Engineering,Tier 1,Parent,Approved
7.43,535,775262,361349,West,Female,Rajasthan,18,Business,Tier 2,Parent,Approved
5.83,528,797905,897016,West,Female,Gujarat,20,Business,Tier 3,Parent,Approved
8.41,615,1088881,449832,East,Male,Bihar,26,Law,Tier 2,Parent,Approved
8.34,489,503151,705695,West,Male,Rajasthan,25,Science,Tier 3,Parent,Rejected
8.63,603,250923,728930,North,Female,Haryana,28,Business,Tier 1,Parent,Rejected
8.47,643,413639,518732,South,Female,Telangana,20,Law,Tier 1,Sibling,Approved
5.5,446,534268,795977,Central,Male,Chhattisgarh,21,Medical,Tier 2,Parent,Approved
5.86,574,409326,952452,East,Female,Jharkhand,20,Law,Tier 3,None,Rejected
5.0,423,200000,1057273,South,Female,Karnataka,22,Medical,Tier 2,Parent,Rejected
8.33,514,791817,924855,West,Male,Maharashtra,27,Business,Tier 1,Sibling,Approved
6.46,520,1176956,2306247,West,Male,Maharashtra,21,Architecture,Tier 3,Parent,Approved
7.97,564,1151999,234576,North,Female,Himachal Pradesh,24,Engineering,Tier 2,None,Approved
8.22,590,499648,559349,West,Male,Gujarat,19,Engineering,Tier 3,Parent,Approved
9.08,704,438081,100000,North,Male,Haryana,26,Engineering,Tier 3,Parent,Approved
8.21,604,1046223,574368,West,Male,Rajasthan,18,Science,Tier 1,Parent,Approved
6.42,441,203769,978616,West,Male,Gujarat,23,Engineering,Tier 3,Parent,Rejected
7.96,531,570328,715242,West,Male,Maharashtra,22,Arts,Tier 2,Parent,Approved
9.78,563,686569,409035,North,Female,Uttarakhand,25,Science,Tier 1,Sibling,Rejected
8.56,669,1077656,2442355,West,Male,Rajasthan,23,Medical,Tier 2,Relative,Approved
5.0,592,944731,2331441,North,Female,Uttarakhand,21,Architecture,Tier 3,Parent,Approved
7.02,465,691106,1343516,West,Female,Rajasthan,21,Medical,Tier 2,Parent,Rejected
8.02,489,1033621,1154212,West,Female,Rajasthan,23,Law,Tier 1,Sibling,Rejected
5.89,361,1008793,914360,West,Male,Goa,25,Engineering,Tier 3,Parent,Rejected
7.04,611,518505,687642,South,Female,Andhra Pradesh,24,Law,Tier 1,Parent,Rejected
6.75,491,1552722,2486019,West,Male,Gujarat,23,Medical,Tier 2,Parent,Rejected
5.88,632,741156,598398,West,Male,Rajasthan,19,Law,Tier 3,Parent,Approved
6.76,615,878580,1883276,West,Female,Gujarat,24,Architecture,Tier 3,Sibling,Rejected
7.44,520,773963,1222452,South,Male,Telangana,22,Engineering,Tier 2,Parent,Rejected
7.16,438,348075,606957,South,Male,Karnataka,28,Engineering,Tier 3,Parent,Rejected
6.9,592,505307,839143,East,Male,West Bengal,28,Business,Tier 3,Parent,Approved
5.0,514,380613,396303,West,Male,Gujarat,18,Engineering,Tier 3,Parent,Rejected
8.51,724,962050,1893934,South,Male,Andhra Pradesh,23,Medical,Tier 1,Sibling,Approved
8.62,643,1675295,892423,West,Female,Gujarat,28,Engineering,Tier 1,Relative,Approved
8.13,611,632685,1465695,West,Female,Goa,18,Law,Tier 2,Parent,Approved
9.07,547,443612,858091,North,Male,Delhi,19,Engineering,Tier 1,Parent,Approved
8.15,683,893191,1152284,West,Female,Rajasthan,22,Engineering,Tier 1,Relative,Approved
6.97,605,320234,471566,South,Male,Karnataka,18,Science,Tier 1,Parent,Rejected
6.25,672,837260,712407,North,Male,Himachal Pradesh,23,Science,Tier 3,Sibling,Approved
7.23,516,373553,871833,West,Male,Goa,18,Engineering,Tier 2,Parent,Rejected
7.27,527,839447,1119916,South,Male,Karnataka,19,Business,Tier 2,Relative,Approved
5.96,474,583215,783147,Central,Male,Madhya Pradesh,21,Engineering,Tier 2,Parent,Approved
7.09,425,692658,606630,West,Male,Gujarat,20,Science,Tier 3,Parent,Approved
7.81,562,655306,1471892,East,Female,West Bengal,19,Architecture,Tier 1,Parent,Approved
8.27,570,640778,426279,South,Female,Kerala,24,Arts,Tier 1,Parent,Approved
8.58,572,868838,917003,West,Male,Gujarat,23,Engineering,Tier 1,Parent,Approved
8.24,469,1529862,937987,West,Male,Maharashtra,19,Science,Tier 1,Sibling,Approved
9.84,535,477053,473618,South,Female,Kerala,18,Science,Tier 2,Parent,Approved
6.93,519,1017659,807987,East,Male,West Bengal,22,Business,Tier 2,Sibling,Rejected
6.56,587,439182,995534,South,Female,Telangana,24,Business,Tier 2,Sibling,Rejected
5.97,592,1296002,1347052,North,Female,Himachal Pradesh,25,Engineering,Tier 3,Parent,Approved
9.59,535,869981,649435,North,Male,Haryana,18,Arts,Tier 3,Parent,Approved
9.07,624,687744,1161941,South,Male,Kerala,27,Law,Tier 1,Relative,Approved
9.57,644,1020732,777754,North,Female,Uttarakhand,28,Business,Tier 2,Parent,Approved
6.67,613,735998,1050679,North,Male,Haryana,21,Engineering,Tier 1,Parent,Approved
5.4,648,959014,551470,East,Female,Assam,22,Engineering,Tier 2,Parent,Approved
9.22,562,472648,2602732,South,Female,Telangana,22,Medical,Tier 1,Parent,Rejected
6.34,430,964835,2284157,South,Female,Andhra Pradesh,27,Medical,Tier 3,Sibling,Rejected
5.97,495,909922,614955,South,Female,Telangana,24,Engineering,Tier 3,Parent,Approved
8.38,612,543362,640519,Central,Female,Uttar Pradesh,26,Law,Tier 1,Relative,Approved
8.36,496,666236,865532,North,Female,Haryana,23,Engineering,Tier 3,Parent,Rejected
7.68,635,825384,1935750,Central,Male,Madhya Pradesh,18,Medical,Tier 3,Parent,Approved
7.62,586,551778,1040240,North,Male,Delhi,27,Business,Tier 3,Parent,Approved
8.63,542,909016,1254213,West,Male,Maharashtra,19,Engineering,Tier 1,Parent,Rejected
7.56,569,1366040,100000,South,Female,Telangana,26,Business,Tier 3,Parent,Approved
7.25,615,1471496,1232775,South,Female,Kerala,23,Business,Tier 1,Relative,Approved
5.5,703,978488,2274988,West,Female,Gujarat,21,Medical,Tier 2,Parent,Rejected
9.59,627,200000,656665,South,Female,Andhra Pradesh,19,Science,Tier 1,Relative,Rejected
5.0,559,743028,973067,South,Female,Karnataka,27,Law,Tier 3,Parent,Approved
8.35,619,398650,939715,North,Male,Himachal Pradesh,25,Engineering,Tier 3,Parent,Approved
5.37,420,665153,340422,East,Male,West Bengal,27,Science,Tier 3,Relative,Approved
7.94,631,556808,2082431,Central,Female,Chhattisgarh,18,Medical,Tier 2,Parent,Rejected
6.15,523,803658,938359,West,Male,Maharashtra,18,Business,Tier 3,Parent,Approved
7.0,626,1042450,1496163,South,Other,Andhra Pradesh,26,Law,Tier 2,Parent,Approved
9.16,517,668855,1500935,North,Male,Delhi,20,Medical,Tier 2,Parent,Approved
7.57,543,1169629,1027872,North,Male,Delhi,19,Arts,Tier 3,Parent,Approved
9.25,559,646752,1221601,West,Male,Gujarat,27,Engineering,Tier 3,Sibling,Approved
9.61,564,1048734,2893151,West,Male,Maharashtra,20,Architecture,Tier 1,Parent,Approved
6.93,691,1099698,1837003,West,Female,Maharashtra,27,Medical,Tier 1,Parent,Approved
5.11,493,1067729,460923,North,Male,Uttarakhand,27,Arts,Tier 3,Parent,Approved
8.19,503,588027,694806,North,Female,Haryana,21,Business,Tier 1,Parent,Approved
7.05,649,974034,1155500,West,Male,Goa,28,Business,Tier 1,Sibling,Approved
7.93,571,783073,1834184,South,Female,Telangana,26,Law,Tier 1,None,Approved
8.12,584,948540,435596,West,Male,Rajasthan,21,Business,Tier 2,Sibling,Approved
9.76,634,716599,901950,West,Female,Maharashtra,23,Business,Tier 1,Parent,Approved
6.77,472,908152,938479,North,Female,Uttarakhand,24,Business,Tier 2,Parent,Rejected
6.49,455,1009434,1195420,North,Female,Haryana,24,Business,Tier 2,Sibling,Approved
6.22,667,760210,632714,West,Female,Maharashtra,25,Arts,Tier 3,Relative,Approved
7.11,595,709571,1560371,Central,Male,Madhya Pradesh,21,Medical,Tier 2,Parent,Approved
8.7,582,1198279,1670239,North,Female,Punjab,28,Engineering,Tier 3,Sibling,Approved
6.58,533,466720,496753,East,Female,Bihar,28,Engineering,Tier 2,None,Approved
7.56,645,200000,547012,South,Male,Karnataka,19,Arts,Tier 2,Parent,Rejected
5.78,502,636279,634405,North,Female,Uttarakhand,28,Engineering,Tier 2,Sibling,Rejected
7.98,596,740181,1016027,West,Female,Gujarat,20,Business,Tier 1,Parent,Approved
5.98,569,911144,755287,North,Female,Delhi,25,Engineering,Tier 3,Parent,Approved
8.98,553,893931,1156731,South,Other,Telangana,22,Business,Tier 2,Relative,Approved
9.11,575,200000,517834,West,Female,Maharashtra,26,Arts,Tier 1,None,Approved
10.0,705,504672,1919634,North,Male,Punjab,25,Architecture,Tier 3,Relative,Rejected
8.92,666,1053161,1702438,South,Female,Tamil Nadu,19,Architecture,Tier 1,Parent,Approved
6.33,497,499799,303168,North,Male,Delhi,20,Arts,Tier 2,Parent,Approved
8.82,623,577811,1173275,West,Female,Goa,22,Business,Tier 1,Parent,Rejected
9.44,576,653366,912057,East,Female,West Bengal,25,Engineering,Tier 2,Relative,Rejected
5.94,590,1219633,417789,North,Female,Haryana,21,Science,Tier 2,Parent,Approved
7.74,525,866399,346913,West,Male,Maharashtra,26,Science,Tier 3,Parent,Approved
8.53,553,592623,651184,South,Female,Telangana,20,Engineering,Tier 2,Parent,Approved
7.33,550,946449,2255928,Central,Male,Chhattisgarh,25,Medical,Tier 2,Parent,Rejected
6.43,649,891534,752044,West,Male,Goa,21,Engineering,Tier 3,Parent,Approved
8.18,526,1027010,861106,West,Female,Goa,22,Science,Tier 1,Sibling,Approved
7.48,654,803810,563296,East,Female,Odisha,23,Arts,Tier 3,Parent,Approved
6.89,568,648385,739857,West,Female,Rajasthan,28,Engineering,Tier 2,Parent,Approved
5.69,485,1033872,815415,North,Male,Delhi,19,Business,Tier 3,Parent,Approved
8.31,668,765906,595967,West,Male,Gujarat,28,Engineering,Tier 1,Relative,Approved
7.13,443,934537,1223212,North,Male,Delhi,26,Engineering,Tier 2,Parent,Approved
5.71,488,1032220,1465220,West,Female,Gujarat,21,Engineering,Tier 3,Parent,Rejected
10.0,735,923618,905854,South,Male,Karnataka,23,Engineering,Tier 2,Parent,Approved
8.92,625,212026,167210,Central,Male,Uttar Pradesh,25,Science,Tier 1,Parent,Approved
7.98,629,991618,1556460,South,Male,Karnataka,18,Engineering,Tier 3,Parent,Rejected
8.1,508,242842,615387,North,Female,Punjab,27,Business,Tier 2,Parent,Rejected
7.98,636,1117773,1412520,North,Female,Haryana,20,Law,Tier 2,None,Approved
6.43,501,439836,706646,East,Male,Assam,23,Engineering,Tier 2,Parent,Approved
10.0,630,1218937,2251189,North,Female,Haryana,22,Medical,Tier 1,Relative,Rejected
5.0,580,709875,1145268,South,Female,Andhra Pradesh,25,Engineering,Tier 3,Parent,Rejected
9.15,674,825055,680889,North,Female,Himachal Pradesh,28,Science,Tier 1,Relative,Approved
6.25,567,509962,551414,North,Male,Uttarakhand,21,Business,Tier 3,Parent,Approved
6.04,376,802771,359915,Central,Female,Madhya Pradesh,20,Arts,Tier 3,Parent,Approved
9.43,466,562418,884403,West,Male,Gujarat,27,Engineering,Tier 1,None,Rejected
8.26,586,1308448,1641484,North,Male,Himachal Pradesh,25,Engineering,Tier 1,Parent,Approved
6.66,484,804511,818354,West,Female,Rajasthan,25,Engineering,Tier 2,Parent,Approved
6.6,588,494105,454868,West,Female,Rajasthan,24,Engineering,Tier 3,Parent,Rejected
7.76,445,621451,403807,East,Female,Bihar,18,Business,Tier 3,Parent,Approved
7.55,628,409028,2397003,West,Male,Gujarat,28,Medical,Tier 1,None,Approved
6.36,497,1248401,1332384,South,Male,Kerala,24,Engineering,Tier 2,Parent,Rejected
5.8,515,712923,826089,West,Male,Rajasthan,20,Engineering,Tier 3,Parent,Approved
9.55,549,1060810,215741,South,Female,Telangana,22,Engineering,Tier 1,None,Approved
7.42,524,1066527,2395449,South,Male,Tamil Nadu,19,Medical,Tier 3,Parent,Rejected
6.95,625,698342,1607943,Central,Male,Chhattisgarh,26,Architecture,Tier 2,Relative,Rejected
6.01,529,722402,739152,South,Male,Kerala,18,Arts,Tier 3,Parent,Rejected
7.99,660,646810,1302808,South,Female,Karnataka,21,Architecture,Tier 3,Parent,Approved
8.79,591,200000,638277,East,Male,West Bengal,19,Science,Tier 1,None,Rejected
7.3,524,1175956,1947765,West,Female,Rajasthan,25,Medical,Tier 1,Relative,Approved
8.84,570,519692,507564,North,Male,Delhi,22,Business,Tier 1,Parent,Approved
7.67,606,407211,711730,West,Female,Maharashtra,24,Engineering,Tier 3,Parent,Approved
5.94,518,304044,1217303,East,Male,Assam,28,Engineering,Tier 2,None,Rejected
6.35,437,938716,825791,Central,Male,Chhattisgarh,19,Science,Tier 1,Parent,Rejected
8.55,664,632293,996884,Central,Male,Madhya Pradesh,21,Engineering,Tier 1,Parent,Approved
7.16,585,671988,983435,North,Female,Delhi,25,Business,Tier 2,Parent,Approved
9.04,574,564399,860047,West,Female,Goa,24,Science,Tier 1,Parent,Approved
7.37,610,244406,512771,East,Female,Odisha,19,Science,Tier 2,Parent,Rejected
6.44,589,1169306,1806533,South,Male,Telangana,27,Architecture,Tier 2,Sibling,Approved
8.14,513,650595,365380,East,Female,Jharkhand,18,Engineering,Tier 2,Parent,Approved
8.7,686,200000,453919,Central,Female,Chhattisgarh,20,Business,Tier 3,Parent,Approved
6.73,551,1060519,2058638,South,Male,Andhra Pradesh,22,Medical,Tier 3,Sibling,Approved
7.68,589,251491,659692,West,Male,Goa,28,Engineering,Tier 1,Sibling,Approved
9.38,539,563932,767095,North,Female,Himachal Pradesh,18,Law,Tier 3,Parent,Approved
9.73,600,866630,734654,Central,Female,Chhattisgarh,18,Arts,Tier 2,Parent,Approved
7.7,475,249006,806231,South,Female,Karnataka,19,Engineering,Tier 2,Sibling,Approved
8.89,610,1219193,597516,North,Male,Himachal Pradesh,21,Science,Tier 2,Parent,Approved
8.16,510,699655,272408,Central,Male,Uttar Pradesh,25,Science,Tier 1,Parent,Approved
8.43,598,718004,915763,South,Male,Telangana,26,Science,Tier 2,None,Approved
8.32,449,915104,1316257,West,Female,Maharashtra,25,Business,Tier 2,Parent,Rejected
5.0,584,889416,783078,North,Female,Punjab,28,Engineering,Tier 2,Sibling,Approved
8.2,593,820894,1507709,South,Female,Kerala,25,Engineering,Tier 1,Parent,Approved
8.8,608,827612,1615255,North,Female,Haryana,19,Business,Tier 1,Relative,Approved
5.16,529,240249,234802,South,Male,Andhra Pradesh,20,Engineering,Tier 2,Parent,Rejected
8.56,576,581483,363341,East,Male,Bihar,28,Arts,Tier 1,Sibling,Approved
5.0,607,385871,428734,West,Female,Maharashtra,21,Science,Tier 3,Sibling,Rejected
6.67,650,566941,889366,South,Male,Telangana,25,Business,Tier 2,Parent,Approved
9.41,677,904123,1523389,West,Female,Goa,19,Medical,Tier 1,None,Rejected
9.64,551,995296,751215,North,Female,Haryana,18,Arts,Tier 1,Parent,Rejected
7.06,589,1357230,794811,North,Male,Uttarakhand,26,Arts,Tier 2,Parent,Approved
8.72,520,759001,1579587,West,Male,Maharashtra,28,Business,Tier 1,Parent,Approved
5.0,602,903494,574813,West,Male,Rajasthan,21,Engineering,Tier 3,Parent,Approved
7.68,523,727375,317656,West,Female,Rajasthan,25,Architecture,Tier 3,Relative,Approved
8.87,625,815028,821833,West,Male,Goa,21,Business,Tier 1,Parent,Approved
7.04,642,1464579,1334588,West,Male,Maharashtra,28,Business,Tier 1,Parent,Approved
5.0,587,200000,272934,North,Male,Himachal Pradesh,22,Arts,Tier 3,Parent,Rejected
7.56,593,818756,439545,Central,Male,Chhattisgarh,21,Science,Tier 3,Relative,Approved
7.48,603,787094,414884,West,Female,Gujarat,22,Business,Tier 1,Parent,Approved
6.48,556,514014,1655285,Central,Male,Uttar Pradesh,22,Medical,Tier 2,Parent,Rejected
7.73,650,529702,549784,West,Female,Rajasthan,25,Science,Tier 3,Parent,Approved
8.12,526,337924,1612226,Central,Female,Uttar Pradesh,18,Medical,Tier 3,Parent,Approved
7.66,543,966164,966219,North,Female,Punjab,28,Medical,Tier 2,Parent,Approved
6.31,615,354369,362615,East,Female,Odisha,24,Business,Tier 2,Parent,Approved
5.95,582,670528,705385,Central,Female,Chhattisgarh,19,Arts,Tier 2,Parent,Approved
6.75,565,346428,957134,South,Male,Andhra Pradesh,24,Engineering,Tier 3,Parent,Approved
7.52,583,1239033,1733374,North,Female,Haryana,26,Engineering,Tier 2,Sibling,Rejected
9.23,574,608910,163370,South,Female,Karnataka,19,Medical,Tier 1,Parent,Approved
5.45,522,984429,676394,South,Male,Tamil Nadu,19,Business,Tier 3,Relative,Approved
6.74,645,918540,1922140,East,Male,Jharkhand,24,Medical,Tier 3,Sibling,Rejected
6.95,561,566731,1020691,Central,Male,Chhattisgarh,27,Engineering,Tier 2,Parent,Approved
7.7,608,313816,929481,Central,Male,Uttar Pradesh,19,Science,Tier 1,Parent,Rejected
7.13,532,1009230,1474204,West,Male,Rajasthan,23,Engineering,Tier 2,None,Approved
10.0,680,857443,1472911,South,Male,Kerala,25,Engineering,Tier 1,Parent,Approved
7.93,628,969973,674476,South,Female,Tamil Nadu,23,Arts,Tier 2,Parent,Approved
7.47,425,1028061,2416701,North,Female,Uttarakhand,19,Medical,Tier 2,Parent,Rejected
5.01,637,713880,1438401,South,Female,Telangana,26,Engineering,Tier 2,Relative,Approved
6.55,584,544076,1524324,South,Female,Andhra Pradesh,25,Engineering,Tier 2,Parent,Approved
6.56,527,1002396,2932097,Central,Male,Uttar Pradesh,25,Medical,Tier 3,None,Rejected
6.72,421,561691,244433,South,Male,Telangana,24,Arts,Tier 2,Parent,Rejected
8.96,586,1368664,1085388,South,Male,Kerala,25,Arts,Tier 1,Parent,Approved
8.45,486,617924,1605394,North,Male,Himachal Pradesh,22,Engineering,Tier 1,Parent,Rejected
5.97,568,910294,1477879,North,Female,Haryana,27,Engineering,Tier 2,Parent,Approved
5.88,558,1009985,582573,West,Female,Rajasthan,22,Arts,Tier 2,Parent,Rejected
8.82,699,690472,1540067,East,Female,Bihar,28,Business,Tier 2,Parent,Approved
8.35,462,433166,664940,East,Female,Assam,28,Science,Tier 1,Relative,Approved
8.49,512,862979,1660645,North,Male,Uttarakhand,25,Engineering,Tier 1,Parent,Rejected
5.3,407,937332,751136,North,Other,Himachal Pradesh,20,Business,Tier 2,Relative,Rejected
8.18,597,677890,2268120,North,Male,Himachal Pradesh,18,Medical,Tier 1,Parent,Approved
8.64,626,1027037,636397,Central,Female,Chhattisgarh,28,Engineering,Tier 2,Sibling,Approved
8.85,559,899408,592706,South,Female,Andhra Pradesh,18,Business,Tier 2,Parent,Approved
7.32,677,705377,1310105,East,Male,Odisha,28,Engineering,Tier 2,Parent,Approved
7.28,626,609037,739340,South,Female,Telangana,27,Arts,Tier 2,Parent,Approved
5.0,459,1091919,726514,West,Male,Gujarat,27,Business,Tier 2,Parent,Approved
5.0,505,282548,811651,Central,Female,Madhya Pradesh,21,Science,Tier 3,Parent,Approved
7.01,735,1105144,586473,South,Male,Karnataka,23,Science,Tier 2,Sibling,Approved
5.82,640,942595,1414046,North,Female,Uttarakhand,28,Engineering,Tier 3,Sibling,Approved
7.43,523,806313,1565480,East,Male,Assam,20,Architecture,Tier 3,Parent,Approved
6.72,510,857096,1145469,West,Female,Gujarat,27,Engineering,Tier 2,Sibling,Approved
5.77,460,656294,1134124,South,Female,Andhra Pradesh,28,Business,Tier 3,Sibling,Approved
7.13,617,402743,322211,West,Female,Goa,24,Arts,Tier 3,Sibling,Rejected
9.56,587,736329,1827132,West,Male,Rajasthan,27,Medical,Tier 1,Parent,Approved
6.25,471,797576,1296233,Central,Male,Madhya Pradesh,22,Medical,Tier 2,Parent,Approved
8.87,639,529532,312064,South,Male,Karnataka,19,Science,Tier 1,None,Rejected
6.2,610,590798,1062619,West,Female,Gujarat,20,Engineering,Tier 2,Parent,Approved
9.45,536,1103473,2046316,North,Male,Himachal Pradesh,20,Medical,Tier 1,Parent,Approved
9.75,765,662812,739266,West,Female,Goa,26,Science,Tier 2,Parent,Approved
8.69,547,582753,737153,North,Male,Uttarakhand,26,Engineering,Tier 3,Parent,Approved
7.24,404,345768,564839,East,Male,West Bengal,28,Science,Tier 2,Sibling,Rejected
10.0,704,943257,1124463,North,Female,Himachal Pradesh,18,Architecture,Tier 3,Parent,Approved
7.5,647,1597018,769284,North,Female,Uttarakhand,25,Science,Tier 2,Sibling,Approved
9.72,579,808755,961227,South,Female,Tamil Nadu,20,Business,Tier 1,Parent,Approved
8.22,536,976877,1970552,Central,Male,Uttar Pradesh,23,Medical,Tier 2,Parent,Approved
7.88,621,798632,315173,South,Female,Telangana,25,Science,Tier 1,Parent,Approved
5.0,571,946628,1157926,South,Male,Karnataka,19,Engineering,Tier 3,Relative,Approved
10.0,734,243384,1298972,West,Female,Gujarat,20,Medical,Tier 1,Parent,Approved
7.49,549,800236,226542,West,Male,Goa,27,Science,Tier 3,Parent,Approved
6.12,372,425975,1175744,South,Male,Andhra Pradesh,24,Medical,Tier 3,Parent,Rejected
9.55,643,988871,359671,North,Female,Uttarakhand,25,Business,Tier 2,Sibling,Approved
8.22,566,1094536,2472049,East,Male,Odisha,18,Medical,Tier 2,Parent,Approved
5.0,570,544621,573248,Central,Female,Madhya Pradesh,23,Engineering,Tier 3,None,Rejected
6.91,555,1329801,3000000,West,Female,Rajasthan,22,Medical,Tier 2,Relative,Rejected
8.39,554,706521,830930,South,Male,Tamil Nadu,19,Business,Tier 3,Parent,Approved
6.72,584,1206774,2714391,North,Female,Uttarakhand,22,Medical,Tier 1,Parent,Approved
6.92,479,511684,1058336,East,Male,Bihar,21,Engineering,Tier 1,Parent,Approved
7.09,555,1453127,1489112,North,Female,Uttarakhand,20,Medical,Tier 3,Parent,Approved
9.22,495,818065,562498,West,Female,Goa,23,Engineering,Tier 2,Parent,Approved
7.8,520,860570,1821995,East,Female,Jharkhand,25,Engineering,Tier 2,Parent,Approved
10.0,609,458696,1271131,West,Female,Gujarat,19,Business,Tier 1,Parent,Rejected
6.42,425,864903,323003,West,Male,Gujarat,19,Arts,Tier 2,Parent,Rejected
8.56,539,534875,394030,South,Female,Andhra Pradesh,28,Engineering,Tier 3,Sibling,Approved
7.06,703,1251671,571412,East,Female,Assam,26,Science,Tier 3,Relative,Approved
10.0,732,516345,377090,East,Female,Bihar,25,Arts,Tier 3,Parent,Approved
8.62,445,950401,725546,South,Female,Karnataka,21,Science,Tier 2,None,Rejected
6.83,343,814497,393140,West,Male,Maharashtra,24,Engineering,Tier 2,Relative,Approved
7.16,628,1219963,417702,North,Male,Himachal Pradesh,21,Engineering,Tier 2,Parent,Approved
7.86,654,450104,1466226,South,Male,Telangana,24,Medical,Tier 1,Parent,Approved
8.86,618,975721,100000,South,Female,Telangana,21,Engineering,Tier 1,Parent,Approved
7.3,429,1137325,373960,North,Female,Haryana,20,Arts,Tier 1,Parent,Rejected
8.35,693,1136867,1249396,Central,Female,Uttar Pradesh,26,Business,Tier 1,Parent,Approved
7.35,556,593081,278847,East,Male,West Bengal,20,Engineering,Tier 2,Parent,Approved
7.95,665,350897,1010930,North,Male,Punjab,18,Law,Tier 2,Parent,Approved
8.72,603,200000,532620,Central,Male,Chhattisgarh,25,Science,Tier 3,Relative,Approved
6.6,434,626398,1970058,South,Male,Tamil Nadu,22,Medical,Tier 2,Parent,Approved
9.74,608,335919,697445,Central,Male,Chhattisgarh,24,Engineering,Tier 1,Parent,Approved
5.62,506,878134,484106,North,Female,Punjab,20,Business,Tier 3,Parent,Rejected
7.17,525,989359,2261416,North,Male,Himachal Pradesh,19,Medical,Tier 2,Parent,Rejected
9.55,654,578026,463986,East,Male,Assam,26,Science,Tier 1,Parent,Approved
8.92,517,1135367,320531,West,Female,Goa,18,Business,Tier 2,Sibling,Approved
9.4,667,680382,1135300,East,Male,Bihar,27,Engineering,Tier 2,Sibling,Approved
6.29,485,692567,297556,West,Female,Gujarat,20,Arts,Tier 3,Parent,Rejected
6.29,567,967120,2010969,North,Male,Uttarakhand,23,Medical,Tier 2,None,Rejected
6.36,613,1194424,926319,West,Female,Goa,28,Arts,Tier 2,Parent,Rejected
9.18,577,451080,428914,East,Male,Jharkhand,20,Arts,Tier 1,Parent,Approved
6.66,737,956478,645773,North,Male,Uttarakhand,23,Business,Tier 3,Parent,Approved
8.97,639,529089,1240932,West,Female,Goa,25,Law,Tier 2,Parent,Approved
8.52,626,943091,241083,North,Male,Punjab,21,Engineering,Tier 1,Sibling,Approved
10.0,589,759623,2230324,South,Female,Kerala,23,Medical,Tier 3,Parent,Approved
8.19,679,1256039,1467058,South,Female,Tamil Nadu,23,Engineering,Tier 2,None,Rejected
6.33,496,803678,1186382,East,Female,Odisha,20,Business,Tier 3,Parent,Rejected
9.61,765,760703,345323,West,Male,Rajasthan,27,Science,Tier 1,Parent,Approved
5.0,528,369920,716856,North,Male,Delhi,22,Engineering,Tier 2,Parent,Approved
9.22,461,1437138,1850091,South,Female,Telangana,21,Engineering,Tier 2,Relative,Approved
8.36,578,513724,1563668,Central,Male,Uttar Pradesh,18,Architecture,Tier 1,Parent,Rejected
6.64,676,858360,2527957,North,Female,Himachal Pradesh,26,Medical,Tier 2,Parent,Approved
8.52,582,755736,865982,North,Female,Haryana,27,Engineering,Tier 3,Sibling,Approved
6.71,531,597294,857803,East,Female,Bihar,19,Science,Tier 2,Sibling,Approved
9.64,610,587747,580892,South,Male,Kerala,25,Engineering,Tier 1,Relative,Approved
9.35,527,401980,1221831,North,Male,Punjab,27,Engineering,Tier 1,Sibling,Approved
5.0,492,1071637,453834,North,Male,Punjab,21,Engineering,Tier 3,Relative,Approved
7.9,509,896869,1628640,West,Female,Goa,23,Law,Tier 3,Sibling,Approved
6.59,579,659615,1647413,North,Female,Uttarakhand,25,Medical,Tier 1,Relative,Approved
8.0,670,924627,1176985,East,Male,Jharkhand,18,Engineering,Tier 2,Parent,Approved
8.47,584,432580,344785,West,Female,Rajasthan,22,Arts,Tier 3,Parent,Approved
8.25,556,671184,887782,North,Male,Himachal Pradesh,27,Business,Tier 1,Parent,Approved
5.84,462,1203780,2631883,South,Male,Kerala,23,Medical,Tier 3,Parent,Rejected
7.34,538,855213,901613,West,Male,Maharashtra,28,Law,Tier 3,Parent,Approved
8.14,707,1089657,1323553,South,Female,Andhra Pradesh,25,Engineering,Tier 3,Parent,Approved
9.41,643,577111,613835,South,Female,Karnataka,21,Engineering,Tier 1,Parent,Approved
7.92,526,620997,1116260,North,Female,Delhi,27,Law,Tier 3,Parent,Approved
6.6,562,776450,265720,Central,Female,Madhya Pradesh,27,Science,Tier 2,Relative,Approved
6.24,441,642995,927221,East,Female,Jharkhand,21,Business,Tier 3,Parent,Rejected
8.49,569,341570,551592,East,Male,Bihar,19,Science,Tier 2,Parent,Approved
10.0,718,484901,1104099,West,Male,Goa,26,Architecture,Tier 1,Parent,Approved
6.39,616,868882,1750830,West,Female,Goa,28,Medical,Tier 3,Relative,Rejected
10.0,715,757106,828699,Central,Male,Uttar Pradesh,22,Engineering,Tier 1,Relative,Approved
6.57,639,376492,439164,North,Male,Punjab,23,Engineering,Tier 2,Parent,Approved
10.0,686,635430,1467595,South,Male,Andhra Pradesh,19,Architecture,Tier 3,Sibling,Approved
5.0,489,910691,710021,South,Male,Kerala,22,Arts,Tier 3,Relative,Rejected
6.61,487,848139,1253214,Central,Female,Chhattisgarh,24,Medical,Tier 2,Parent,Approved
5.0,486,654796,358221,Central,Male,Madhya Pradesh,25,Engineering,Tier 3,Relative,Approved
9.59,520,367405,799486,North,Male,Punjab,22,Law,Tier 1,Parent,Approved
9.54,589,689311,553761,North,Female,Uttarakhand,25,Science,Tier 1,Relative,Rejected
8.9,742,365028,1337364,North,Female,Himachal Pradesh,23,Business,Tier 3,Parent,Rejected
8.1,495,794614,904197,West,Male,Maharashtra,26,Science,Tier 1,Parent,Rejected
8.8,681,200000,642388,East,Female,Bihar,24,Arts,Tier 2,Sibling,Rejected
8.38,681,987541,712187,East,Male,Bihar,28,Arts,Tier 3,Parent,Approved
7.71,486,723156,572342,East,Female,West Bengal,24,Engineering,Tier 1,Parent,Approved
6.7,754,1212264,1399308,West,Male,Maharashtra,25,Engineering,Tier 3,Relative,Approved
8.75,581,912497,2420158,East,Male,West Bengal,23,Medical,Tier 3,Relative,Rejected
5.23,453,264786,863617,North,Male,Himachal Pradesh,18,Architecture,Tier 3,Parent,Rejected
8.04,710,737974,941019,North,Other,Delhi,20,Engineering,Tier 2,Parent,Approved
10.0,585,514937,1118280,East,Female,West Bengal,18,Business,Tier 1,Parent,Approved
7.46,559,735850,1048770,North,Male,Uttarakhand,25,Engineering,Tier 1,Parent,Approved
7.77,613,785233,1243159,South,Male,Andhra Pradesh,28,Medical,Tier 2,None,Approved
9.24,688,733086,415335,East,Male,Bihar,27,Arts,Tier 1,Parent,Approved
6.82,551,1086216,1676682,West,Male,Rajasthan,23,Engineering,Tier 2,Parent,Rejected
5.24,621,717087,969734,South,Female,Tamil Nadu,20,Science,Tier 2,Parent,Approved
9.01,440,860140,1706623,East,Female,West Bengal,25,Engineering,Tier 2,Sibling,Approved
5.58,525,870392,458315,West,Female,Rajasthan,28,Arts,Tier 3,Parent,Approved
8.68,552,745038,1756115,East,Male,Jharkhand,20,Medical,Tier 1,None,Approved
7.31,622,594121,871062,Central,Male,Madhya Pradesh,22,Science,Tier 1,Parent,Approved
5.92,507,1151583,1987485,West,Female,Gujarat,19,Business,Tier 3,None,Rejected
5.81,573,1058742,2084574,North,Female,Himachal Pradesh,24,Medical,Tier 3,None,Approved
9.18,618,891103,955232,North,Male,Punjab,18,Business,Tier 1,Parent,Approved
7.91,590,976130,1527800,West,Female,Gujarat,26,Medical,Tier 2,Parent,Approved
7.47,610,533777,794062,North,Male,Uttarakhand,21,Science,Tier 3,Relative,Approved
9.27,472,861866,393757,West,Female,Maharashtra,21,Law,Tier 3,Parent,Rejected
7.29,723,999173,1465594,South,Male,Tamil Nadu,26,Engineering,Tier 2,Sibling,Rejected
7.04,601,683227,987361,Central,Male,Uttar Pradesh,25,Engineering,Tier 3,Parent,Rejected
8.73,682,841045,1425827,East,Male,Bihar,27,Engineering,Tier 2,Sibling,Approved
10.0,631,808884,2119551,West,Female,Maharashtra,25,Medical,Tier 3,None,Approved
8.15,565,610991,1161855,Central,Female,Madhya Pradesh,26,Business,Tier 2,Parent,Approved
7.61,631,953025,1008961,South,Female,Andhra Pradesh,21,Engineering,Tier 2,Parent,Approved
10.0,385,562697,603070,West,Male,Gujarat,20,Engineering,Tier 1,Parent,Approved
7.22,437,1112111,1633607,North,Female,Uttarakhand,19,Business,Tier 1,Parent,Approved
8.35,570,986856,167472,North,Male,Himachal Pradesh,23,Engineering,Tier 3,Sibling,Approved
8.86,663,1014678,2070950,West,Female,Goa,20,Medical,Tier 2,Parent,Approved
6.04,494,436699,581492,Central,Male,Chhattisgarh,20,Science,Tier 3,Parent,Rejected
8.57,630,937113,937640,West,Male,Maharashtra,19,Business,Tier 2,Parent,Approved
5.65,665,996092,1260438,North,Female,Haryana,19,Engineering,Tier 2,None,Approved
5.27,501,1242924,1034208,Central,Male,Chhattisgarh,26,Science,Tier 3,Relative,Rejected
7.8,535,200000,587591,East,Male,Bihar,20,Engineering,Tier 3,Sibling,Rejected
6.41,498,284152,415651,West,Male,Goa,28,Science,Tier 3,Sibling,Approved
6.52,592,655180,2168510,East,Male,West Bengal,26,Medical,Tier 2,Sibling,Approved
5.91,539,947558,838491,North,Female,Punjab,22,Arts,Tier 1,Sibling,Rejected
8.95,575,637193,1888501,North,Male,Delhi,25,Medical,Tier 3,Relative,Approved
8.97,557,702094,937608,West,Male,Goa,18,Engineering,Tier 1,Parent,Approved
8.01,553,977209,837841,North,Female,Delhi,28,Business,Tier 2,Relative,Approved
9.31,669,1308921,830026,West,Male,Goa,25,Arts,Tier 2,Parent,Approved
6.79,613,649302,965916,North,Female,Uttarakhand,18,Law,Tier 2,Parent,Approved
8.18,649,633785,1045592,South,Female,Tamil Nadu,28,Business,Tier 2,None,Approved
7.65,549,630345,402228,Central,Female,Uttar Pradesh,19,Engineering,Tier 2,Sibling,Approved
8.75,575,1294346,1328082,West,Male,Rajasthan,20,Business,Tier 2,Parent,Approved
7.39,597,484866,311697,North,Female,Haryana,26,Business,Tier 2,Sibling,Approved
5.85,473,1141816,2050125,South,Male,Kerala,23,Medical,Tier 3,Parent,Rejected
6.55,579,853704,1303267,West,Female,Goa,26,Business,Tier 3,Sibling,Approved
6.88,622,956831,1910560,West,Female,Rajasthan,23,Medical,Tier 2,Relative,Approved
10.0,586,1210906,958893,West,Male,Gujarat,18,Engineering,Tier 1,Parent,Approved
8.87,719,255212,1333137,South,Female,Tamil Nadu,23,Architecture,Tier 1,Relative,Rejected
7.6,573,851917,423302,North,Female,Uttarakhand,22,Science,Tier 2,Parent,Approved
8.3,698,743274,1877726,South,Female,Kerala,20,Medical,Tier 3,Parent,Approved
7.06,579,526497,599450,Central,Female,Uttar Pradesh,26,Engineering,Tier 2,None,Approved
8.21,488,925509,1080147,West,Male,Maharashtra,20,Law,Tier 2,Parent,Rejected
7.1,545,718486,148308,Central,Male,Madhya Pradesh,20,Science,Tier 2,Parent,Approved
7.11,608,780456,1073758,East,Male,West Bengal,19,Engineering,Tier 3,Parent,Approved
6.78,448,949347,1362113,North,Female,Himachal Pradesh,19,Engineering,Tier 3,Parent,Approved
7.67,666,716784,639249,West,Other,Gujarat,21,Arts,Tier 1,Parent,Approved
8.33,586,698988,768874,East,Male,West Bengal,28,Business,Tier 1,Sibling,Approved
9.92,558,635651,411048,South,Male,Andhra Pradesh,27,Arts,Tier 3,None,Rejected
9.15,706,1221830,837026,West,Male,Goa,22,Law,Tier 3,Relative,Approved
6.77,543,342551,238566,West,Female,Goa,23,Engineering,Tier 3,Parent,Rejected
7.56,437,712640,1290600,East,Female,Assam,22,Engineering,Tier 1,Parent,Approved
10.0,699,1202119,699120,West,Female,Goa,28,Science,Tier 3,Sibling,Approved
7.59,533,878535,933074,East,Male,Bihar,18,Law,Tier 2,Sibling,Approved
8.08,561,200000,483193,West,Male,Gujarat,23,Medical,Tier 2,Parent,Rejected
7.11,551,797157,1243923,North,Male,Punjab,18,Engineering,Tier 2,Parent,Rejected
8.64,681,203732,405746,East,Female,Bihar,18,Science,Tier 3,Parent,Approved
6.94,553,882646,860581,West,Female,Goa,20,Science,Tier 2,None,Approved
6.8,552,672412,2786612,West,Female,Gujarat,26,Medical,Tier 3,Sibling,Rejected
5.59,419,1161140,473356,South,Female,Andhra Pradesh,22,Science,Tier 3,Parent,Approved
7.42,478,928695,568142,West,Female,Maharashtra,23,Business,Tier 2,Parent,Approved
7.67,680,628731,1759202,South,Female,Karnataka,23,Medical,Tier 1,Parent,Approved
8.66,568,804076,482243,South,Male,Tamil Nadu,28,Arts,Tier 1,None,Approved
6.3,491,870034,2086952,South,Male,Karnataka,23,Architecture,Tier 3,Sibling,Rejected
5.0,496,1172479,2223098,West,Other,Rajasthan,19,Medical,Tier 3,Parent,Rejected
6.19,467,882028,1413612,Central,Male,Uttar Pradesh,23,Business,Tier 1,Sibling,Rejected
7.04,543,527241,1283672,North,Male,Punjab,18,Engineering,Tier 2,Parent,Approved
7.16,664,549044,438606,West,Female,Goa,19,Engineering,Tier 2,Parent,Approved
6.13,556,948035,1101181,South,Female,Telangana,28,Engineering,Tier 3,Sibling,Approved
5.06,581,200000,584407,South,Male,Karnataka,20,Science,Tier 3,Parent,Rejected
7.79,636,718573,606257,West,Female,Goa,18,Science,Tier 2,Parent,Rejected
8.67,590,772974,671450,West,Male,Rajasthan,19,Science,Tier 2,Sibling,Approved
6.89,540,659977,2196906,Central,Male,Chhattisgarh,19,Medical,Tier 3,Parent,Rejected
7.5,683,743235,1949938,West,Male,Gujarat,22,Medical,Tier 2,Parent,Approved
7.2,480,536068,1349099,North,Male,Delhi,18,Business,Tier 1,None,Rejected
8.38,521,1095491,670650,North,Male,Haryana,27,Engineering,Tier 1,Sibling,Approved
6.74,640,806690,872862,South,Male,Kerala,28,Engineering,Tier 3,Relative,Approved
7.24,561,1002526,687780,North,Female,Punjab,25,Science,Tier 2,None,Rejected
9.67,555,981068,892042,North,Male,Himachal Pradesh,24,Engineering,Tier 2,Parent,Rejected
7.06,586,200000,747636,East,Female,Odisha,20,Business,Tier 2,Parent,Approved
7.15,461,925404,2309651,East,Female,Assam,18,Medical,Tier 3,Parent,Rejected
7.71,534,1189305,1324628,South,Male,Telangana,25,Business,Tier 1,Sibling,Approved
6.44,684,278300,752624,East,Female,Jharkhand,25,Medical,Tier 2,Sibling,Rejected
5.0,607,658155,2281940,East,Female,Assam,20,Architecture,Tier 3,Parent,Rejected
7.4,563,383214,672508,West,Male,Goa,25,Business,Tier 1,Relative,Approved
10.0,524,913637,772950,West,Female,Gujarat,21,Business,Tier 1,Parent,Rejected
8.66,655,542902,615962,South,Female,Tamil Nadu,19,Science,Tier 2,Parent,Approved
5.66,611,669749,1343656,North,Male,Delhi,28,Architecture,Tier 2,Relative,Rejected
7.68,536,380622,686504,North,Male,Delhi,26,Business,Tier 1,Parent,Approved
9.2,494,639953,790354,North,Male,Punjab,28,Engineering,Tier 1,Sibling,Approved
7.87,415,288569,510090,East,Female,Jharkhand,28,Engineering,Tier 2,Parent,Approved
8.4,566,1113522,1187255,West,Female,Gujarat,26,Business,Tier 2,Parent,Approved
8.16,541,1001398,381942,West,Male,Goa,27,Business,Tier 2,None,Approved
9.5,553,1300395,817508,South,Male,Telangana,27,Arts,Tier 3,Parent,Approved
7.66,610,308698,551694,North,Female,Haryana,18,Business,Tier 1,Parent,Approved
7.66,675,516011,1889330,West,Female,Maharashtra,26,Medical,Tier 3,Parent,Approved
6.15,497,327670,1396734,East,Male,Jharkhand,18,Medical,Tier 2,Parent,Approved
9.95,566,642734,1773490,East,Female,West Bengal,21,Medical,Tier 2,Parent,Approved
8.29,641,839789,633375,East,Female,West Bengal,26,Science,Tier 3,Parent,Approved
7.7,660,836022,367816,East,Male,Assam,22,Engineering,Tier 1,Sibling,Approved
8.13,569,1011707,616044,West,Male,Maharashtra,23,Business,Tier 2,Sibling,Approved
7.71,526,777208,599335,North,Male,Punjab,24,Engineering,Tier 1,Parent,Approved
7.0,618,839360,870767,West,Female,Rajasthan,28,Law,Tier 3,Sibling,Approved
7.71,646,369331,372862,East,Male,West Bengal,27,Science,Tier 2,Relative,Approved
8.2,579,681047,375339,Central,Female,Madhya Pradesh,27,Arts,Tier 3,Sibling,Approved
6.88,586,754093,1568372,South,Female,Kerala,27,Medical,Tier 3,Parent,Rejected
7.7,671,1103183,920690,South,Male,Kerala,20,Engineering,Tier 2,Relative,Approved
8.45,665,399028,1557845,West,Female,Goa,24,Medical,Tier 1,None,Rejected
8.13,511,477068,1396295,North,Male,Delhi,19,Business,Tier 1,Parent,Approved
5.58,448,843577,1466739,East,Male,Jharkhand,19,Engineering,Tier 3,None,Rejected
8.8,642,1133150,3000000,South,Female,Telangana,23,Medical,Tier 2,Parent,Rejected
7.83,584,644569,368828,Central,Female,Uttar Pradesh,23,Business,Tier 2,Sibling,Approved
7.3,548,1220388,1601810,West,Female,Maharashtra,19,Business,Tier 3,Sibling,Approved
7.24,579,453408,794514,West,Female,Goa,28,Medical,Tier 3,Sibling,Approved
7.35,636,906047,686616,South,Male,Tamil Nadu,25,Science,Tier 1,Sibling,Approved
9.08,613,829561,791363,North,Female,Himachal Pradesh,21,Engineering,Tier 2,Parent,Approved
7.92,565,817038,1291598,North,Male,Punjab,24,Business,Tier 2,None,Approved
9.05,629,748131,583318,East,Male,Jharkhand,19,Medical,Tier 2,Parent,Rejected
8.02,472,1456580,1374195,North,Female,Himachal Pradesh,20,Engineering,Tier 2,Parent,Approved
8.36,544,200000,183640,South,Female,Telangana,21,Arts,Tier 3,Parent,Approved
8.29,704,343320,734132,West,Female,Rajasthan,26,Engineering,Tier 1,Parent,Approved
10.0,688,550342,1784645,Central,Male,Chhattisgarh,23,Medical,Tier 1,Parent,Approved
7.27,508,766462,556279,West,Male,Rajasthan,24,Engineering,Tier 2,Parent,Approved
7.61,486,534314,706922,West,Male,Gujarat,20,Business,Tier 2,Parent,Rejected
6.07,592,712269,980945,South,Female,Kerala,19,Law,Tier 2,Sibling,Rejected
9.37,638,1035044,707796,South,Male,Karnataka,22,Engineering,Tier 1,Parent,Approved
8.06,659,1079627,1496418,South,Male,Tamil Nadu,27,Engineering,Tier 2,Parent,Approved
9.76,608,1002490,613347,South,Male,Andhra Pradesh,24,Science,Tier 3,Relative,Approved
7.71,530,562847,1895296,East,Male,Jharkhand,22,Medical,Tier 2,Parent,Approved
6.92,417,200000,144729,North,Female,Punjab,19,Science,Tier 2,Parent,Approved
8.46,627,1018210,774057,West,Female,Goa,23,Science,Tier 2,Parent,Approved
9.41,712,545268,830727,Central,Female,Madhya Pradesh,25,Business,Tier 2,Parent,Approved
9.87,624,934597,817756,West,Female,Maharashtra,25,Science,Tier 1,Parent,Approved
5.0,618,538058,838157,East,Female,West Bengal,19,Science,Tier 3,Parent,Approved
7.4,616,452612,1548779,South,Female,Andhra Pradesh,28,Architecture,Tier 2,Parent,Rejected
6.73,599,1276110,2729229,East,Male,Jharkhand,27,Medical,Tier 3,Sibling,Rejected
7.04,626,287502,368388,East,Male,West Bengal,26,Engineering,Tier 2,Parent,Approved
6.63,554,695953,1000123,West,Male,Goa,23,Science,Tier 2,Parent,Approved
10.0,564,276437,727571,South,Female,Karnataka,18,Engineering,Tier 1,Relative,Approved
6.3,512,348872,273963,South,Female,Telangana,25,Business,Tier 2,Parent,Approved
5.0,495,1258684,511065,North,Male,Uttarakhand,24,Arts,Tier 2,Parent,Rejected
9.55,606,771675,802516,South,Female,Karnataka,21,Business,Tier 2,Parent,Approved
6.44,613,490672,1824866,North,Male,Delhi,21,Architecture,Tier 3,Parent,Rejected
8.99,562,456152,1247465,West,Male,Gujarat,19,Architecture,Tier 2,Parent,Approved
8.98,536,1356831,2849952,West,Female,Rajasthan,28,Medical,Tier 2,None,Rejected
8.64,550,439613,1856751,North,Male,Haryana,24,Architecture,Tier 1,Parent,Approved
6.69,692,636562,533207,North,Male,Delhi,19,Law,Tier 2,Parent,Approved
8.51,466,200000,819439,Central,Female,Chhattisgarh,25,Business,Tier 1,Sibling,Rejected
7.28,581,1036702,642094,South,Female,Tamil Nadu,20,Science,Tier 3,Relative,Approved
7.01,626,375463,475010,South,Female,Karnataka,22,Engineering,Tier 3,Sibling,Approved
8.53,680,612025,1578554,East,Female,Jharkhand,22,Business,Tier 1,Parent,Approved
9.22,573,359410,631448,West,Male,Goa,26,Engineering,Tier 2,None,Approved
8.47,571,445566,855570,North,Male,Punjab,22,Science,Tier 1,Parent,Approved
6.77,663,283685,1022670,South,Female,Tamil Nadu,27,Engineering,Tier 3,Sibling,Rejected
6.81,584,200000,476928,East,Female,West Bengal,26,Engineering,Tier 1,Sibling,Approved
8.14,622,715806,301108,North,Female,Haryana,18,Arts,Tier 3,Parent,Approved
10.0,622,542860,406534,South,Male,Andhra Pradesh,26,Science,Tier 1,Parent,Approved
6.76,452,200000,1933908,South,Other,Tamil Nadu,28,Medical,Tier 1,Parent,Rejected
9.17,509,433183,1399951,South,Male,Karnataka,19,Business,Tier 2,Parent,Approved
5.35,544,1132256,892092,West,Male,Rajasthan,18,Business,Tier 3,None,Rejected
5.97,491,581313,1760069,West,Female,Goa,24,Architecture,Tier 1,Sibling,Rejected
10.0,609,821969,1258941,West,Male,Rajasthan,21,Engineering,Tier 1,Parent,Approved
7.85,606,1581723,468673,West,Male,Gujarat,24,Arts,Tier 1,Relative,Approved
7.4,712,524816,1490028,North,Male,Haryana,21,Medical,Tier 1,Parent,Approved
10.0,534,928256,332956,West,Female,Gujarat,18,Science,Tier 3,Parent,Approved
8.68,698,790035,414961,South,Female,Andhra Pradesh,19,Arts,Tier 1,Parent,Approved
6.81,525,365191,881147,East,Female,Odisha,28,Medical,Tier 2,Parent,Approved
8.18,691,883190,540360,West,Male,Gujarat,20,Arts,Tier 3,Sibling,Approved
6.44,511,647057,738971,North,Female,Punjab,22,Business,Tier 3,Parent,Rejected
7.65,650,926811,1754333,East,Female,Jharkhand,27,Medical,Tier 3,Relative,Approved
6.34,509,872328,675369,West,Female,Rajasthan,21,Science,Tier 2,Parent,Approved
8.93,615,343429,973825,East,Female,Bihar,21,Business,Tier 2,Parent,Approved
5.23,545,385273,1333771,West,Male,Maharashtra,18,Engineering,Tier 2,Parent,Rejected
8.95,699,470631,594475,South,Female,Telangana,18,Business,Tier 1,Parent,Approved
9.23,694,716512,403474,West,Male,Goa,26,Arts,Tier 1,Sibling,Approved
6.96,354,622999,727591,East,Male,Assam,27,Law,Tier 1,Parent,Rejected
5.0,396,200000,384599,Central,Male,Uttar Pradesh,18,Science,Tier 3,Parent,Rejected
9.47,629,797642,1015194,North,Male,Uttarakhand,21,Engineering,Tier 2,Parent,Approved
7.28,621,1250229,796955,South,Male,Tamil Nadu,27,Business,Tier 1,Sibling,Approved
6.58,579,606278,721405,East,Male,Assam,23,Engineering,Tier 2,Parent,Approved
8.49,662,411224,1491202,South,Female,Telangana,22,Medical,Tier 1,Parent,Approved
8.0,537,630478,1057516,East,Male,West Bengal,18,Engineering,Tier 3,Parent,Approved
7.99,572,1140487,481620,South,Male,Karnataka,21,Engineering,Tier 3,Parent,Approved
7.42,574,743484,187503,South,Male,Andhra Pradesh,19,Science,Tier 1,Parent,Approved
10.0,523,942689,699904,Central,Male,Uttar Pradesh,27,Science,Tier 1,Parent,Approved
5.67,582,529102,696443,West,Male,Rajasthan,24,Medical,Tier 3,Parent,Rejected
8.14,496,593658,703081,East,Male,Jharkhand,22,Engineering,Tier 2,Parent,Approved
5.75,503,1187856,2508931,South,Other,Andhra Pradesh,22,Medical,Tier 3,Relative,Rejected
6.18,579,950256,666288,South,Male,Karnataka,21,Engineering,Tier 3,Parent,Approved
8.8,694,200000,439385,West,Female,Goa,24,Law,Tier 1,Parent,Approved
6.78,648,764832,329277,North,Female,Haryana,26,Arts,Tier 2,Parent,Approved
10.0,550,1025857,1925939,East,Female,Assam,24,Engineering,Tier 2,Relative,Approved
8.77,694,836195,1150914,East,Female,West Bengal,22,Business,Tier 2,Sibling,Approved
8.64,528,503750,930138,West,Male,Gujarat,25,Engineering,Tier 1,Parent,Approved
7.94,739,611980,481151,East,Male,Bihar,20,Arts,Tier 2,Parent,Rejected
7.99,668,369240,492233,East,Male,Odisha,27,Science,Tier 1,Parent,Approved
9.83,674,892590,596573,East,Female,Bihar,27,Arts,Tier 1,Parent,Approved
9.07,712,893433,1437532,West,Male,Rajasthan,18,Architecture,Tier 1,Parent,Approved
7.55,575,225209,199933,West,Female,Goa,25,Arts,Tier 1,Relative,Approved
9.43,588,1010469,1403687,West,Male,Maharashtra,25,Engineering,Tier 1,None,Rejected
7.21,632,557978,268113,East,Male,Assam,18,Science,Tier 2,None,Rejected
6.62,569,513991,1474428,North,Female,Punjab,26,Medical,Tier 3,Parent,Rejected
9.08,599,1203768,1384493,South,Male,Andhra Pradesh,19,Engineering,Tier 1,Parent,Approved
8.18,552,672788,741942,South,Male,Andhra Pradesh,19,Engineering,Tier 1,Parent,Approved
5.36,428,847493,1342985,East,Male,West Bengal,25,Business,Tier 3,Sibling,Rejected
8.1,588,492580,1762468,West,Male,Maharashtra,22,Medical,Tier 1,Parent,Approved
7.15,520,960400,1307928,North,Male,Haryana,28,Medical,Tier 2,Relative,Approved
5.84,439,1394783,656992,South,Male,Karnataka,21,Business,Tier 3,Parent,Approved
8.51,636,356974,1011631,South,Female,Kerala,26,Medical,Tier 3,Parent,Approved
8.81,563,1327227,1172644,North,Female,Uttarakhand,26,Business,Tier 3,Parent,Approved
6.59,554,213886,1717647,East,Female,Assam,26,Medical,Tier 3,Parent,Rejected
8.37,629,1115310,1567816,West,Male,Goa,18,Medical,Tier 2,Parent,Approved
7.61,559,632304,682559,East,Male,Odisha,22,Medical,Tier 2,None,Approved
5.0,542,1118521,1024672,South,Female,Telangana,24,Science,Tier 2,Parent,Rejected
6.1,641,1205273,420633,South,Male,Telangana,28,Arts,Tier 3,Sibling,Approved
9.06,673,658420,383868,West,Male,Goa,22,Science,Tier 2,Parent,Rejected
5.9,527,440091,917876,West,Male,Goa,26,Business,Tier 3,None,Approved
7.47,443,365656,486933,Central,Male,Chhattisgarh,21,Medical,Tier 1,Parent,Rejected
8.48,610,745896,1089094,North,Female,Uttarakhand,19,Law,Tier 1,Sibling,Approved
8.35,642,1351476,701715,West,Female,Maharashtra,21,Engineering,Tier 2,Parent,Rejected
9.26,633,568113,1141077,Central,Male,Madhya Pradesh,28,Engineering,Tier 3,Parent,Approved
6.83,548,1180956,653637,South,Male,Tamil Nadu,21,Arts,Tier 1,Parent,Approved
7.83,525,594707,647959,East,Female,Bihar,23,Arts,Tier 3,Parent,Approved
8.06,671,766486,514590,East,Female,Jharkhand,24,Science,Tier 1,Parent,Approved
9.52,505,863065,348466,West,Female,Maharashtra,25,Arts,Tier 1,None,Approved
9.63,785,382404,819565,West,Male,Goa,27,Engineering,Tier 1,Relative,Approved
8.46,552,646447,1468222,Central,Male,Uttar Pradesh,19,Business,Tier 3,Parent,Rejected
8.58,661,791150,1568956,Central,Male,Uttar Pradesh,28,Engineering,Tier 1,Parent,Approved
10.0,714,875775,857363,North,Female,Haryana,26,Engineering,Tier 1,Parent,Approved
6.62,537,838148,1343835,East,Male,West Bengal,21,Engineering,Tier 3,Parent,Approved
8.17,591,449607,1014423,West,Male,Maharashtra,27,Business,Tier 3,Relative,Rejected
9.99,624,320776,467825,North,Male,Haryana,21,Business,Tier 2,Parent,Approved
8.42,494,1218177,846117,West,Male,Maharashtra,19,Business,Tier 1,None,Rejected
9.56,746,509322,1257945,Central,Male,Chhattisgarh,28,Engineering,Tier 2,Relative,Rejected
6.59,445,656331,956262,South,Male,Telangana,21,Engineering,Tier 2,Sibling,Rejected
8.35,525,1168242,411341,West,Male,Goa,27,Science,Tier 3,None,Approved
6.81,732,1023511,1740157,West,Female,Maharashtra,19,Engineering,Tier 3,None,Approved
8.26,660,875605,422530,North,Male,Uttarakhand,24,Law,Tier 2,Parent,Approved
8.69,555,412377,662470,South,Male,Tamil Nadu,26,Science,Tier 3,Parent,Approved
8.63,575,790787,919010,South,Male,Karnataka,19,Medical,Tier 1,Sibling,Approved
6.54,595,657861,872686,West,Female,Gujarat,26,Business,Tier 3,Parent,Rejected
7.97,647,767787,1109053,North,Male,Uttarakhand,21,Business,Tier 2,Parent,Approved
8.93,566,429554,493528,Central,Female,Uttar Pradesh,22,Arts,Tier 2,Parent,Approved
6.81,559,753324,764850,North,Female,Haryana,28,Engineering,Tier 2,Parent,Rejected
6.94,564,392710,764813,West,Male,Rajasthan,23,Engineering,Tier 1,Parent,Approved
5.5,515,200000,796893,South,Male,Telangana,28,Engineering,Tier 1,Parent,Rejected
6.84,509,282649,969895,North,Male,Delhi,25,Engineering,Tier 3,Relative,Rejected
5.09,593,791424,712654,South,Female,Telangana,26,Science,Tier 3,Relative,Approved
6.63,539,542421,548592,North,Female,Uttarakhand,25,Science,Tier 2,Relative,Approved
7.64,712,1079755,1466155,West,Female,Maharashtra,25,Business,Tier 2,Sibling,Approved
10.0,571,392373,601700,East,Female,Odisha,23,Arts,Tier 1,Sibling,Approved
6.61,488,615987,753158,West,Male,Goa,21,Engineering,Tier 2,Parent,Approved
5.3,485,760047,1229977,North,Male,Punjab,18,Engineering,Tier 1,Parent,Approved
8.25,435,1114673,2011110,West,Male,Goa,26,Engineering,Tier 1,Parent,Rejected
6.8,640,415235,682351,South,Male,Tamil Nadu,18,Arts,Tier 2,Parent,Approved
7.69,538,749118,1398633,South,Female,Telangana,27,Engineering,Tier 2,Parent,Approved
8.66,618,1000233,1076143,West,Male,Rajasthan,26,Science,Tier 1,Parent,Approved
7.25,630,917607,998070,East,Male,Bihar,21,Business,Tier 1,Parent,Rejected
5.0,600,930277,2432731,Central,Male,Uttar Pradesh,19,Medical,Tier 3,Sibling,Rejected
7.35,594,888050,1075798,East,Female,Bihar,27,Engineering,Tier 2,None,Approved
9.62,597,839700,1118714,North,Male,Delhi,27,Engineering,Tier 3,None,Approved
8.61,712,576739,1253298,South,Male,Telangana,21,Architecture,Tier 3,Parent,Approved
8.1,556,994082,790788,West,Female,Maharashtra,27,Law,Tier 2,None,Approved
5.9,583,274930,946040,East,Male,Odisha,28,Engineering,Tier 1,Relative,Rejected
7.49,593,535624,970690,North,Male,Haryana,19,Engineering,Tier 3,Parent,Approved
6.6,587,618390,614686,Central,Male,Uttar Pradesh,22,Science,Tier 3,Sibling,Approved
9.36,694,807843,100000,West,Female,Maharashtra,22,Business,Tier 2,Parent,Approved
5.12,577,525244,1205394,East,Male,Jharkhand,24,Law,Tier 3,Parent,Rejected
9.09,696,908843,1684093,West,Male,Gujarat,20,Medical,Tier 1,Parent,Approved
10.0,490,284408,700102,Central,Male,Chhattisgarh,20,Science,Tier 2,Parent,Rejected
6.79,515,200000,972673,North,Male,Punjab,19,Engineering,Tier 2,Parent,Rejected
8.4,616,1589432,2074764,North,Male,Uttarakhand,27,Medical,Tier 2,Relative,Rejected
9.69,539,798684,193114,North,Female,Uttarakhand,18,Business,Tier 1,Parent,Approved
9.35,651,784638,1084604,North,Male,Himachal Pradesh,23,Business,Tier 1,None,Approved
8.31,588,946014,255498,West,Female,Goa,21,Engineering,Tier 1,Parent,Approved
7.3,477,1125960,1180562,West,Female,Rajasthan,23,Architecture,Tier 3,Sibling,Rejected
5.18,506,683839,1293727,East,Male,Bihar,26,Medical,Tier 2,Parent,Rejected
5.9,483,1009439,1634391,South,Female,Karnataka,28,Business,Tier 3,Sibling,Approved
9.09,760,1223253,918802,South,Male,Tamil Nadu,23,Science,Tier 2,Parent,Approved
7.92,635,401917,749267,Central,Male,Madhya Pradesh,20,Business,Tier 1,Relative,Approved
6.43,623,675891,166259,North,Female,Himachal Pradesh,26,Science,Tier 3,Relative,Rejected
7.88,446,386780,847593,West,Male,Gujarat,26,Business,Tier 2,Parent,Approved
7.9,604,1233851,395991,North,Male,Himachal Pradesh,23,Arts,Tier 2,Parent,Approved
8.9,506,481512,640729,East,Male,Assam,21,Engineering,Tier 3,Parent,Approved
8.67,638,496528,457973,Central,Male,Madhya Pradesh,18,Engineering,Tier 1,Parent,Approved
5.49,620,1008447,1190255,North,Female,Punjab,21,Business,Tier 3,Parent,Rejected
7.91,643,1061539,1185823,West,Male,Gujarat,26,Engineering,Tier 3,Parent,Rejected
7.02,568,1046395,149843,West,Male,Gujarat,27,Business,Tier 2,Sibling,Approved
7.44,553,932883,955907,North,Female,Haryana,28,Law,Tier 2,None,Rejected
8.19,564,1161860,872916,West,Male,Goa,18,Science,Tier 2,Parent,Approved
9.15,462,684123,785083,West,Male,Maharashtra,28,Science,Tier 1,Parent,Approved
7.57,548,648344,2520005,West,Female,Goa,20,Architecture,Tier 2,Parent,Approved
8.56,584,888850,524224,North,Female,Punjab,22,Business,Tier 2,Parent,Approved
5.0,568,403916,886383,West,Male,Goa,19,Engineering,Tier 2,Parent,Rejected
5.5,545,784727,1137269,North,Male,Haryana,25,Engineering,Tier 3,Parent,Rejected
8.08,484,970140,1144800,East,Male,Jharkhand,25,Engineering,Tier 2,Relative,Approved
7.86,670,659936,1468275,West,Male,Maharashtra,27,Engineering,Tier 1,Parent,Approved
7.78,621,434364,452636,North,Male,Himachal Pradesh,22,Engineering,Tier 1,Sibling,Approved
7.14,578,1201252,1320537,West,Female,Gujarat,24,Engineering,Tier 2,Parent,Rejected
10.0,551,793416,1456030,North,Male,Haryana,25,Business,Tier 1,Parent,Approved
5.0,591,977363,1269300,North,Female,Delhi,28,Business,Tier 2,None,Approved
9.22,612,796415,587985,North,Male,Himachal Pradesh,24,Science,Tier 1,Parent,Approved
10.0,608,426448,1165896,Central,Male,Madhya Pradesh,26,Engineering,Tier 3,Relative,Rejected
8.98,622,313416,423216,South,Female,Andhra Pradesh,23,Science,Tier 2,Parent,Approved
8.49,544,1113315,794189,West,Female,Goa,21,Engineering,Tier 1,Parent,Approved
8.9,634,862585,357513,East,Female,West Bengal,22,Science,Tier 1,Parent,Approved
9.5,625,1051309,878649,West,Female,Rajasthan,21,Engineering,Tier 2,Parent,Approved
9.46,590,380530,571802,Central,Male,Uttar Pradesh,18,Science,Tier 1,Parent,Approved
9.01,695,773291,706317,North,Female,Delhi,27,Science,Tier 1,Parent,Approved
6.66,649,332824,1311900,West,Female,Maharashtra,26,Medical,Tier 1,Parent,Approved
7.7,503,1002912,2343204,West,Female,Goa,18,Architecture,Tier 2,Parent,Approved
5.0,604,762245,597918,West,Male,Maharashtra,23,Engineering,Tier 2,Parent,Approved
6.97,584,407272,826636,East,Female,Bihar,24,Business,Tier 1,Parent,Rejected
9.38,716,971880,2081966,South,Female,Tamil Nadu,20,Medical,Tier 1,Parent,Approved
5.28,567,366980,1062758,East,Female,Jharkhand,24,Medical,Tier 3,Parent,Approved
6.59,455,200000,826909,South,Female,Tamil Nadu,24,Engineering,Tier 3,Parent,Rejected
7.63,565,637012,974761,East,Female,Odisha,28,Engineering,Tier 1,Parent,Approved
8.1,577,621457,1491839,West,Male,Goa,20,Engineering,Tier 2,Parent,Approved
5.0,515,285449,506625,West,Female,Maharashtra,26,Science,Tier 3,Relative,Rejected
7.24,551,352504,661306,Central,Female,Madhya Pradesh,22,Science,Tier 2,Parent,Approved
7.01,459,930257,546679,North,Female,Delhi,21,Science,Tier 2,Parent,Approved
6.17,505,611587,756230,East,Male,Assam,20,Architecture,Tier 2,Parent,Approved
8.4,538,662657,265122,North,Female,Punjab,18,Business,Tier 1,Parent,Approved
9.35,651,460173,459885,Central,Female,Uttar Pradesh,25,Arts,Tier 1,Parent,Approved
5.32,629,762580,1861629,East,Female,Bihar,18,Medical,Tier 3,Sibling,Rejected
7.69,623,1021414,1420036,South,Female,Telangana,18,Architecture,Tier 2,Relative,Rejected
7.21,622,493309,1196252,West,Female,Gujarat,21,Business,Tier 1,Parent,Approved
6.1,537,1069030,426444,West,Male,Gujarat,20,Business,Tier 3,Parent,Rejected
8.31,643,387120,1301139,North,Male,Haryana,27,Medical,Tier 1,None,Rejected
6.83,537,454158,712692,South,Male,Telangana,19,Engineering,Tier 2,Parent,Approved
8.15,719,1122696,583991,West,Female,Maharashtra,18,Arts,Tier 3,Parent,Approved
8.48,508,589297,558182,Central,Male,Uttar Pradesh,20,Science,Tier 2,Parent,Approved
10.0,598,397154,381845,West,Male,Gujarat,27,Science,Tier 1,Sibling,Approved
6.56,519,613494,1066410,South,Female,Andhra Pradesh,20,Business,Tier 2,Sibling,Approved
8.91,629,815647,719982,North,Male,Delhi,28,Engineering,Tier 1,Relative,Approved
5.97,590,711911,584886,East,Female,Assam,21,Science,Tier 3,Parent,Rejected
5.0,501,653839,990056,West,Male,Goa,21,Law,Tier 3,Parent,Rejected
5.03,555,553053,1243843,East,Female,Bihar,22,Engineering,Tier 3,None,Rejected
8.0,725,400345,1279665,North,Female,Uttarakhand,22,Architecture,Tier 3,Parent,Approved
8.76,643,693514,1842551,South,Male,Telangana,23,Medical,Tier 2,Parent,Approved
7.92,401,685832,548769,West,Female,Rajasthan,23,Engineering,Tier 2,None,Rejected
6.91,541,812274,1841765,North,Male,Delhi,22,Architecture,Tier 3,Parent,Approved
10.0,447,840137,2603868,North,Female,Haryana,22,Architecture,Tier 3,Parent,Approved
9.95,476,822024,411146,West,Male,Gujarat,20,Science,Tier 1,Sibling,Approved
8.77,614,909331,825019,North,Female,Uttarakhand,22,Business,Tier 3,Parent,Approved
7.32,560,227423,659604,East,Female,Bihar,20,Engineering,Tier 2,Parent,Approved
5.0,566,839873,1062787,North,Other,Delhi,18,Business,Tier 3,Parent,Approved
8.17,566,1095907,644484,South,Male,Karnataka,20,Architecture,Tier 2,Parent,Approved
5.0,631,953771,1004857,West,Female,Gujarat,18,Engineering,Tier 3,None,Rejected
8.28,762,200000,337404,Central,Male,Madhya Pradesh,23,Engineering,Tier 1,Relative,Approved
9.75,492,535450,338492,West,Male,Rajasthan,22,Engineering,Tier 1,Parent,Approved
7.85,601,1417417,1165683,West,Female,Rajasthan,24,Business,Tier 2,Sibling,Approved
8.5,699,1307407,952887,South,Male,Telangana,27,Engineering,Tier 2,Sibling,Approved
7.12,584,271120,419414,West,Female,Goa,20,Business,Tier 1,Relative,Approved
7.8,658,797790,943772,Central,Female,Uttar Pradesh,26,Business,Tier 2,Sibling,Approved
9.64,583,883704,1302404,South,Female,Tamil Nadu,24,Medical,Tier 1,Parent,Rejected
6.33,455,620138,882957,North,Male,Punjab,25,Science,Tier 3,Parent,Approved
8.59,714,1107581,1149599,South,Female,Karnataka,25,Business,Tier 1,Parent,Approved
6.19,533,1703093,130406,South,Female,Karnataka,19,Arts,Tier 2,Parent,Approved
8.14,695,992119,561230,South,Male,Andhra Pradesh,26,Arts,Tier 1,None,Approved
6.19,492,358792,1300038,South,Female,Telangana,28,Business,Tier 2,Sibling,Rejected
9.56,592,352243,604330,East,Male,West Bengal,26,Engineering,Tier 2,Parent,Approved
7.42,511,929089,1016097,South,Male,Karnataka,26,Arts,Tier 2,Parent,Approved
5.89,424,606919,314690,Central,Male,Chhattisgarh,18,Science,Tier 3,None,Rejected
8.14,529,631542,978265,West,Male,Goa,28,Science,Tier 3,Parent,Approved
8.68,619,854488,931486,West,Female,Rajasthan,28,Science,Tier 2,Parent,Approved
7.8,583,670783,1135420,North,Female,Haryana,19,Engineering,Tier 2,Sibling,Approved
8.69,621,1064793,2401878,West,Male,Rajasthan,28,Architecture,Tier 1,None,Rejected
6.98,555,296722,679260,East,Male,Assam,23,Arts,Tier 3,Parent,Rejected
7.67,664,932321,574835,North,Female,Uttarakhand,18,Arts,Tier 1,Parent,Approved
7.66,649,1550148,856487,South,Female,Tamil Nadu,22,Law,Tier 3,Relative,Approved
10.0,615,742954,1136288,North,Female,Uttarakhand,23,Engineering,Tier 2,Sibling,Approved
8.29,579,765762,310247,Central,Female,Madhya Pradesh,20,Arts,Tier 2,None,Approved
8.99,698,936440,728960,South,Female,Andhra Pradesh,19,Medical,Tier 1,Parent,Approved
7.37,561,979775,1101750,South,Male,Andhra Pradesh,22,Engineering,Tier 3,Parent,Rejected
5.0,550,243655,1004151,North,Male,Haryana,28,Engineering,Tier 3,Parent,Rejected
10.0,555,1143438,1677949,South,Female,Andhra Pradesh,18,Medical,Tier 1,Parent,Rejected
7.21,516,1220862,100000,North,Male,Haryana,19,Science,Tier 2,Parent,Approved
9.07,709,651532,700019,North,Female,Haryana,25,Science,Tier 1,Parent,Approved
7.66,718,1329915,2684409,South,Male,Karnataka,26,Medical,Tier 1,None,Rejected
8.22,489,990793,730805,North,Male,Himachal Pradesh,18,Arts,Tier 1,Parent,Approved
7.77,564,1133957,731483,West,Male,Goa,24,Arts,Tier 2,Parent,Approved
7.54,525,650938,564962,North,Male,Punjab,20,Business,Tier 3,Parent,Approved
7.63,532,251692,416619,North,Male,Punjab,26,Business,Tier 3,Parent,Rejected
5.0,532,1178423,1404777,West,Male,Maharashtra,25,Business,Tier 3,Parent,Approved
8.34,555,806204,683118,North,Male,Delhi,25,Business,Tier 1,Parent,Approved
5.38,511,650477,1869417,North,Female,Punjab,19,Medical,Tier 3,Sibling,Approved
6.85,525,617737,1743106,North,Male,Haryana,21,Medical,Tier 2,Parent,Approved
7.15,651,879180,945234,North,Male,Himachal Pradesh,22,Engineering,Tier 3,None,Rejected
6.93,540,765260,939929,West,Female,Goa,25,Law,Tier 1,Parent,Rejected
7.84,558,736947,2130886,South,Male,Andhra Pradesh,26,Medical,Tier 3,Parent,Rejected
9.83,509,1205667,2120605,South,Female,Andhra Pradesh,26,Medical,Tier 3,Relative,Approved
7.68,482,885724,1012751,North,Male,Punjab,18,Engineering,Tier 1,Sibling,Rejected
7.39,559,537089,1742531,North,Female,Punjab,20,Medical,Tier 2,Parent,Rejected
7.45,441,866736,536674,West,Male,Goa,20,Science,Tier 2,Parent,Rejected
7.32,524,894523,901249,East,Male,West Bengal,22,Engineering,Tier 2,Sibling,Approved
9.36,568,813721,842610,South,Male,Karnataka,27,Business,Tier 2,Relative,Rejected
6.83,451,328901,356400,East,Female,Jharkhand,28,Science,Tier 2,Parent,Rejected
7.59,591,501756,808606,West,Male,Gujarat,23,Arts,Tier 2,Parent,Approved
8.02,533,657983,1810171,West,Female,Gujarat,21,Medical,Tier 2,Sibling,Rejected
9.44,469,987347,993191,Central,Male,Chhattisgarh,20,Science,Tier 2,Parent,Approved
9.4,619,983460,597481,West,Female,Gujarat,20,Engineering,Tier 1,Parent,Approved
8.09,646,1096794,2824815,North,Male,Haryana,21,Architecture,Tier 2,Parent,Rejected
5.1,512,844112,790847,North,Male,Himachal Pradesh,28,Law,Tier 2,Parent,Approved
6.69,648,988547,396863,West,Male,Maharashtra,22,Science,Tier 2,Parent,Approved
7.68,511,526813,1046844,Central,Female,Madhya Pradesh,24,Engineering,Tier 2,Parent,Rejected
7.62,588,853067,1301132,North,Female,Haryana,20,Engineering,Tier 2,Parent,Approved
5.0,550,417430,233840,Central,Female,Chhattisgarh,20,Science,Tier 2,Parent,Rejected
6.6,637,750008,1099381,West,Female,Gujarat,23,Business,Tier 3,Sibling,Approved
7.85,566,793697,629548,West,Male,Rajasthan,21,Medical,Tier 1,Parent,Approved
6.61,510,649531,590048,North,Female,Uttarakhand,19,Business,Tier 2,Parent,Approved
7.87,492,755217,1175747,North,Female,Uttarakhand,20,Business,Tier 2,Parent,Rejected
5.62,573,424134,706671,Central,Male,Madhya Pradesh,27,Business,Tier 3,None,Rejected
9.48,590,942920,1394757,North,Female,Punjab,21,Medical,Tier 2,None,Approved
5.47,529,553697,1623844,North,Male,Uttarakhand,20,Medical,Tier 3,Parent,Approved
6.76,566,340784,336495,North,Male,Punjab,27,Arts,Tier 2,Parent,Approved
9.03,630,848436,1666505,North,Female,Himachal Pradesh,28,Medical,Tier 1,Relative,Approved
7.63,522,750081,638728,North,Female,Haryana,20,Business,Tier 2,Sibling,Approved
7.95,600,702566,278911,West,Male,Gujarat,27,Business,Tier 1,Parent,Approved
6.3,488,430752,1032468,North,Female,Punjab,25,Business,Tier 3,Parent,Rejected
7.78,631,657461,247173,North,Male,Himachal Pradesh,28,Business,Tier 2,Parent,Approved
7.19,569,1289714,1756549,West,Female,Goa,22,Business,Tier 3,None,Approved
8.04,453,846359,628589,South,Male,Karnataka,19,Science,Tier 3,None,Rejected
6.67,630,200000,570579,South,Male,Andhra Pradesh,27,Engineering,Tier 2,None,Approved
8.65,573,730391,1419408,West,Female,Rajasthan,20,Business,Tier 1,Parent,Approved
7.59,562,200000,527829,South,Male,Karnataka,25,Engineering,Tier 3,Parent,Approved
7.37,547,527474,1158209,East,Male,Bihar,22,Engineering,Tier 3,Parent,Approved
7.77,517,514219,100000,West,Female,Goa,25,Arts,Tier 1,Parent,Approved
7.68,508,389360,915297,North,Male,Haryana,28,Engineering,Tier 2,None,Rejected
7.72,627,752581,512870,South,Female,Karnataka,27,Science,Tier 1,Relative,Approved
9.11,578,1197412,1639707,West,Female,Goa,28,Engineering,Tier 2,None,Approved
9.93,537,937167,1620230,North,Male,Delhi,25,Law,Tier 1,Relative,Rejected
7.84,682,1211411,918433,South,Female,Telangana,22,Engineering,Tier 3,Parent,Approved
8.73,544,592635,1517061,North,Male,Uttarakhand,22,Medical,Tier 1,Parent,Rejected
8.74,480,774816,1043789,North,Female,Uttarakhand,25,Science,Tier 2,None,Rejected
7.01,648,930778,908260,West,Male,Goa,27,Engineering,Tier 2,Parent,Approved
9.99,514,1127069,1855116,South,Male,Telangana,28,Business,Tier 2,None,Approved
8.85,580,651441,1682203,East,Male,Odisha,28,Medical,Tier 1,Sibling,Approved
5.0,657,966133,1261776,East,Male,Bihar,27,Engineering,Tier 3,Sibling,Approved
6.07,618,1096858,1830921,West,Male,Rajasthan,25,Medical,Tier 3,Relative,Approved
7.98,497,367019,421514,South,Male,Karnataka,23,Business,Tier 1,Relative,Approved
9.17,606,487634,1969023,Central,Female,Chhattisgarh,20,Medical,Tier 1,Parent,Rejected
7.02,552,441905,891433,South,Female,Tamil Nadu,24,Business,Tier 3,Parent,Approved
7.22,530,200000,542486,Central,Female,Uttar Pradesh,22,Business,Tier 2,Parent,Approved
5.0,594,497729,1351027,West,Male,Gujarat,21,Business,Tier 2,Parent,Approved
7.79,610,759801,567052,North,Male,Haryana,26,Arts,Tier 2,None,Approved
8.1,647,772557,528951,South,Female,Karnataka,20,Engineering,Tier 2,Sibling,Approved
6.65,572,683794,1614764,North,Female,Punjab,27,Medical,Tier 2,Parent,Rejected
8.34,611,338574,1929168,East,Female,Bihar,25,Medical,Tier 2,Parent,Approved
6.28,455,713450,250006,West,Female,Rajasthan,23,Science,Tier 2,Parent,Approved
7.36,513,736506,1520339,North,Male,Haryana,28,Engineering,Tier 1,None,Approved
8.08,593,330025,342373,South,Female,Telangana,25,Business,Tier 2,Parent,Approved
9.63,720,200000,1761342,West,Female,Goa,26,Medical,Tier 1,Parent,Approved
6.51,402,1252875,1522352,West,Female,Goa,24,Business,Tier 2,Relative,Rejected
7.9,555,611291,345928,Central,Female,Madhya Pradesh,22,Engineering,Tier 1,Sibling,Approved
6.64,578,1340153,581051,South,Male,Andhra Pradesh,18,Science,Tier 2,Parent,Approved
8.17,773,1121813,1502263,West,Male,Gujarat,24,Engineering,Tier 2,Sibling,Approved
7.45,457,803802,876805,South,Female,Karnataka,26,Engineering,Tier 1,Relative,Rejected
8.46,653,1174078,848194,North,Male,Haryana,24,Science,Tier 3,None,Approved
7.59,651,200000,100000,East,Female,Bihar,27,Law,Tier 2,Relative,Approved
7.73,601,641305,1302904,South,Female,Andhra Pradesh,20,Engineering,Tier 2,Parent,Rejected
7.41,603,566161,774240,West,Male,Rajasthan,26,Engineering,Tier 2,Parent,Approved
6.7,537,677613,795322,West,Female,Gujarat,19,Business,Tier 3,Parent,Approved
6.72,535,527556,1747690,South,Female,Tamil Nadu,20,Medical,Tier 1,Parent,Rejected
8.6,667,600748,642527,North,Male,Himachal Pradesh,27,Arts,Tier 2,None,Rejected
7.07,567,776570,1655365,Central,Female,Chhattisgarh,20,Medical,Tier 2,Parent,Rejected
8.6,585,915554,1295413,North,Male,Punjab,24,Business,Tier 1,Sibling,Approved
7.7,617,638276,233130,East,Female,Odisha,19,Business,Tier 3,Parent,Approved
8.5,554,439239,1316385,East,Female,Jharkhand,23,Medical,Tier 1,Parent,Approved
6.55,471,839666,824992,North,Female,Delhi,22,Engineering,Tier 3,Parent,Approved
7.15,654,716095,890526,North,Female,Delhi,22,Engineering,Tier 3,None,Approved
5.97,613,673781,2070331,East,Female,West Bengal,28,Medical,Tier 3,Sibling,Rejected
6.86,555,829700,727522,East,Female,Jharkhand,28,Engineering,Tier 2,Relative,Approved
7.0,733,772944,2632080,West,Female,Maharashtra,27,Architecture,Tier 3,Relative,Rejected
7.3,523,1071655,560782,South,Male,Tamil Nadu,22,Science,Tier 2,Parent,Approved
8.07,712,662667,1189037,West,Female,Rajasthan,27,Law,Tier 1,Parent,Approved
6.53,671,676128,996387,East,Male,West Bengal,25,Business,Tier 3,Relative,Rejected
8.4,655,916859,3000000,South,Female,Kerala,24,Architecture,Tier 2,Sibling,Rejected
6.46,606,1428681,460056,South,Male,Tamil Nadu,19,Science,Tier 3,Parent,Approved
8.01,601,634144,586996,West,Male,Goa,26,Science,Tier 1,Parent,Approved
5.98,609,861093,1308736,Central,Female,Chhattisgarh,28,Medical,Tier 3,Parent,Rejected
6.39,503,1049334,2823608,West,Male,Rajasthan,19,Medical,Tier 3,Parent,Rejected
7.92,589,200000,808934,South,Male,Karnataka,19,Business,Tier 2,Parent,Approved
9.49,697,605312,708067,North,Male,Haryana,20,Engineering,Tier 1,Relative,Approved
8.24,613,200000,564719,East,Male,Assam,20,Arts,Tier 1,Sibling,Approved
7.62,621,1015231,1196335,South,Male,Telangana,25,Business,Tier 1,Relative,Approved
9.44,606,987091,100000,South,Male,Karnataka,20,Business,Tier 1,None,Approved
7.43,572,241261,748908,South,Male,Tamil Nadu,26,Business,Tier 2,Parent,Rejected
5.24,655,660897,1047371,North,Male,Haryana,23,Medical,Tier 3,Sibling,Rejected
7.66,595,777126,862736,South,Female,Kerala,23,Business,Tier 2,Parent,Rejected
8.14,544,589510,959453,South,Male,Tamil Nadu,19,Medical,Tier 1,Parent,Approved
10.0,568,424605,630872,North,Male,Punjab,25,Science,Tier 1,None,Approved
8.09,516,1061020,1589663,West,Male,Goa,19,Medical,Tier 1,Parent,Approved
7.66,542,909044,608108,North,Female,Uttarakhand,22,Science,Tier 1,Parent,Approved
5.77,528,1031067,1178731,West,Male,Goa,26,Science,Tier 3,Parent,Rejected
7.25,539,266455,708498,North,Female,Uttarakhand,21,Engineering,Tier 3,Parent,Rejected
6.84,663,625087,276305,East,Male,Assam,25,Science,Tier 2,None,Approved
6.89,641,449586,829667,North,Male,Punjab,23,Medical,Tier 3,Parent,Rejected
7.28,498,646461,1318979,West,Female,Gujarat,25,Business,Tier 2,None,Rejected
7.99,639,200000,1320196,West,Male,Rajasthan,27,Medical,Tier 2,Sibling,Rejected
6.32,573,956702,274589,North,Male,Uttarakhand,23,Science,Tier 3,Parent,Rejected
9.49,726,623964,1886558,North,Female,Uttarakhand,27,Medical,Tier 2,Parent,Approved
7.58,526,643596,1704223,East,Female,West Bengal,24,Medical,Tier 2,Parent,Approved
7.26,588,610682,1944966,West,Female,Maharashtra,18,Medical,Tier 1,Parent,Approved
7.94,601,461853,845892,West,Female,Gujarat,21,Architecture,Tier 1,Parent,Approved
5.0,665,1449939,1739572,South,Male,Kerala,26,Engineering,Tier 3,Parent,Approved
8.05,655,566406,100000,South,Female,Telangana,19,Business,Tier 2,Parent,Approved
9.0,605,1077842,208396,North,Male,Uttarakhand,28,Science,Tier 2,Parent,Rejected
6.4,610,732422,200142,West,Male,Goa,24,Science,Tier 2,Sibling,Approved
6.97,627,427785,1018454,West,Female,Maharashtra,22,Engineering,Tier 2,Parent,Rejected
7.91,553,968823,1390201,North,Male,Uttarakhand,22,Engineering,Tier 2,Sibling,Approved
7.55,628,670067,265956,North,Male,Himachal Pradesh,26,Business,Tier 2,Parent,Approved
9.84,615,489444,2000626,South,Female,Telangana,24,Medical,Tier 2,Parent,Approved
7.11,518,742627,1393799,South,Male,Kerala,22,Business,Tier 2,Parent,Approved
7.71,526,696554,510397,North,Female,Haryana,21,Arts,Tier 1,Parent,Approved
7.34,464,410506,1955548,North,Female,Punjab,27,Medical,Tier 2,Parent,Rejected
8.49,587,1277812,903208,South,Male,Telangana,26,Engineering,Tier 1,Parent,Approved
6.31,470,288546,821424,South,Male,Telangana,23,Medical,Tier 3,Parent,Rejected
9.1,655,1060471,2668844,West,Male,Maharashtra,20,Medical,Tier 2,Sibling,Approved
8.06,705,931544,407588,South,Male,Karnataka,21,Arts,Tier 1,Parent,Approved
8.5,564,632602,1040758,North,Male,Himachal Pradesh,20,Business,Tier 2,Sibling,Rejected
6.45,706,749392,760240,Central,Female,Uttar Pradesh,28,Arts,Tier 2,Sibling,Rejected
5.28,546,353167,461299,East,Male,West Bengal,26,Arts,Tier 2,Sibling,Rejected
9.15,593,575441,737871,East,Male,Jharkhand,24,Business,Tier 2,Parent,Approved
7.43,445,1302271,1136955,North,Female,Himachal Pradesh,27,Architecture,Tier 1,Relative,Rejected
8.16,697,955783,483797,South,Female,Karnataka,28,Business,Tier 2,Sibling,Approved
5.0,473,644735,753562,South,Female,Telangana,27,Business,Tier 3,Relative,Rejected
6.97,537,325931,749562,North,Male,Haryana,22,Engineering,Tier 1,None,Approved
9.39,593,698050,385708,East,Female,Assam,22,Law,Tier 2,Sibling,Approved
9.62,608,399068,579036,Central,Male,Chhattisgarh,28,Business,Tier 1,Relative,Approved
9.26,639,785689,100000,North,Female,Delhi,25,Business,Tier 3,Parent,Approved
9.16,477,1148077,1660063,South,Female,Karnataka,22,Business,Tier 2,Sibling,Rejected
8.5,583,800174,435283,South,Female,Karnataka,23,Business,Tier 3,Relative,Approved
7.42,457,662693,1311471,West,Male,Gujarat,28,Medical,Tier 1,None,Approved
7.78,579,912530,983980,East,Female,Odisha,25,Engineering,Tier 2,Parent,Approved
8.54,537,612302,600705,Central,Female,Chhattisgarh,23,Science,Tier 1,Relative,Approved
8.26,610,457890,383256,Central,Female,Chhattisgarh,28,Science,Tier 1,Sibling,Approved
9.65,690,854419,671715,West,Male,Rajasthan,23,Science,Tier 1,Parent,Approved
5.54,530,934536,2082910,South,Other,Andhra Pradesh,26,Medical,Tier 3,Sibling,Rejected
6.33,497,925351,891935,South,Male,Tamil Nadu,24,Business,Tier 2,Relative,Approved
8.4,562,1010344,1323863,South,Male,Telangana,18,Medical,Tier 2,Parent,Rejected
6.6,361,881879,1494979,West,Female,Rajasthan,25,Medical,Tier 3,Sibling,Rejected
6.94,421,516594,414366,East,Female,Odisha,20,Science,Tier 3,Parent,Approved
6.97,540,594413,2040375,East,Male,Odisha,25,Medical,Tier 3,Sibling,Rejected
6.69,512,447943,1159406,South,Female,Kerala,27,Engineering,Tier 1,Relative,Rejected
10.0,644,813511,1286078,Central,Female,Madhya Pradesh,25,Medical,Tier 2,Sibling,Approved
6.16,469,723028,743987,East,Male,West Bengal,18,Medical,Tier 3,Parent,Approved
9.3,610,741664,1300092,West,Male,Maharashtra,20,Engineering,Tier 2,Parent,Approved
7.31,468,559984,670173,West,Female,Maharashtra,23,Arts,Tier 2,Parent,Rejected
7.88,505,1031058,1262590,South,Male,Kerala,24,Medical,Tier 2,Parent,Approved
7.51,729,656962,100000,East,Male,Odisha,23,Science,Tier 2,None,Approved
7.94,631,532000,1582311,North,Female,Punjab,21,Business,Tier 1,Parent,Approved
9.97,557,239785,830478,South,Female,Karnataka,23,Engineering,Tier 1,Parent,Approved
7.51,641,524368,1908408,South,Male,Andhra Pradesh,22,Architecture,Tier 3,Parent,Approved
6.67,653,925294,577900,West,Female,Rajasthan,27,Arts,Tier 1,Relative,Approved
9.06,544,606586,467603,West,Female,Rajasthan,24,Science,Tier 2,Parent,Approved
5.94,529,946010,711043,West,Female,Rajasthan,23,Engineering,Tier 2,None,Approved
8.79,568,491673,1430837,Central,Male,Uttar Pradesh,25,Medical,Tier 2,Parent,Approved
7.27,625,778897,1274682,North,Male,Haryana,24,Architecture,Tier 2,Sibling,Approved
5.48,535,1341573,2250636,North,Male,Haryana,22,Medical,Tier 2,Parent,Rejected
5.66,687,1075212,1958446,South,Female,Telangana,25,Engineering,Tier 3,Sibling,Rejected
8.16,503,720486,2012461,Central,Female,Chhattisgarh,28,Medical,Tier 2,None,Approved
7.83,529,733103,1375539,South,Female,Tamil Nadu,20,Medical,Tier 1,Parent,Approved
5.0,543,669916,836104,South,Female,Karnataka,28,Business,Tier 3,Parent,Approved
6.76,636,495670,311755,North,Male,Uttarakhand,27,Arts,Tier 2,Parent,Approved
8.11,566,449879,1311377,South,Female,Tamil Nadu,18,Medical,Tier 2,Parent,Rejected
6.09,506,649438,933630,West,Female,Rajasthan,19,Engineering,Tier 3,Parent,Rejected
8.08,556,609649,960398,South,Female,Karnataka,19,Business,Tier 1,Parent,Approved
7.39,450,295037,730120,Central,Male,Chhattisgarh,19,Business,Tier 2,Sibling,Rejected
8.26,569,800691,1153608,West,Male,Goa,21,Engineering,Tier 1,Sibling,Approved
6.56,573,1065546,1090284,West,Male,Gujarat,25,Engineering,Tier 3,None,Rejected
7.67,689,1135911,2259497,South,Male,Andhra Pradesh,28,Medical,Tier 2,Sibling,Rejected
5.0,617,1068954,683992,West,Male,Rajasthan,24,Arts,Tier 3,Parent,Approved
7.51,552,705249,785918,East,Male,Assam,26,Business,Tier 2,Sibling,Approved
8.04,571,996828,632933,West,Female,Gujarat,26,Arts,Tier 1,Parent,Rejected
8.15,663,200000,1627260,North,Female,Punjab,18,Architecture,Tier 1,Sibling,Approved
8.41,572,963565,1036685,West,Female,Rajasthan,20,Science,Tier 1,Parent,Approved
6.95,664,905320,1623188,North,Male,Himachal Pradesh,19,Engineering,Tier 3,Parent,Approved
5.0,436,499816,620712,East,Male,West Bengal,20,Business,Tier 3,Parent,Rejected
7.73,631,1219546,1145919,East,Male,Bihar,24,Science,Tier 3,Sibling,Approved
5.47,482,687887,1279262,North,Male,Uttarakhand,27,Law,Tier 3,Parent,Rejected
6.1,584,412909,249559,West,Female,Rajasthan,28,Science,Tier 3,Relative,Approved
7.58,713,224658,835521,East,Female,Assam,23,Engineering,Tier 3,Parent,Approved
9.98,549,657545,762119,West,Female,Gujarat,19,Science,Tier 2,Parent,Approved
8.65,513,778722,912398,West,Male,Gujarat,27,Engineering,Tier 2,Sibling,Approved
8.27,516,978631,508628,North,Male,Punjab,22,Science,Tier 1,Parent,Approved
9.4,636,805069,2634130,West,Female,Rajasthan,18,Medical,Tier 1,Parent,Approved
8.42,558,1282373,1450121,South,Male,Kerala,22,Engineering,Tier 1,Sibling,Approved
8.75,640,1061824,963458,South,Male,Telangana,28,Science,Tier 3,Relative,Approved
9.29,576,522216,352282,West,Female,Gujarat,23,Science,Tier 2,Sibling,Approved
7.97,697,200000,634575,West,Female,Rajasthan,24,Business,Tier 3,Sibling,Rejected
9.4,624,296580,539425,West,Male,Rajasthan,22,Arts,Tier 1,Sibling,Approved
7.81,579,1011719,1385491,South,Male,Telangana,23,Engineering,Tier 1,Parent,Approved
7.93,698,773364,780274,North,Male,Delhi,20,Medical,Tier 1,Parent,Approved
10.0,572,673393,1415478,North,Male,Haryana,21,Medical,Tier 2,Parent,Rejected
7.0,457,873417,887929,Central,Male,Uttar Pradesh,20,Engineering,Tier 3,Parent,Approved
6.84,564,752121,347128,East,Female,Odisha,27,Science,Tier 2,Parent,Approved
8.66,638,1265124,386402,North,Male,Uttarakhand,26,Arts,Tier 3,Sibling,Approved
5.95,469,200000,1043168,South,Female,Kerala,24,Business,Tier 3,Parent,Rejected
8.85,761,1277840,1021987,North,Male,Delhi,24,Arts,Tier 1,Sibling,Approved
5.0,549,793178,917425,West,Female,Rajasthan,18,Science,Tier 3,Parent,Rejected
8.31,529,1188759,1000742,South,Female,Tamil Nadu,25,Business,Tier 2,Parent,Approved
6.05,579,1148545,751652,West,Male,Maharashtra,23,Science,Tier 2,Parent,Rejected
9.17,574,709711,811376,West,Male,Rajasthan,25,Arts,Tier 2,Relative,Approved
8.26,552,691342,251822,South,Female,Karnataka,21,Engineering,Tier 3,Parent,Approved
7.52,595,639755,1635600,Central,Male,Madhya Pradesh,22,Medical,Tier 2,Parent,Approved
7.89,438,729063,1520585,North,Female,Uttarakhand,24,Engineering,Tier 1,Parent,Rejected
6.79,631,918783,425041,East,Female,Assam,24,Science,Tier 2,Sibling,Approved
9.25,608,791402,1139103,South,Female,Tamil Nadu,26,Business,Tier 3,Parent,Approved
6.5,572,774990,1504979,South,Other,Tamil Nadu,25,Engineering,Tier 3,Parent,Rejected
7.53,510,812473,779266,West,Female,Maharashtra,20,Engineering,Tier 2,Parent,Approved
7.64,630,1297621,922189,South,Female,Andhra Pradesh,19,Business,Tier 2,Parent,Approved
9.15,487,784221,2206778,South,Female,Tamil Nadu,20,Medical,Tier 1,Parent,Rejected
9.0,680,634171,1124459,West,Male,Goa,24,Business,Tier 1,Parent,Approved
9.01,621,397665,417390,North,Male,Uttarakhand,18,Engineering,Tier 1,Sibling,Approved
9.21,773,779197,546421,East,Male,Odisha,27,Business,Tier 1,Parent,Approved
5.02,443,643527,166710,Central,Male,Uttar Pradesh,24,Science,Tier 3,Parent,Approved
7.3,664,848394,635674,North,Female,Haryana,28,Business,Tier 3,Parent,Approved
7.75,542,733657,937220,South,Male,Tamil Nadu,20,Engineering,Tier 2,None,Approved
8.55,545,1002346,469718,South,Female,Karnataka,27,Business,Tier 3,Relative,Approved
9.48,613,447758,621038,North,Male,Himachal Pradesh,22,Engineering,Tier 1,Parent,Approved
8.59,607,846442,1390319,North,Male,Delhi,18,Business,Tier 2,Parent,Rejected
10.0,615,1275774,976147,South,Male,Andhra Pradesh,23,Engineering,Tier 1,Parent,Approved
7.83,564,318415,1141146,East,Male,Odisha,28,Engineering,Tier 1,Relative,Approved
5.85,582,360266,473824,North,Female,Haryana,20,Business,Tier 3,Sibling,Approved
7.65,650,539659,343537,Central,Male,Uttar Pradesh,23,Science,Tier 1,Parent,Approved
9.34,677,455007,407942,South,Female,Andhra Pradesh,18,Medical,Tier 3,Parent,Approved
7.82,520,870553,1060933,South,Female,Andhra Pradesh,18,Engineering,Tier 1,Parent,Rejected
7.64,555,691329,733874,South,Female,Karnataka,28,Business,Tier 2,Parent,Approved
8.33,632,899068,572769,West,Female,Gujarat,25,Science,Tier 2,Parent,Approved
7.04,567,868740,1567545,West,Male,Goa,18,Engineering,Tier 2,Relative,Approved
5.0,510,323438,796571,West,Male,Maharashtra,25,Engineering,Tier 2,Sibling,Approved
7.11,470,1050593,575966,North,Male,Himachal Pradesh,18,Business,Tier 1,None,Approved
5.46,556,683423,819705,North,Male,Haryana,20,Engineering,Tier 3,Parent,Approved
7.29,553,651952,352318,South,Female,Telangana,25,Science,Tier 3,Sibling,Approved
9.26,616,1166036,744382,West,Female,Maharashtra,28,Business,Tier 1,Relative,Approved
5.5,604,846816,1419160,West,Female,Rajasthan,21,Engineering,Tier 2,Parent,Approved
7.36,565,647910,1174466,Central,Female,Madhya Pradesh,20,Engineering,Tier 3,Parent,Approved
9.77,535,435013,1114440,Central,Male,Uttar Pradesh,24,Business,Tier 1,Parent,Approved
8.93,615,1044376,1400669,South,Male,Andhra Pradesh,18,Medical,Tier 1,Parent,Approved
6.17,449,943919,641411,North,Male,Punjab,19,Engineering,Tier 3,Parent,Approved
7.74,595,1483276,891846,West,Male,Goa,18,Engineering,Tier 2,Parent,Approved
8.65,685,348031,224742,South,Female,Telangana,21,Science,Tier 2,Parent,Approved
7.19,432,1380150,2935735,South,Male,Tamil Nadu,23,Architecture,Tier 2,Parent,Approved
9.69,571,659694,683067,Central,Female,Chhattisgarh,19,Engineering,Tier 2,Parent,Approved
7.8,476,496821,1778308,South,Female,Andhra Pradesh,21,Medical,Tier 3,Parent,Rejected
5.0,446,914436,1149736,North,Female,Himachal Pradesh,27,Business,Tier 3,None,Rejected
6.41,641,827146,709122,West,Female,Maharashtra,27,Science,Tier 3,Relative,Rejected
6.03,494,404727,1316883,Central,Male,Madhya Pradesh,25,Engineering,Tier 3,Parent,Rejected
8.57,709,923058,1959941,East,Female,Assam,22,Medical,Tier 2,Parent,Approved
5.0,440,477622,1810975,South,Male,Andhra Pradesh,19,Medical,Tier 2,Relative,Rejected
8.73,743,640026,859608,Central,Male,Madhya Pradesh,20,Business,Tier 1,Parent,Approved
6.0,466,1305013,536452,South,Male,Andhra Pradesh,18,Engineering,Tier 2,Parent,Approved
8.68,494,1015876,1029314,West,Female,Rajasthan,27,Engineering,Tier 2,Relative,Approved
8.97,560,648549,1291507,North,Male,Uttarakhand,24,Business,Tier 2,Parent,Approved
9.66,605,1040077,718192,West,Male,Gujarat,19,Business,Tier 1,None,Approved
8.84,661,624188,958238,South,Female,Kerala,18,Business,Tier 2,Parent,Approved
6.24,465,1524197,2681955,South,Male,Telangana,19,Architecture,Tier 3,Parent,Rejected
6.27,548,242089,536388,South,Male,Kerala,23,Business,Tier 2,Relative,Rejected
7.23,570,406841,1261961,West,Male,Goa,23,Law,Tier 1,Parent,Rejected
7.86,646,1006214,1354286,North,Male,Punjab,21,Medical,Tier 1,Parent,Approved
8.38,656,777895,583275,North,Male,Himachal Pradesh,24,Business,Tier 2,Sibling,Approved
5.78,551,1011067,604415,West,Female,Goa,26,Business,Tier 3,Parent,Approved
6.14,561,200000,586250,South,Male,Kerala,22,Business,Tier 2,Relative,Approved
6.45,648,682745,582741,West,Female,Rajasthan,25,Arts,Tier 2,Parent,Approved
7.86,560,946023,1086048,West,Male,Gujarat,23,Engineering,Tier 1,Parent,Rejected
6.09,504,1385219,2476234,South,Female,Kerala,21,Medical,Tier 2,Parent,Rejected
5.28,559,890869,923109,North,Female,Uttarakhand,27,Law,Tier 2,Sibling,Approved
7.15,544,408316,579451,South,Female,Kerala,21,Arts,Tier 2,None,Approved
8.43,517,542874,595708,South,Male,Andhra Pradesh,18,Engineering,Tier 1,Parent,Approved
6.92,481,945038,1234170,West,Female,Maharashtra,21,Law,Tier 2,Parent,Approved
5.53,567,200000,763960,South,Male,Kerala,22,Arts,Tier 3,Parent,Rejected
9.56,535,826695,777663,West,Other,Rajasthan,26,Engineering,Tier 1,Parent,Approved
8.25,607,1129487,1133277,South,Other,Andhra Pradesh,18,Engineering,Tier 1,Sibling,Approved
7.59,624,475318,973014,North,Female,Himachal Pradesh,26,Business,Tier 1,Parent,Approved
6.22,424,864381,906439,South,Male,Telangana,26,Engineering,Tier 3,Parent,Rejected
6.67,667,610714,686744,South,Female,Karnataka,19,Medical,Tier 3,Relative,Approved
6.8,569,797280,900909,Central,Male,Chhattisgarh,22,Engineering,Tier 2,Parent,Approved
10.0,657,1112126,729004,East,Female,West Bengal,23,Engineering,Tier 3,Parent,Approved
8.56,655,829115,1178997,West,Female,Maharashtra,22,Medical,Tier 1,Parent,Approved
8.62,692,1030851,1760844,North,Female,Uttarakhand,28,Medical,Tier 3,Parent,Approved
6.76,608,665908,915656,West,Female,Gujarat,19,Engineering,Tier 3,None,Approved
8.91,592,506040,1058788,East,Male,Jharkhand,18,Architecture,Tier 1,Sibling,Approved
8.42,588,843949,777501,North,Male,Uttarakhand,28,Arts,Tier 1,None,Approved
8.49,532,1029544,1048637,South,Female,Telangana,22,Engineering,Tier 2,None,Rejected
7.57,461,759456,1121911,Central,Male,Chhattisgarh,28,Engineering,Tier 2,Sibling,Rejected
7.17,609,962257,1486051,North,Female,Himachal Pradesh,19,Medical,Tier 2,None,Approved
5.76,507,1005095,1866735,North,Female,Haryana,25,Medical,Tier 2,Parent,Rejected
7.65,575,563867,155110,West,Female,Goa,18,Business,Tier 1,Sibling,Approved
6.33,528,745777,1042675,Central,Female,Chhattisgarh,24,Engineering,Tier 2,Parent,Approved
7.43,492,716512,1169232,East,Male,Odisha,28,Engineering,Tier 3,Parent,Approved
8.56,559,1408931,954613,West,Female,Maharashtra,23,Engineering,Tier 1,Parent,Approved
8.21,699,502617,693183,South,Male,Andhra Pradesh,24,Engineering,Tier 2,Parent,Approved
6.8,507,859953,554500,South,Male,Andhra Pradesh,23,Engineering,Tier 3,Parent,Approved
6.44,570,397884,837409,East,Female,Jharkhand,18,Business,Tier 3,Parent,Rejected
8.59,605,681912,1066472,South,Male,Kerala,23,Engineering,Tier 1,Parent,Approved
7.32,534,530515,619358,North,Male,Delhi,24,Arts,Tier 2,Parent,Approved
7.88,641,200000,532231,East,Male,Odisha,25,Science,Tier 2,Sibling,Rejected
6.16,437,511571,673992,North,Male,Himachal Pradesh,24,Business,Tier 2,Sibling,Rejected
8.07,569,868553,1464733,South,Male,Tamil Nadu,20,Medical,Tier 3,Parent,Rejected
9.42,647,696097,2350920,South,Female,Karnataka,20,Medical,Tier 3,Sibling,Rejected
7.61,604,323221,563201,Central,Male,Chhattisgarh,22,Arts,Tier 1,Parent,Approved
7.12,632,517807,566339,Central,Male,Uttar Pradesh,23,Business,Tier 1,Parent,Approved
8.67,516,863046,1962767,West,Female,Rajasthan,27,Medical,Tier 3,Parent,Rejected
7.23,573,337882,754381,East,Female,Odisha,25,Engineering,Tier 3,Relative,Approved
5.0,485,1002536,321295,South,Male,Karnataka,23,Science,Tier 2,Relative,Rejected
7.87,505,725981,895179,North,Female,Uttarakhand,20,Law,Tier 1,Parent,Approved
10.0,624,716189,630164,South,Male,Telangana,20,Science,Tier 2,Parent,Approved
5.0,592,986138,467346,North,Male,Punjab,22,Engineering,Tier 2,Parent,Approved
8.76,589,384337,941758,East,Female,West Bengal,22,Business,Tier 3,Sibling,Approved
7.24,575,578238,714295,East,Other,Bihar,23,Engineering,Tier 1,Sibling,Approved
7.33,632,623465,1054409,North,Male,Delhi,26,Business,Tier 3,Relative,Approved
7.05,637,364058,729062,East,Male,Jharkhand,18,Business,Tier 1,Parent,Approved
8.42,451,1028632,446864,West,Male,Goa,20,Science,Tier 2,Parent,Approved
7.6,617,679528,1219713,North,Female,Haryana,25,Business,Tier 3,None,Rejected
6.15,607,458308,1664260,Central,Female,Madhya Pradesh,27,Medical,Tier 2,Sibling,Rejected
8.68,539,1336694,2007182,West,Female,Maharashtra,22,Medical,Tier 3,Relative,Approved
9.11,681,863137,734213,West,Female,Maharashtra,22,Engineering,Tier 2,Parent,Approved
9.55,677,1083079,2680645,West,Female,Goa,22,Medical,Tier 3,Relative,Approved
8.55,520,200000,923536,East,Female,Jharkhand,19,Business,Tier 1,None,Approved
6.61,476,665161,1690028,South,Male,Andhra Pradesh,21,Medical,Tier 3,Parent,Approved
7.42,622,1121733,1188191,South,Female,Andhra Pradesh,26,Medical,Tier 2,Sibling,Approved
8.47,466,393430,698598,Central,Male,Uttar Pradesh,23,Science,Tier 3,Relative,Approved
7.19,519,622313,762841,West,Male,Gujarat,20,Engineering,Tier 2,Parent,Approved
5.36,480,824698,748130,West,Male,Gujarat,19,Engineering,Tier 3,Parent,Rejected
8.65,516,923023,871049,South,Female,Tamil Nadu,20,Business,Tier 1,Parent,Approved
6.93,600,497777,1002315,Central,Female,Uttar Pradesh,24,Engineering,Tier 3,Parent,Rejected
5.1,471,911881,914901,West,Male,Gujarat,28,Engineering,Tier 2,Parent,Approved
7.78,519,462539,2867829,East,Male,Odisha,27,Medical,Tier 1,None,Approved
8.37,548,341490,241105,East,Female,West Bengal,23,Business,Tier 2,Relative,Approved
9.07,728,1110075,496904,West,Male,Gujarat,25,Engineering,Tier 3,Sibling,Approved
8.16,634,576272,475601,South,Male,Telangana,20,Science,Tier 2,Parent,Approved
8.53,653,381924,373272,South,Male,Andhra Pradesh,20,Science,Tier 1,Parent,Approved
6.96,616,970167,981442,South,Male,Telangana,27,Engineering,Tier 2,None,Approved
8.23,554,200000,803373,South,Male,Kerala,18,Engineering,Tier 1,Parent,Rejected
8.09,651,568050,522390,East,Male,West Bengal,23,Law,Tier 1,Parent,Approved
8.71,646,992163,469270,North,Female,Uttarakhand,25,Engineering,Tier 1,Relative,Approved
6.63,649,506841,1487871,East,Male,Assam,23,Law,Tier 2,Sibling,Rejected
7.36,533,553653,425725,Central,Female,Uttar Pradesh,26,Law,Tier 2,Relative,Approved
7.97,581,524119,475652,North,Female,Haryana,24,Science,Tier 2,Relative,Approved
7.73,504,1186230,1603843,West,Female,Rajasthan,28,Medical,Tier 1,Parent,Approved
9.08,607,620040,214656,East,Female,Assam,25,Engineering,Tier 1,None,Approved
5.0,500,1055541,352046,West,Female,Rajasthan,23,Science,Tier 3,Parent,Approved
7.1,568,912685,1050940,East,Male,Bihar,22,Engineering,Tier 2,Relative,Approved
7.56,598,775600,1217648,West,Male,Gujarat,19,Business,Tier 1,Parent,Approved
6.79,631,477623,1274597,South,Male,Andhra Pradesh,19,Medical,Tier 2,Parent,Rejected
7.12,582,1158554,608724,South,Male,Andhra Pradesh,23,Science,Tier 1,Parent,Approved
8.95,457,908482,500963,South,Male,Telangana,28,Engineering,Tier 1,Parent,Approved
6.57,579,304317,1963222,Central,Female,Chhattisgarh,24,Architecture,Tier 3,Parent,Approved
5.52,557,249400,645994,South,Female,Karnataka,18,Arts,Tier 3,Parent,Rejected
9.04,476,200000,951068,North,Female,Haryana,22,Engineering,Tier 2,Relative,Rejected
8.53,665,1120646,1924585,North,Female,Haryana,19,Architecture,Tier 2,Parent,Approved
7.86,637,765554,889685,South,Male,Tamil Nadu,22,Arts,Tier 1,None,Approved
8.63,578,200000,693941,East,Male,Odisha,28,Business,Tier 3,Parent,Approved
7.2,634,706290,1216516,North,Female,Delhi,18,Business,Tier 1,Sibling,Approved
7.45,547,998426,1359671,West,Female,Goa,19,Medical,Tier 1,Parent,Approved
7.68,639,459971,992221,West,Male,Goa,21,Engineering,Tier 3,Parent,Rejected
6.79,519,1136703,2416265,Central,Female,Uttar Pradesh,23,Medical,Tier 2,Parent,Rejected
7.4,679,347389,621625,East,Female,Jharkhand,27,Science,Tier 3,None,Rejected
8.66,569,906301,747524,West,Male,Gujarat,23,Science,Tier 2,Relative,Approved
8.18,601,798805,1728471,South,Female,Telangana,25,Architecture,Tier 1,Relative,Approved
6.41,556,200000,568667,West,Male,Goa,25,Engineering,Tier 2,Sibling,Rejected
6.71,506,435005,264415,Central,Male,Chhattisgarh,24,Engineering,Tier 2,Relative,Approved
9.04,589,622507,728731,South,Female,Telangana,21,Business,Tier 1,Sibling,Approved
7.02,538,966275,2539491,North,Female,Punjab,26,Medical,Tier 2,Sibling,Approved
8.42,507,718658,530124,West,Male,Rajasthan,27,Science,Tier 2,Relative,Approved
7.35,546,382752,771001,East,Female,Bihar,19,Engineering,Tier 3,Parent,Approved
5.02,563,703617,829830,North,Male,Delhi,25,Engineering,Tier 2,Sibling,Approved
7.21,535,1094179,827691,South,Female,Karnataka,24,Science,Tier 3,Parent,Approved
7.34,466,998992,1409309,North,Female,Delhi,23,Business,Tier 3,Parent,Approved
7.99,637,370067,231714,South,Male,Tamil Nadu,21,Business,Tier 1,Parent,Approved
8.28,674,697656,986041,North,Female,Uttarakhand,25,Engineering,Tier 2,Parent,Approved
7.3,550,577078,426640,North,Male,Punjab,24,Arts,Tier 2,Parent,Approved
8.16,583,1098902,1074476,West,Female,Rajasthan,23,Arts,Tier 1,Parent,Approved
6.93,562,1181643,452629,West,Male,Maharashtra,22,Science,Tier 1,Parent,Approved
9.29,798,556528,1128357,Central,Male,Chhattisgarh,25,Medical,Tier 1,Parent,Approved
7.44,661,273085,765075,South,Female,Telangana,22,Science,Tier 2,Parent,Approved
7.56,597,427911,314365,East,Female,Odisha,28,Engineering,Tier 1,Parent,Approved
7.96,487,1165672,1536824,South,Male,Kerala,18,Engineering,Tier 1,Parent,Approved
6.74,451,737116,1389145,West,Female,Gujarat,19,Business,Tier 1,Parent,Approved
5.54,586,200000,1030039,South,Male,Tamil Nadu,24,Architecture,Tier 3,None,Approved
8.11,565,414445,284410,West,Female,Maharashtra,25,Arts,Tier 1,Sibling,Approved
10.0,588,338045,363064,East,Female,Assam,22,Arts,Tier 1,Parent,Approved
9.15,526,200000,356773,South,Female,Andhra Pradesh,18,Business,Tier 1,None,Approved
7.87,562,1312293,644428,West,Female,Rajasthan,19,Engineering,Tier 3,Parent,Approved
7.31,408,387421,1174934,West,Female,Maharashtra,22,Architecture,Tier 2,Relative,Rejected
8.13,588,1070955,2356066,West,Female,Rajasthan,19,Architecture,Tier 1,Sibling,Rejected
7.93,606,517785,426670,Central,Male,Uttar Pradesh,24,Arts,Tier 1,Parent,Approved
5.0,452,1030201,2748311,North,Male,Punjab,27,Architecture,Tier 3,None,Rejected
8.41,652,289598,1226130,South,Female,Tamil Nadu,21,Medical,Tier 1,Parent,Rejected
7.93,582,458418,1792876,South,Male,Kerala,23,Medical,Tier 1,Parent,Approved
6.87,390,1088934,1111152,North,Male,Uttarakhand,21,Arts,Tier 2,Parent,Approved
7.42,527,268007,253263,Central,Female,Madhya Pradesh,21,Science,Tier 2,Parent,Approved
5.0,574,200000,1340472,South,Male,Karnataka,22,Medical,Tier 3,Parent,Approved
7.36,491,228830,1031347,South,Female,Andhra Pradesh,27,Business,Tier 1,Parent,Approved
8.07,646,660476,612137,South,Female,Tamil Nadu,24,Engineering,Tier 2,Parent,Approved
5.91,379,448061,1346940,South,Male,Kerala,18,Business,Tier 2,Parent,Rejected
7.77,588,982242,1047274,North,Male,Delhi,25,Business,Tier 1,Parent,Approved
5.04,633,893707,708467,West,Male,Goa,18,Engineering,Tier 3,Sibling,Rejected
9.17,550,937716,703175,West,Male,Goa,26,Engineering,Tier 1,Sibling,Approved
9.1,607,928601,1080968,North,Male,Punjab,27,Engineering,Tier 1,Parent,Approved
5.0,676,484784,650893,South,Male,Andhra Pradesh,27,Business,Tier 3,Parent,Rejected
8.41,487,200000,1109453,East,Female,Assam,22,Medical,Tier 2,Parent,Rejected
5.13,513,1367620,714457,West,Male,Maharashtra,18,Engineering,Tier 3,Parent,Rejected
8.63,562,501166,1201388,Central,Female,Madhya Pradesh,22,Engineering,Tier 3,Parent,Approved
8.39,615,803063,1746409,South,Female,Andhra Pradesh,26,Medical,Tier 3,Parent,Rejected
7.69,641,740685,439411,West,Male,Goa,18,Law,Tier 3,Parent,Approved
7.81,578,672420,419492,Central,Male,Uttar Pradesh,21,Science,Tier 1,Parent,Approved
8.75,658,1039790,719862,South,Female,Kerala,21,Business,Tier 1,Parent,Approved
5.53,616,818716,846417,West,Female,Maharashtra,26,Engineering,Tier 2,None,Rejected
9.5,721,853160,1167610,West,Female,Rajasthan,25,Engineering,Tier 1,Parent,Approved
9.83,640,613110,513101,East,Female,Assam,22,Science,Tier 3,Relative,Approved
8.47,514,644781,646568,North,Female,Punjab,21,Architecture,Tier 1,Relative,Approved
10.0,672,1069951,617612,South,Female,Tamil Nadu,24,Science,Tier 2,None,Rejected
5.4,497,809507,777177,West,Male,Rajasthan,20,Engineering,Tier 3,Parent,Approved
8.88,665,222543,334466,North,Female,Punjab,25,Science,Tier 1,Parent,Approved
7.94,514,520508,596081,East,Male,Jharkhand,28,Science,Tier 1,Parent,Approved
7.6,627,471964,328268,South,Female,Andhra Pradesh,25,Engineering,Tier 2,Sibling,Approved
8.9,638,392697,1005438,East,Female,Assam,28,Business,Tier 2,Parent,Approved
8.62,572,598381,1350296,East,Male,Jharkhand,24,Medical,Tier 2,Parent,Approved
9.74,674,667411,471705,Central,Female,Madhya Pradesh,23,Science,Tier 3,Parent,Rejected
7.72,446,493789,287342,North,Female,Delhi,18,Business,Tier 1,Parent,Approved
7.86,530,448723,786335,Central,Male,Uttar Pradesh,26,Arts,Tier 3,Parent,Rejected
7.46,587,736137,781392,South,Male,Karnataka,18,Science,Tier 1,Sibling,Rejected
8.82,541,512576,389559,South,Male,Andhra Pradesh,22,Science,Tier 1,Parent,Approved
6.45,528,475306,416984,South,Male,Andhra Pradesh,18,Science,Tier 3,Parent,Approved
10.0,642,394261,637947,East,Male,Jharkhand,28,Engineering,Tier 1,None,Approved
7.31,485,678218,1083676,North,Female,Punjab,21,Engineering,Tier 1,Parent,Approved
8.15,496,810333,1008592,West,Female,Maharashtra,27,Engineering,Tier 2,Parent,Rejected
6.39,412,996918,788671,North,Female,Haryana,22,Business,Tier 2,Parent,Rejected
6.03,588,237666,276329,Central,Female,Madhya Pradesh,18,Science,Tier 2,Parent,Rejected
10.0,612,360199,506919,South,Female,Andhra Pradesh,19,Science,Tier 1,Sibling,Approved
8.39,574,541249,600434,South,Female,Andhra Pradesh,25,Medical,Tier 1,Parent,Approved
6.95,473,1097349,286745,North,Male,Haryana,23,Law,Tier 1,Parent,Approved
8.66,653,636158,638236,West,Female,Goa,28,Engineering,Tier 2,None,Approved
6.08,470,1075867,874900,East,Male,West Bengal,25,Business,Tier 3,None,Rejected
7.19,615,493555,736950,South,Female,Kerala,22,Business,Tier 2,Parent,Approved
6.19,662,459979,567738,South,Male,Andhra Pradesh,25,Science,Tier 2,Parent,Approved
8.72,580,239757,1198187,South,Female,Kerala,27,Medical,Tier 2,Parent,Approved
9.16,613,1263888,1104114,North,Male,Delhi,24,Engineering,Tier 1,Parent,Approved
9.17,556,411275,377637,North,Male,Haryana,20,Arts,Tier 2,Parent,Approved
9.23,577,948076,1760110,West,Male,Maharashtra,26,Architecture,Tier 3,Relative,Rejected
6.0,516,781643,1409181,North,Male,Punjab,22,Business,Tier 2,Parent,Rejected
7.53,613,200000,1256661,South,Female,Andhra Pradesh,27,Medical,Tier 2,Sibling,Approved
9.63,579,1125588,1599012,West,Male,Maharashtra,20,Architecture,Tier 1,Parent,Approved
6.63,403,546408,1423227,South,Female,Kerala,21,Medical,Tier 2,Parent,Rejected
8.14,700,798528,1045296,South,Other,Telangana,21,Medical,Tier 1,Sibling,Approved
5.89,558,906452,372537,South,Male,Karnataka,19,Engineering,Tier 2,None,Rejected
5.71,511,1135913,863421,West,Male,Gujarat,18,Engineering,Tier 2,Parent,Approved
5.0,454,200000,222643,South,Female,Telangana,22,Arts,Tier 3,Parent,Approved
8.14,639,717354,405382,South,Female,Andhra Pradesh,19,Business,Tier 2,Parent,Approved
9.35,586,546258,518965,Central,Male,Madhya Pradesh,20,Science,Tier 3,Parent,Approved
8.47,574,760519,100000,West,Male,Maharashtra,28,Engineering,Tier 3,Parent,Approved
5.36,477,999862,664022,South,Male,Telangana,26,Business,Tier 2,Parent,Rejected
9.45,598,920667,1213834,Central,Male,Uttar Pradesh,23,Engineering,Tier 3,Parent,Approved
8.32,638,247300,802962,West,Female,Gujarat,26,Engineering,Tier 2,Relative,Approved
6.07,510,441706,1952807,East,Male,Bihar,25,Medical,Tier 2,Sibling,Approved
8.98,694,601576,2077563,West,Male,Maharashtra,25,Medical,Tier 1,Relative,Rejected
7.76,555,907415,1107982,South,Male,Telangana,26,Architecture,Tier 2,Relative,Approved
9.44,612,368115,510600,West,Female,Goa,27,Arts,Tier 1,None,Rejected
8.94,623,807138,1153132,East,Female,Assam,27,Business,Tier 1,Parent,Approved
8.27,481,1415916,2924007,West,Male,Rajasthan,24,Medical,Tier 2,Parent,Rejected
7.21,517,200000,528061,North,Male,Punjab,26,Arts,Tier 3,Parent,Rejected
9.01,749,1141612,1613584,Central,Other,Madhya Pradesh,19,Medical,Tier 1,None,Approved
7.56,633,1156589,1488102,West,Female,Maharashtra,21,Engineering,Tier 1,Sibling,Approved
6.26,620,377235,613862,West,Female,Gujarat,18,Engineering,Tier 3,None,Rejected
9.38,672,838385,281831,South,Male,Telangana,27,Business,Tier 1,Parent,Rejected
8.73,641,1102801,1218570,South,Female,Tamil Nadu,23,Engineering,Tier 2,Parent,Approved
8.36,622,1002545,401822,North,Female,Punjab,28,Law,Tier 3,Parent,Rejected
8.79,578,524978,924146,West,Female,Gujarat,18,Medical,Tier 2,Parent,Approved
6.15,458,314100,966800,Central,Male,Madhya Pradesh,22,Engineering,Tier 3,Sibling,Rejected
9.4,663,200000,595384,East,Female,West Bengal,19,Engineering,Tier 2,Parent,Approved
9.35,635,971913,2958777,East,Male,West Bengal,18,Medical,Tier 1,Parent,Approved
7.67,576,1384800,1990440,North,Female,Delhi,28,Engineering,Tier 1,Parent,Approved
5.91,592,708496,409880,West,Female,Goa,23,Arts,Tier 3,Sibling,Approved
7.85,609,629363,1166014,South,Female,Kerala,25,Business,Tier 2,Parent,Approved
8.49,631,369976,1190144,North,Male,Himachal Pradesh,19,Engineering,Tier 3,Parent,Approved
7.85,651,215338,449320,East,Female,Odisha,28,Science,Tier 1,Parent,Approved
7.07,607,576692,1768920,Central,Male,Chhattisgarh,23,Medical,Tier 2,Parent,Approved
9.91,504,772674,1200326,East,Female,Odisha,28,Law,Tier 3,Parent,Approved
6.75,586,200000,614958,South,Female,Telangana,21,Business,Tier 2,Parent,Rejected
8.2,545,788110,249488,North,Female,Haryana,28,Science,Tier 2,Relative,Approved
8.64,735,642113,280595,North,Male,Haryana,27,Engineering,Tier 2,Relative,Approved
6.92,495,825849,1532967,South,Male,Kerala,23,Business,Tier 2,Sibling,Rejected
8.23,558,1169144,1257658,West,Male,Goa,22,Engineering,Tier 3,Parent,Approved
7.57,633,1057832,1817038,West,Male,Rajasthan,22,Business,Tier 2,Parent,Approved
7.37,501,689560,2380705,North,Male,Himachal Pradesh,21,Medical,Tier 2,None,Approved
7.55,508,313856,1024814,South,Female,Karnataka,20,Business,Tier 3,Parent,Rejected
6.42,474,1146518,771619,West,Male,Goa,26,Science,Tier 2,Parent,Rejected
6.49,501,1443215,266004,South,Male,Kerala,19,Business,Tier 1,Parent,Rejected
8.98,558,653431,853231,South,Male,Telangana,28,Business,Tier 2,None,Approved
7.81,716,975587,1280767,North,Male,Uttarakhand,28,Architecture,Tier 2,Parent,Approved
8.57,586,751496,1037604,West,Female,Rajasthan,21,Engineering,Tier 3,Parent,Approved
6.48,568,254567,1238294,East,Female,Jharkhand,23,Business,Tier 2,Parent,Rejected
8.86,615,522758,382909,North,Male,Haryana,18,Business,Tier 2,Parent,Approved
9.18,585,603751,1184051,North,Male,Uttarakhand,22,Engineering,Tier 3,Parent,Approved
8.61,567,957646,860574,East,Male,Jharkhand,26,Engineering,Tier 1,Parent,Approved
6.94,631,722469,1487125,West,Female,Maharashtra,26,Engineering,Tier 3,None,Rejected
7.42,552,696418,1123085,Central,Male,Madhya Pradesh,21,Engineering,Tier 3,Parent,Approved
8.19,730,1229320,3000000,North,Female,Delhi,24,Architecture,Tier 2,Parent,Approved
7.42,481,965209,1107812,South,Female,Karnataka,25,Engineering,Tier 3,Parent,Rejected
8.28,521,474430,1183016,East,Male,Odisha,21,Engineering,Tier 2,Parent,Approved
8.85,604,200000,605950,North,Female,Haryana,25,Medical,Tier 1,Parent,Approved
5.0,553,1066487,876629,South,Female,Karnataka,27,Arts,Tier 3,Sibling,Rejected
7.93,602,288134,340085,South,Female,Tamil Nadu,23,Science,Tier 2,Parent,Rejected
7.64,578,1382562,1457827,North,Male,Himachal Pradesh,28,Engineering,Tier 3,Parent,Approved
6.63,584,454895,1749551,East,Male,Jharkhand,21,Medical,Tier 2,Parent,Rejected
8.43,640,773820,762950,North,Male,Delhi,25,Engineering,Tier 1,Parent,Approved
9.55,657,705533,1125902,Central,Male,Chhattisgarh,20,Business,Tier 1,Parent,Approved
7.48,544,513671,1205252,West,Male,Rajasthan,27,Business,Tier 2,Parent,Approved
8.71,580,600064,735350,North,Male,Himachal Pradesh,26,Science,Tier 1,Parent,Approved
7.2,555,1254474,1645539,Central,Female,Madhya Pradesh,24,Business,Tier 2,Parent,Approved
8.58,544,1249671,423081,Central,Male,Chhattisgarh,20,Science,Tier 1,None,Rejected
7.63,644,784083,751709,South,Male,Tamil Nadu,22,Business,Tier 3,Relative,Rejected
8.42,705,560870,1078875,Central,Male,Madhya Pradesh,24,Engineering,Tier 2,Parent,Approved
7.27,580,688435,1957461,East,Male,Odisha,18,Medical,Tier 1,Relative,Rejected
9.08,708,529586,431513,Central,Male,Chhattisgarh,24,Science,Tier 2,Parent,Approved
7.25,575,987212,1147304,West,Female,Goa,26,Business,Tier 2,Sibling,Rejected
7.65,553,417934,736462,South,Male,Kerala,26,Engineering,Tier 2,Relative,Rejected
8.58,631,625617,829206,North,Female,Haryana,21,Business,Tier 1,Parent,Approved
7.7,593,883934,547307,South,Male,Tamil Nadu,25,Science,Tier 1,Parent,Rejected
7.28,540,564725,1135769,West,Female,Rajasthan,22,Arts,Tier 3,Parent,Approved
8.41,687,483006,1095084,West,Male,Gujarat,25,Medical,Tier 3,Parent,Rejected
8.2,616,890220,1045851,South,Male,Karnataka,18,Business,Tier 2,Parent,Rejected
9.97,530,833525,2697047,North,Female,Punjab,19,Architecture,Tier 1,Sibling,Approved
8.78,628,371903,346155,South,Female,Karnataka,18,Science,Tier 3,None,Approved
5.92,557,480117,336575,North,Male,Punjab,28,Science,Tier 2,None,Rejected
