student_id,student_age,gender,student_cibil_score,10th_score_percent,12th_score_percent,grad_score_cgpa,no_of_backlogs,gap_years,test_score_type,test_score_val,country_of_study,total_loan_amount,university_name,university_rank_global,course_category,co_app_relationship,co_app_age,co_app_cibil_score,co_app_income_annual,co_app_emp_type,employer_category,existing_emi_monthly,FOIR,collateral_type,collateral_value,LTV,address_pincode,residence_type,cibil_trend,Bank_Decision,Rejection_Reason,Location_Category,Community_Category,Interest_Rate
STU10000,23,Female,781,69.46,62.01,6.04,0,0,GRE,296.0,Canada,3533243,University_70,90,STEM,Father,53,758,416663,Salaried,Private,413,1.19,None,0,0.0,339258,Rented,Stable,No,High Unsecured Loan (3533243) vs Income (416663),Urban,Group_B,8.5
STU10001,22,Male,-1,71.01,70.4,7.27,0,0,IELTS,8.0,USA,4355135,University_58,604,Management,Father,47,651,797833,Self-Employed,Govt,21430,32.23,Property,7658555,56.87,466778,Mortgaged,Improving,Yes,Meets Criteria,Rural,Group_B,10.0
STU10002,22,Male,685,74.02,64.71,6.11,0,0,GRE,296.0,UK,3963085,University_45,619,Arts,Sister,29,661,3926968,Salaried,Private,70191,21.45,Property,7840934,50.54,506922,Mortgaged,Improving,Yes,Meets Criteria,Semi-Urban,Group_A,10.5
STU10003,22,Male,-1,61.76,66.79,7.06,1,0,IELTS,7.0,UK,4329951,University_91,72,STEM,Father,43,819,1277938,Salaried,Public,32931,30.92,Property,8608709,50.3,354098,Rented,Stable,Yes,Meets Criteria,Semi-Urban,Group_A,8.5
STU10004,23,Female,712,73.2,78.92,6.88,0,0,IELTS,7.0,Ireland,2386267,University_35,719,STEM,Father,58,824,739757,Self-Employed,Public,1760,2.85,None,0,0.0,775822,Owned,Stable,No,High Unsecured Loan (2386267) vs Income (739757),Urban,Group_A,8.5
STU10005,22,Female,-1,71.07,62.59,6.58,2,0,GRE,330.0,Canada,3548373,University_29,702,STEM,Mother,48,846,917311,Salaried,Public,7003,9.16,Property,4349170,81.59,440776,Owned,Stable,Yes,Meets Criteria,Urban,Group_A,8.5
STU10006,28,Female,701,66.2,77.18,7.62,0,0,IELTS,7.0,Australia,3186182,University_64,406,Management,Father,63,814,3924565,Salaried,Private,18690,5.71,None,0,0.0,256413,Mortgaged,Stable,Yes,Meets Criteria,Urban,Group_B,8.5
STU10007,25,Female,731,85.43,88.55,8.38,0,0,IELTS,8.0,UK,4030992,University_29,142,STEM,Father,54,776,2381302,Salaried,Private,59991,30.23,Property,7614069,52.94,270265,Rented,Stable,Yes,Meets Criteria,Rural,Group_B,9.0
STU10008,22,Female,730,70.01,68.75,6.56,0,1,IELTS,8.0,Canada,3954880,University_68,258,STEM,Brother,25,824,2480465,Salaried,Public,56365,27.27,Fixed Deposit,6444778,61.37,389786,Rented,Stable,Yes,Meets Criteria,Semi-Urban,Group_B,8.5
STU10009,27,Male,-1,83.16,82.46,8.04,0,1,GRE,290.0,Canada,3899037,University_93,270,STEM,Mother,56,845,2749321,Salaried,MNC,46525,20.31,None,0,0.0,221579,Rented,Stable,Yes,Meets Criteria,Semi-Urban,Group_B,8.5
STU10010,22,Male,-1,85.59,90.7,9.03,1,0,IELTS,6.5,USA,4273044,University_21,553,STEM,Father,55,785,400299,Salaried,Govt,7991,23.96,Property,6797919,62.86,227301,Owned,Stable,Yes,Meets Criteria,Urban,Group_B,8.5
STU10011,22,Female,-1,96.05,95.35,8.75,2,0,GRE,293.0,USA,4033568,University_73,970,Management,Mother,44,671,1819196,Salaried,Public,49483,32.64,Property,7996095,50.44,668582,Mortgaged,Declining,No,Declining CIBIL Trend with borderline score,Rural,Group_B,10.0
STU10012,23,Male,798,68.67,72.98,6.12,0,2,GMAT,685.0,USA,5170379,University_55,988,STEM,Father,47,788,1221845,Self-Employed,MNC,29037,28.52,Property,7854807,65.82,791446,Mortgaged,Stable,Yes,Meets Criteria,Semi-Urban,Group_C,9.35
STU10013,25,Female,-1,79.7,72.97,6.99,0,1,GMAT,566.0,UK,3927983,University_76,568,Medical,Mother,49,800,1261830,Salaried,Govt,302,0.29,None,0,0.0,771759,Mortgaged,Stable,No,High Unsecured Loan (3927983) vs Income (1261830),Urban,Group_A,8.5
STU10014,22,Male,757,75.45,74.76,6.29,0,0,,0.0,Ireland,2417045,University_86,498,Medical,Brother,28,788,1077479,Salaried,Govt,25979,28.93,None,0,0.0,708782,Mortgaged,Stable,Yes,Meets Criteria,Urban,Group_A,8.5
STU10015,27,Male,773,80.95,81.29,7.2,1,1,TOEFL,86.0,Germany,2233545,University_46,434,Management,Father,54,769,2227211,Self-Employed,Public,49990,26.93,Property,4438795,50.32,213198,Rented,Stable,Yes,Meets Criteria,Urban,Group_A,8.5
STU10016,23,Male,757,72.17,80.0,7.08,0,0,IELTS,6.5,Germany,2130480,University_18,433,STEM,Mother,46,721,1770202,Salaried,MNC,14740,9.99,Property,4130175,51.58,574656,Mortgaged,Improving,Yes,Meets Criteria,Urban,Group_B,8.5
STU10017,24,Male,720,67.72,66.05,5.82,2,0,,0.0,Canada,2763106,University_97,870,Management,Father,48,692,1652313,Salaried,Private,26747,19.43,Property,3788212,72.94,530521,Mortgaged,Improving,Yes,Meets Criteria,Urban,Group_C,10.35
STU10018,21,Female,-1,84.54,82.11,8.79,1,2,,0.0,Canada,3863003,University_59,293,Management,Sister,30,828,1965531,Salaried,Govt,43364,26.47,None,0,0.0,620311,Owned,Stable,Yes,Meets Criteria,Urban,Group_A,8.5
STU10019,22,Male,-1,64.09,74.17,6.83,0,0,GMAT,688.0,UK,3462408,University_41,59,Arts,Mother,43,799,1799898,Salaried,MNC,30169,20.11,None,0,0.0,666926,Mortgaged,Stable,Yes,Meets Criteria,Urban,Group_C,9.35
STU10020,22,Male,720,64.32,69.48,5.77,0,0,TOEFL,84.0,Australia,3852306,University_31,414,STEM,Father,44,795,529087,Salaried,MNC,10209,23.15,None,0,0.0,151672,Owned,Stable,No,High Unsecured Loan (3852306) vs Income (529087),Semi-Urban,Group_A,8.5
STU10021,24,Male,-1,79.87,82.34,8.14,0,0,TOEFL,96.0,Germany,1851577,University_92,322,Management,Father,48,717,1630024,Salaried,Public,7111,5.24,None,0,0.0,786856,Owned,Improving,Yes,Meets Criteria,Urban,Group_C,9.35
STU10022,26,Female,-1,68.74,75.28,6.51,0,0,IELTS,7.5,Australia,3774469,University_73,103,Management,Mother,48,787,511754,Salaried,MNC,8629,20.23,None,0,0.0,248890,Rented,Stable,No,High Unsecured Loan (3774469) vs Income (511754),Urban,Group_A,8.5
STU10023,24,Female,744,94.61,86.97,8.38,2,0,GMAT,689.0,USA,4866371,University_79,827,STEM,Father,55,785,816407,Salaried,Public,18174,26.71,Fixed Deposit,7998765,60.84,218618,Mortgaged,Stable,Yes,Meets Criteria,Urban,Group_A,8.5
STU10024,23,Female,-1,85.18,84.9,8.48,1,0,GRE,325.0,Ireland,2327883,University_37,620,Management,Mother,47,833,579768,Self-Employed,Govt,3934,8.14,None,0,0.0,775046,Owned,Stable,No,High Unsecured Loan (2327883) vs Income (579768),Urban,Group_B,8.5
STU10025,24,Male,-1,88.17,84.35,9.42,0,0,GRE,293.0,Ireland,2259682,University_55,850,STEM,Father,49,661,807436,Self-Employed,Private,8977,13.34,Fixed Deposit,2948107,76.65,384680,Rented,Improving,Yes,Meets Criteria,Semi-Urban,Group_A,9.5
STU10026,23,Male,-1,66.47,70.43,6.83,0,0,IELTS,6.0,Australia,2988351,University_89,926,Medical,Father,46,789,418889,Self-Employed,MNC,11653,33.38,None,0,0.0,720805,Owned,Stable,No,High Unsecured Loan (2988351) vs Income (418889),Urban,Group_A,8.5
STU10027,24,Female,820,61.35,64.07,7.29,1,1,IELTS,6.0,Germany,2435096,University_27,699,Management,Father,48,820,1015574,Salaried,Govt,11972,14.15,None,0,0.0,697080,Mortgaged,Stable,Yes,Meets Criteria,Urban,Group_A,8.5
STU10028,26,Female,-1,87.62,90.83,8.38,0,0,GMAT,610.0,Australia,4125032,University_23,903,STEM,Mother,53,656,494036,Salaried,Public,12129,29.46,Property,6046258,68.22,541712,Rented,Improving,Yes,Meets Criteria,Semi-Urban,Group_B,9.5
STU10029,23,Male,735,93.08,84.92,9.27,0,1,GRE,296.0,USA,4288575,University_5,880,Medical,Father,51,706,504633,Self-Employed,MNC,13735,32.66,Property,6725525,63.77,430015,Mortgaged,Improving,Yes,Meets Criteria,Urban,Group_B,8.5
STU10030,23,Male,729,71.59,67.66,6.59,0,1,TOEFL,84.0,USA,5340400,University_36,360,Management,Mother,54,780,609546,Salaried,Private,13806,27.18,Property,10012870,53.34,457235,Owned,Stable,Yes,Meets Criteria,Semi-Urban,Group_A,8.5
STU10031,23,Female,-1,84.91,97.73,8.59,0,1,GRE,306.0,Germany,1712136,University_77,445,Arts,Sister,31,836,1457830,Salaried,Private,21206,17.46,Property,3402679,50.32,231263,Owned,Stable,Yes,Meets Criteria,Urban,Group_B,8.5
STU10032,24,Male,799,84.84,82.65,8.85,0,0,,0.0,UK,4233466,University_69,704,STEM,Father,56,839,1213213,Self-Employed,Govt,14729,14.57,Property,5317144,79.62,456239,Mortgaged,Stable,Yes,Meets Criteria,Urban,Group_B,8.5
STU10033,22,Female,729,77.14,75.21,6.89,0,0,TOEFL,99.0,UK,4480380,University_42,413,STEM,Mother,54,725,690671,Salaried,Public,2930,5.09,Fixed Deposit,6883463,65.09,507562,Owned,Improving,Yes,Meets Criteria,Rural,Group_A,9.0
STU10034,23,Female,836,80.05,85.98,8.35,2,0,GMAT,550.0,Canada,3041114,University_27,441,Management,Father,56,798,1475806,Self-Employed,Govt,22874,18.6,Fixed Deposit,4725063,64.36,334082,Owned,Stable,Yes,Meets Criteria,Rural,Group_A,9.0
STU10035,21,Male,-1,82.24,84.73,8.14,0,0,IELTS,6.0,USA,4110815,University_85,649,Management,Father,51,735,995848,Salaried,Private,27167,32.74,Property,7403209,55.53,435498,Rented,Improving,Yes,Meets Criteria,Semi-Urban,Group_A,8.5
STU10036,23,Female,778,81.41,79.89,9.4,0,0,GRE,329.0,Australia,4103622,University_10,467,Arts,Father,50,811,1207761,Self-Employed,Public,28919,28.73,Property,6184908,66.35,529066,Owned,Stable,Yes,Meets Criteria,Urban,Group_A,8.5
STU10037,24,Male,681,69.74,72.82,7.23,0,1,GRE,296.0,Germany,2333873,University_29,181,Arts,Father,57,828,1886237,Salaried,Private,29208,18.58,Property,3841379,60.76,237253,Rented,Stable,Yes,Meets Criteria,Urban,Group_B,9.5
STU10038,23,Male,-1,80.72,78.71,8.35,0,0,IELTS,8.0,USA,4171136,University_97,913,STEM,Father,51,806,1858597,Salaried,Private,26437,17.07,Fixed Deposit,8031454,51.94,577574,Owned,Stable,Yes,Meets Criteria,Semi-Urban,Group_A,8.5
STU10039,28,Male,670,84.43,81.2,8.1,1,0,TOEFL,97.0,Canada,3650874,University_67,497,STEM,Father,59,711,1375873,Self-Employed,MNC,20173,17.59,None,0,0.0,409607,Mortgaged,Improving,Yes,Meets Criteria,Urban,Group_B,9.5
STU10040,24,Male,780,67.95,71.25,6.52,1,0,IELTS,6.5,Canada,3145606,University_20,724,STEM,Father,48,666,617510,Salaried,Private,8389,16.3,None,0,0.0,678969,Rented,Declining,No,Declining CIBIL Trend with borderline score; High Unsecured Loan (3145606) vs Income (617510),Urban,Group_B,9.5
STU10041,24,Female,809,70.58,73.78,8.1,1,0,IELTS,8.0,Ireland,3181746,University_3,878,STEM,Father,59,845,701827,Self-Employed,MNC,8898,15.21,None,0,0.0,116182,Mortgaged,Stable,No,High Unsecured Loan (3181746) vs Income (701827),Urban,Group_A,8.5
STU10042,22,Female,695,69.81,77.33,7.65,0,0,TOEFL,114.0,Ireland,2967316,University_70,820,Arts,Father,52,706,1823892,Salaried,Govt,13340,8.78,Property,4595389,64.57,140434,Mortgaged,Improving,Yes,Meets Criteria,Urban,Group_B,9.5
STU10043,25,Female,749,75.27,71.15,6.76,1,0,,0.0,UK,4145215,University_17,638,Management,Father,54,656,1626321,Self-Employed,MNC,32086,23.68,Property,7172879,57.79,198025,Owned,Improving,Yes,Meets Criteria,Rural,Group_A,10.0
STU10044,28,Male,732,80.86,70.58,7.18,0,0,IELTS,7.0,USA,3980988,University_42,346,STEM,Father,61,747,1383547,Self-Employed,Private,34681,30.08,Property,7426690,53.6,374525,Rented,Improving,Yes,Meets Criteria,Urban,Group_C,9.35
STU10045,24,Male,-1,87.1,91.28,8.08,0,0,GRE,312.0,Ireland,2402159,University_9,800,Management,Father,55,660,865075,Salaried,MNC,27382,37.98,Fixed Deposit,3265707,73.56,131369,Owned,Improving,Yes,Meets Criteria,Semi-Urban,Group_B,9.5
STU10046,22,Male,-1,77.22,80.74,7.54,0,0,GRE,303.0,Australia,3549648,University_33,786,Management,Father,48,692,1040193,Self-Employed,Private,26968,31.11,None,0,0.0,281720,Owned,Declining,No,Declining CIBIL Trend with borderline score; High Unsecured Loan (3549648) vs Income (1040193),Urban,Group_B,9.5
STU10047,21,Female,689,58.63,62.92,6.84,0,1,,0.0,Australia,4259768,University_51,965,STEM,Mother,53,700,439844,Salaried,MNC,8681,23.68,Property,7942155,53.63,364646,Mortgaged,Improving,Yes,Meets Criteria,Urban,Group_B,9.5
STU10048,28,Male,713,80.44,86.18,8.8,0,0,GRE,326.0,Canada,3673078,University_45,546,STEM,Mother,55,819,3554287,Salaried,Govt,8169,2.76,Property,6310475,58.21,123266,Rented,Stable,Yes,Meets Criteria,Urban,Group_A,8.5
STU10049,23,Male,-1,92.82,82.07,9.49,0,0,GRE,330.0,USA,5204835,University_59,725,Medical,Father,46,761,1169386,Salaried,Private,28602,29.35,Property,10265907,50.7,393201,Rented,Stable,Yes,Meets Criteria,Urban,Group_B,8.5
STU10050,25,Male,-1,87.27,85.1,8.05,0,0,TOEFL,97.0,USA,4180148,University_32,851,Management,Father,60,672,1384955,Self-Employed,MNC,40700,35.26,Property,5831685,71.68,597282,Mortgaged,Declining,No,Declining CIBIL Trend with borderline score,Rural,Group_C,10.85
STU10051,23,Female,-1,82.12,77.14,7.95,0,0,IELTS,7.0,Ireland,2356387,University_28,364,STEM,Father,56,716,578435,Self-Employed,Govt,5392,11.19,Property,3951481,59.63,399688,Mortgaged,Improving,Yes,Meets Criteria,Semi-Urban,Group_B,8.5
STU10052,23,Female,-1,79.42,74.54,7.53,0,2,TOEFL,106.0,Ireland,2687664,University_98,247,Arts,Father,55,771,1829327,Self-Employed,Public,27328,17.93,None,0,0.0,128080,Rented,Stable,Yes,Meets Criteria,Rural,Group_B,9.0
STU10053,23,Female,-1,61.12,68.17,6.24,0,0,IELTS,8.0,USA,4264236,University_71,544,Management,Mother,49,758,1954249,Salaried,Public,21548,13.23,Property,7514794,56.74,394076,Owned,Stable,Yes,Meets Criteria,Rural,Group_C,9.85
STU10054,24,Male,-1,67.66,75.02,6.89,0,0,,0.0,Australia,3949748,University_98,707,Management,Father,47,699,513447,Salaried,Private,12641,29.54,None,0,0.0,399930,Rented,Declining,No,Declining CIBIL Trend with borderline score; High Unsecured Loan (3949748) vs Income (513447),Semi-Urban,Group_A,9.5
STU10055,25,Male,792,84.09,81.64,8.74,0,0,,0.0,Canada,3739069,University_38,233,Arts,Father,51,695,558475,Self-Employed,Public,263,0.57,Property,6084617,61.45,397636,Owned,Improving,Yes,Meets Criteria,Rural,Group_A,10.0
STU10056,26,Female,705,92.53,94.69,8.61,1,0,GRE,321.0,Ireland,2270794,University_2,588,Management,Father,51,770,4007873,Salaried,MNC,58844,17.62,Fixed Deposit,3059874,74.21,163872,Rented,Stable,Yes,Meets Criteria,Urban,Group_B,8.5
STU10057,27,Female,682,90.4,95.56,8.92,0,0,GMAT,568.0,UK,4329395,University_88,55,Management,Brother,32,688,1980361,Salaried,Public,62653,37.96,Property,5490299,78.86,370247,Mortgaged,Improving,Yes,Meets Criteria,Urban,Group_A,10.5
STU10058,24,Male,715,77.98,80.68,8.1,0,0,IELTS,8.0,Australia,3427744,University_57,305,STEM,Father,58,800,624830,Self-Employed,Public,6360,12.21,Property,5816270,58.93,749244,Rented,Stable,Yes,Meets Criteria,Urban,Group_B,8.5
STU10059,25,Female,-1,85.29,95.24,9.32,1,0,TOEFL,96.0,Germany,2234759,University_21,246,STEM,Mother,48,791,439355,Salaried,MNC,2292,6.26,None,0,0.0,538361,Mortgaged,Stable,No,High Unsecured Loan (2234759) vs Income (439355),Urban,Group_C,9.35
STU10060,24,Female,707,82.73,76.17,8.0,0,0,GRE,308.0,UK,4541019,University_59,73,STEM,Father,55,709,1354812,Salaried,Govt,35578,31.51,Property,7719943,58.82,317428,Owned,Improving,Yes,Meets Criteria,Urban,Group_A,8.5
STU10061,22,Male,-1,75.92,77.47,8.14,0,0,GRE,299.0,Germany,1739984,University_22,812,Management,Father,47,802,1993714,Self-Employed,Govt,61219,36.85,None,0,0.0,570485,Rented,Stable,Yes,Meets Criteria,Urban,Group_A,8.5
STU10062,22,Male,715,73.62,75.1,7.31,1,0,GRE,324.0,UK,4189575,University_11,613,Medical,Father,43,760,3351915,Self-Employed,Govt,67453,24.15,Property,5114180,81.92,350044,Mortgaged,Stable,Yes,Meets Criteria,Semi-Urban,Group_B,8.5
STU10063,23,Male,-1,96.4,92.49,9.81,1,0,GMAT,745.0,Germany,2244716,University_35,591,Management,Brother,26,845,1167402,Salaried,Public,18308,18.82,None,0,0.0,793157,Mortgaged,Stable,Yes,Meets Criteria,Urban,Group_A,8.5
STU10064,21,Female,-1,72.44,83.22,7.48,0,0,GRE,321.0,USA,5344299,University_61,357,STEM,Father,48,735,1473308,Salaried,Private,32910,26.8,Property,10080344,53.02,455824,Owned,Improving,Yes,Meets Criteria,Urban,Group_B,8.5
STU10065,29,Male,702,80.13,89.99,8.8,0,2,IELTS,8.0,USA,3666054,University_12,323,STEM,Father,54,732,1043106,Self-Employed,Public,33733,38.81,Property,5584646,65.65,649593,Owned,Improving,Yes,Meets Criteria,Urban,Group_A,8.5
STU10066,24,Male,700,82.87,80.93,7.75,0,0,TOEFL,103.0,UK,4406024,University_64,641,Management,Father,52,844,908238,Salaried,Govt,6162,8.14,Property,7223128,61.0,412020,Owned,Stable,Yes,Meets Criteria,Urban,Group_B,8.5
STU10067,22,Female,-1,78.62,69.96,8.27,1,0,TOEFL,95.0,Germany,2276217,University_40,565,Medical,Mother,43,791,1655619,Salaried,Govt,5143,3.73,Property,4538334,50.16,228972,Mortgaged,Stable,Yes,Meets Criteria,Semi-Urban,Group_A,8.5
STU10068,24,Female,-1,70.61,81.33,7.63,0,1,IELTS,7.0,UK,4214904,University_35,426,Medical,Sister,34,770,1311141,Self-Employed,MNC,19963,18.27,Property,5545606,76.0,309869,Owned,Stable,Yes,Meets Criteria,Urban,Group_B,8.5
STU10069,22,Male,-1,90.28,95.85,9.56,0,0,TOEFL,97.0,Australia,3992652,University_54,349,STEM,Father,57,779,1360302,Salaried,Public,37206,32.82,None,0,0.0,406578,Owned,Stable,Yes,Meets Criteria,Rural,Group_B,9.0
STU10070,23,Male,-1,89.34,85.48,8.67,0,0,IELTS,6.5,Ireland,2642271,University_62,354,Management,Father,49,791,4279311,Salaried,Public,53806,15.09,None,0,0.0,447408,Owned,Stable,Yes,Meets Criteria,Semi-Urban,Group_B,8.5
STU10071,27,Male,724,88.01,90.17,9.73,0,0,GRE,316.0,Ireland,2207139,University_96,485,Management,Mother,59,747,1609666,Salaried,Public,53033,39.54,None,0,0.0,793691,Rented,Improving,Yes,Meets Criteria,Urban,Group_A,8.5
STU10072,24,Male,-1,91.85,84.98,9.2,0,1,GRE,327.0,Germany,1958875,University_13,896,STEM,Father,58,762,1009111,Salaried,MNC,17691,21.04,Property,3066701,63.88,261157,Rented,Stable,Yes,Meets Criteria,Urban,Group_B,8.5
STU10073,22,Male,-1,77.12,69.61,7.43,0,0,IELTS,7.0,Australia,3367528,University_89,408,STEM,Brother,26,734,1919088,Salaried,Public,24309,15.2,Fixed Deposit,4894125,68.81,621650,Rented,Improving,Yes,Meets Criteria,Semi-Urban,Group_C,9.35
STU10074,22,Female,-1,81.71,82.2,9.06,0,0,GMAT,623.0,Canada,3956602,University_96,93,STEM,Mother,49,675,798652,Salaried,Public,16871,25.35,Property,7509881,52.69,575230,Rented,Improving,Yes,Meets Criteria,Semi-Urban,Group_A,9.5
STU10075,25,Male,-1,64.48,60.43,6.49,0,0,GRE,293.0,Ireland,2476837,University_48,442,Arts,Father,48,712,1913937,Salaried,Private,26288,16.48,Property,4323171,57.29,298803,Owned,Improving,Yes,Meets Criteria,Semi-Urban,Group_A,8.5
STU10076,23,Female,671,69.39,65.99,7.05,0,0,GRE,321.0,Germany,2446776,University_19,238,Management,Father,51,813,1332630,Salaried,MNC,20414,18.38,None,0,0.0,119853,Owned,Stable,Yes,Meets Criteria,Semi-Urban,Group_A,9.5
STU10077,22,Female,709,92.2,84.41,8.87,0,0,TOEFL,102.0,Australia,4302218,University_39,655,Management,Mother,49,826,1324494,Self-Employed,Public,20169,18.27,Property,6202496,69.36,513380,Mortgaged,Stable,Yes,Meets Criteria,Urban,Group_B,8.5
STU10078,24,Male,711,63.92,63.58,6.26,0,0,,0.0,UK,4534788,University_3,850,Management,Brother,33,720,404245,Salaried,Private,7625,22.63,Property,7929709,57.19,161426,Rented,Improving,Yes,Meets Criteria,Urban,Group_B,8.5
STU10079,23,Female,777,89.85,90.9,8.9,0,0,IELTS,6.5,USA,4692716,University_46,225,Management,Father,54,698,1325603,Salaried,Govt,29948,27.11,Property,8337748,56.28,253423,Rented,Declining,No,Declining CIBIL Trend with borderline score,Urban,Group_B,9.5
STU10080,23,Female,780,67.33,58.51,6.97,0,0,TOEFL,82.0,USA,4643232,University_94,135,Medical,Father,45,725,571294,Salaried,Public,14234,29.9,Fixed Deposit,6224308,74.6,248579,Mortgaged,Improving,Yes,Meets Criteria,Rural,Group_A,9.0
STU10081,27,Male,850,85.75,79.15,8.49,0,2,GMAT,592.0,Ireland,2437527,University_62,991,STEM,Father,60,725,1510338,Salaried,MNC,40488,32.17,None,0,0.0,601081,Rented,Improving,Yes,Meets Criteria,Semi-Urban,Group_A,8.5
STU10082,22,Male,659,73.72,72.12,7.01,0,0,IELTS,7.5,Ireland,3204651,University_72,375,Medical,Mother,44,751,829190,Salaried,Private,7309,10.58,None,0,0.0,239592,Owned,Stable,No,High Unsecured Loan (3204651) vs Income (829190),Urban,Group_B,9.5
STU10083,22,Male,-1,78.74,78.73,7.74,2,0,GRE,330.0,Germany,2469845,University_14,692,STEM,Mother,46,770,2104961,Salaried,Private,43470,24.78,None,0,0.0,698678,Mortgaged,Stable,Yes,Meets Criteria,Urban,Group_B,8.5
STU10084,30,Male,791,85.78,83.41,9.48,0,0,IELTS,7.0,UK,4450722,University_15,144,STEM,Father,51,659,559574,Self-Employed,MNC,18576,39.84,Property,5754322,77.35,356205,Owned,Improving,Yes,Meets Criteria,Urban,Group_C,10.35
STU10085,29,Female,818,65.87,69.13,7.02,3,0,GMAT,688.0,UK,4064132,University_96,745,STEM,Sister,34,756,4746942,Salaried,Private,15668,3.96,Property,6467975,62.83,537940,Mortgaged,Stable,Yes,Meets Criteria,Urban,Group_A,8.5
STU10086,21,Female,735,61.54,62.63,7.02,0,0,GRE,313.0,Australia,3023070,University_88,377,Medical,Sister,29,665,3669919,Self-Employed,MNC,33748,11.04,None,0,0.0,238093,Mortgaged,Declining,No,Declining CIBIL Trend with borderline score,Semi-Urban,Group_B,9.5
STU10087,23,Male,-1,95.83,84.85,8.67,0,0,IELTS,8.0,Australia,4278374,University_7,806,STEM,Mother,49,712,466020,Self-Employed,MNC,12224,31.48,Property,5836405,73.3,691128,Rented,Improving,Yes,Meets Criteria,Semi-Urban,Group_A,8.5
STU10088,24,Female,-1,64.45,74.26,6.61,0,0,GRE,299.0,Ireland,3011735,University_77,3,Management,Mother,49,687,468153,Salaried,MNC,8430,21.61,None,0,0.0,292973,Mortgaged,Declining,No,Declining CIBIL Trend with borderline score; High Unsecured Loan (3011735) vs Income (468153),Rural,Group_A,10.0
STU10089,24,Female,664,75.22,75.05,8.67,0,0,TOEFL,95.0,UK,4349272,University_3,179,STEM,Mother,49,663,466457,Self-Employed,Private,11532,29.67,Property,7049597,61.7,176645,Mortgaged,Improving,Yes,Meets Criteria,Urban,Group_B,10.5
STU10090,26,Female,710,73.88,77.35,7.52,0,0,IELTS,6.5,USA,5301748,University_6,745,Management,Father,59,818,1893563,Salaried,Private,19038,12.06,Property,9090761,58.32,142663,Rented,Stable,Yes,Meets Criteria,Urban,Group_B,8.5
STU10091,23,Male,657,97.67,91.35,8.66,1,0,GRE,335.0,Australia,4189969,University_10,921,STEM,Brother,27,732,1111079,Salaried,Govt,2432,2.63,Property,5949809,70.42,773829,Rented,Improving,Yes,Meets Criteria,Semi-Urban,Group_C,10.35
STU10092,25,Male,-1,83.24,78.27,8.15,0,1,,0.0,Australia,3304652,University_65,620,STEM,Father,52,675,1039944,Salaried,Private,29561,34.11,Property,5686424,58.11,688116,Rented,Declining,No,Declining CIBIL Trend with borderline score,Semi-Urban,Group_A,9.5
STU10093,23,Female,742,87.42,94.29,8.72,0,0,,0.0,USA,5089354,University_52,426,STEM,Mother,55,674,1455462,Self-Employed,Govt,20704,17.07,Property,8815200,57.73,502483,Rented,Declining,No,Declining CIBIL Trend with borderline score,Semi-Urban,Group_A,9.5
STU10094,24,Female,-1,93.91,90.72,8.5,2,0,IELTS,6.0,Australia,3014251,University_13,763,Arts,Mother,56,745,2545744,Self-Employed,Private,47212,22.25,None,0,0.0,724953,Owned,Improving,Yes,Meets Criteria,Semi-Urban,Group_B,8.5
STU10095,23,Female,771,81.9,78.01,8.5,0,1,TOEFL,107.0,UK,4818394,University_93,53,Medical,Father,48,803,3310506,Salaried,Private,38804,14.07,Property,8009784,60.16,333072,Mortgaged,Stable,Yes,Meets Criteria,Urban,Group_B,8.5
STU10096,23,Male,-1,66.87,72.35,6.49,0,0,,0.0,UK,4294525,University_15,781,Management,Mother,48,796,1274290,Salaried,Private,34287,32.29,Property,8057061,53.3,761924,Owned,Stable,Yes,Meets Criteria,Urban,Group_A,8.5
STU10097,22,Male,-1,83.05,73.8,8.73,0,0,TOEFL,97.0,Canada,2678218,University_35,720,Arts,Father,55,729,1512664,Salaried,Public,17699,14.04,Fixed Deposit,3602536,74.34,260210,Mortgaged,Improving,Yes,Meets Criteria,Urban,Group_A,8.5
STU10098,25,Female,772,75.76,85.83,8.93,2,1,TOEFL,85.0,Canada,3624867,University_28,386,STEM,Father,52,766,3429822,Salaried,MNC,17996,6.3,Fixed Deposit,5253555,69.0,450140,Owned,Stable,Yes,Meets Criteria,Urban,Group_A,8.5
STU10099,24,Male,-1,86.82,79.58,7.91,0,0,GMAT,590.0,USA,4957984,University_7,691,Medical,Father,46,719,1729276,Self-Employed,Public,38155,26.48,Property,7875903,62.95,573516,Rented,Improving,Yes,Meets Criteria,Urban,Group_C,9.35
STU10100,26,Male,703,74.52,64.9,6.96,2,0,TOEFL,98.0,USA,4820792,University_76,499,Arts,Father,55,820,1446803,Self-Employed,MNC,2190,1.82,Fixed Deposit,7309336,65.95,738437,Rented,Stable,Yes,Meets Criteria,Urban,Group_A,8.5
STU10101,25,Female,657,59.75,58.4,5.73,0,0,IELTS,7.0,Ireland,2472602,University_16,8,STEM,Father,53,841,1703150,Self-Employed,Govt,9974,7.03,None,0,0.0,508676,Mortgaged,Stable,Yes,Meets Criteria,Semi-Urban,Group_A,9.5
STU10102,24,Male,718,83.61,88.61,8.82,0,0,TOEFL,84.0,Australia,3451782,University_95,44,Management,Mother,51,654,1764175,Salaried,Public,54169,36.85,None,0,0.0,438267,Owned,Improving,Yes,Meets Criteria,Urban,Group_A,9.5
STU10103,24,Male,-1,80.87,82.92,7.85,0,0,IELTS,6.0,USA,4329058,University_42,176,Medical,Father,57,808,3929787,Salaried,MNC,108989,33.28,Property,8380258,51.66,202410,Rented,Stable,Yes,Meets Criteria,Urban,Group_A,8.5
STU10104,30,Male,755,83.98,89.17,8.82,0,0,TOEFL,105.0,Germany,2411240,University_96,348,Medical,Brother,36,735,1152600,Salaried,Govt,2934,3.05,Property,4114973,58.6,666379,Owned,Improving,Yes,Meets Criteria,Rural,Group_A,9.0
STU10105,22,Female,715,72.46,66.08,7.52,0,0,TOEFL,89.0,Ireland,2415170,University_19,263,STEM,Father,46,694,4526645,Salaried,Private,23066,6.11,Property,4364989,55.33,189013,Owned,Improving,Yes,Meets Criteria,Urban,Group_B,9.5
STU10106,22,Male,672,92.96,90.5,9.2,0,0,GRE,327.0,USA,4408029,University_73,659,STEM,Sister,30,810,565747,Salaried,Govt,2846,6.04,Property,5530441,79.7,573688,Owned,Stable,Yes,Meets Criteria,Urban,Group_A,9.5
STU10107,22,Male,780,68.2,64.93,7.17,0,0,IELTS,7.0,Germany,2067863,University_5,59,Medical,Father,48,723,440229,Salaried,Private,9460,25.79,Property,4098286,50.46,204682,Rented,Improving,Yes,Meets Criteria,Semi-Urban,Group_B,8.5
STU10108,22,Male,778,78.59,81.53,8.71,0,0,TOEFL,82.0,Germany,2057776,University_74,668,STEM,Mother,46,732,1797467,Salaried,MNC,30039,20.05,Property,4045953,50.86,582407,Rented,Improving,Yes,Meets Criteria,Urban,Group_A,8.5
STU10109,22,Male,-1,71.59,63.26,6.88,0,0,GRE,322.0,Canada,3492887,University_6,254,STEM,Father,54,762,630383,Salaried,Private,11012,20.96,Fixed Deposit,5895449,59.25,491574,Mortgaged,Stable,Yes,Meets Criteria,Urban,Group_B,8.5
STU10110,21,Female,697,88.35,94.16,9.27,1,0,IELTS,6.0,UK,4685901,University_83,343,STEM,Father,43,734,449548,Salaried,MNC,8361,22.32,Property,7072202,66.26,374236,Rented,Improving,Yes,Meets Criteria,Urban,Group_C,10.35
STU10111,25,Male,-1,86.56,90.31,8.98,0,0,GRE,311.0,Ireland,2248022,University_85,145,STEM,Mother,60,739,3301207,Salaried,Public,106485,38.71,Fixed Deposit,3953785,56.86,520997,Owned,Improving,Yes,Meets Criteria,Urban,Group_B,8.5
STU10112,26,Female,716,86.92,77.49,7.85,0,0,,0.0,USA,5024991,University_17,687,STEM,Mother,58,839,1903927,Salaried,Public,5930,3.74,Property,8725217,57.59,643188,Rented,Stable,Yes,Meets Criteria,Rural,Group_B,9.0
STU10113,30,Male,796,60.18,69.81,6.07,0,1,TOEFL,111.0,Australia,3156487,University_18,159,STEM,Father,52,725,1012108,Self-Employed,MNC,17127,20.31,None,0,0.0,675990,Rented,Improving,No,High Unsecured Loan (3156487) vs Income (1012108),Semi-Urban,Group_A,8.5
STU10114,28,Female,-1,93.31,80.62,8.51,1,0,GRE,329.0,USA,3835888,University_49,158,STEM,Father,51,696,1147161,Salaried,Govt,27577,28.85,Property,4737145,80.97,491995,Owned,Declining,No,Declining CIBIL Trend with borderline score,Semi-Urban,Group_A,9.5
STU10115,22,Male,-1,78.85,81.95,7.96,0,0,IELTS,7.5,UK,3753124,University_31,317,Management,Father,55,850,1783598,Self-Employed,Public,53744,36.16,Fixed Deposit,5086282,73.79,708128,Owned,Stable,Yes,Meets Criteria,Rural,Group_B,9.0
STU10116,26,Male,-1,91.46,88.76,9.03,0,0,IELTS,8.0,Canada,3192632,University_21,837,Management,Mother,50,804,1090243,Self-Employed,Private,31726,34.92,None,0,0.0,164714,Mortgaged,Stable,Yes,Meets Criteria,Semi-Urban,Group_C,9.35
STU10117,21,Female,782,74.99,83.43,8.01,0,1,GRE,323.0,Australia,4105679,University_37,86,STEM,Father,54,691,543021,Salaried,Private,8132,17.97,Property,6612944,62.09,568723,Mortgaged,Declining,No,Declining CIBIL Trend with borderline score,Urban,Group_B,9.5
STU10118,26,Male,-1,71.41,70.0,7.1,0,0,GRE,291.0,Germany,2028513,University_51,515,Medical,Father,52,710,602462,Self-Employed,Govt,19972,39.78,None,0,0.0,503124,Mortgaged,Improving,No,High Unsecured Loan (2028513) vs Income (602462),Rural,Group_B,9.0
STU10119,23,Female,-1,66.52,63.22,7.25,1,0,GRE,311.0,Ireland,3014691,University_18,40,Management,Father,48,770,1091070,Self-Employed,Govt,27598,30.35,None,0,0.0,601897,Owned,Stable,Yes,Meets Criteria,Urban,Group_B,8.5
STU10120,27,Male,-1,68.54,69.65,7.23,0,0,TOEFL,89.0,USA,4587847,University_94,624,STEM,Mother,56,758,458293,Self-Employed,MNC,11857,31.05,Property,6377622,71.94,237767,Owned,Stable,Yes,Meets Criteria,Semi-Urban,Group_B,8.5
STU10121,22,Female,656,71.74,71.5,6.31,0,0,TOEFL,111.0,UK,4362521,University_3,648,STEM,Father,51,797,526845,Salaried,Govt,12618,28.74,Property,6251569,69.78,111640,Mortgaged,Stable,Yes,Meets Criteria,Rural,Group_A,10.0
STU10122,22,Male,728,74.14,68.39,7.56,0,2,GRE,323.0,Australia,4283502,University_9,977,Management,Father,51,789,1863944,Self-Employed,Govt,48860,31.46,Fixed Deposit,6879724,62.26,131322,Rented,Stable,Yes,Meets Criteria,Urban,Group_B,8.5
STU10123,22,Female,699,81.85,87.0,8.68,0,0,GRE,291.0,USA,4242768,University_9,354,Management,Father,46,837,1017399,Salaried,Govt,26164,30.86,Property,7586703,55.92,458671,Owned,Stable,Yes,Meets Criteria,Urban,Group_C,10.35
STU10124,26,Female,-1,64.29,64.08,6.86,0,0,IELTS,7.5,Canada,3934681,University_62,647,Management,Father,49,684,932332,Salaried,Govt,22253,28.64,Property,7691845,51.15,148780,Rented,Declining,No,Declining CIBIL Trend with borderline score,Urban,Group_A,9.5
STU10125,30,Male,-1,64.46,66.8,6.44,0,0,,0.0,Australia,4224054,University_66,408,Management,Father,64,789,1792792,Salaried,Private,15137,10.13,Property,7614418,55.47,310386,Owned,Stable,Yes,Meets Criteria,Urban,Group_B,8.5
STU10126,23,Female,686,77.42,78.7,7.07,0,0,,0.0,Ireland,2294433,University_48,448,Arts,Brother,32,840,1722195,Self-Employed,Private,51358,35.79,Property,3463024,66.26,305892,Rented,Stable,Yes,Meets Criteria,Semi-Urban,Group_A,9.5
STU10127,22,Female,-1,77.35,83.75,7.77,1,0,TOEFL,85.0,Ireland,2945247,University_11,441,STEM,Father,52,696,1943943,Salaried,Public,19035,11.75,None,0,0.0,217581,Owned,Declining,No,Declining CIBIL Trend with borderline score,Rural,Group_B,10.0
STU10128,23,Male,660,69.27,71.53,7.56,0,0,,0.0,Canada,2859971,University_57,360,Management,Father,51,660,1539371,Salaried,Private,31549,24.59,Property,4427098,64.6,780532,Rented,Declining,No,Declining CIBIL Trend with borderline score,Urban,Group_A,10.5
STU10129,23,Female,707,66.81,62.7,6.93,1,0,GMAT,723.0,USA,3887976,University_4,147,STEM,Father,57,805,755513,Salaried,Public,19676,31.25,None,0,0.0,146489,Rented,Stable,No,High Unsecured Loan (3887976) vs Income (755513),Urban,Group_B,8.5
STU10130,26,Male,716,68.69,62.51,6.28,1,0,IELTS,8.0,Ireland,2194976,University_20,696,Medical,Father,54,744,3560338,Self-Employed,Private,52685,17.76,Property,2768980,79.27,254383,Owned,Improving,Yes,Meets Criteria,Urban,Group_B,8.5
STU10131,21,Male,817,70.72,70.19,8.04,0,2,IELTS,6.0,Australia,3939371,University_64,531,Arts,Mother,48,793,461740,Self-Employed,MNC,4029,10.47,Property,5547547,71.01,577951,Rented,Stable,Yes,Meets Criteria,Urban,Group_A,8.5
STU10132,24,Male,-1,70.62,71.85,7.64,0,0,GRE,302.0,Ireland,2292448,University_10,463,Arts,Father,47,832,1733466,Self-Employed,Govt,57624,39.89,Property,4237385,54.1,445112,Owned,Stable,Yes,Meets Criteria,Urban,Group_B,8.5
STU10133,22,Male,-1,85.68,83.29,7.94,0,0,IELTS,7.0,USA,5132451,University_92,727,STEM,Father,57,829,734338,Salaried,Public,4261,6.96,Property,7643213,67.15,345134,Mortgaged,Stable,Yes,Meets Criteria,Urban,Group_B,8.5
STU10134,25,Male,665,96.43,88.11,9.2,0,0,IELTS,7.0,Australia,3677790,University_48,479,STEM,Sister,30,806,445201,Salaried,Private,975,2.63,Property,5584827,65.85,611916,Mortgaged,Stable,Yes,Meets Criteria,Rural,Group_C,10.85
STU10135,24,Female,-1,82.31,83.12,7.19,0,0,TOEFL,100.0,Australia,3804967,University_58,478,Arts,Mother,55,782,3445000,Salaried,Govt,14737,5.13,Property,7089578,53.67,688083,Mortgaged,Stable,Yes,Meets Criteria,Urban,Group_A,8.5
STU10136,23,Female,-1,76.92,88.69,8.07,0,0,GMAT,564.0,Germany,2378368,University_67,157,Management,Mother,48,692,1139670,Self-Employed,Public,12257,12.91,None,0,0.0,346422,Owned,Declining,No,Declining CIBIL Trend with borderline score,Urban,Group_A,9.5
STU10137,29,Female,-1,79.49,78.8,7.81,0,0,GRE,306.0,UK,3689787,University_71,282,Arts,Father,52,810,1435070,Self-Employed,Govt,29391,24.58,None,0,0.0,207966,Mortgaged,Stable,Yes,Meets Criteria,Semi-Urban,Group_A,8.5
STU10138,23,Male,764,83.11,82.94,7.68,0,1,GRE,329.0,Germany,2285331,University_78,346,Management,Mother,57,794,421597,Salaried,Govt,11597,33.01,None,0,0.0,139751,Mortgaged,Stable,No,High Unsecured Loan (2285331) vs Income (421597),Urban,Group_C,9.35
STU10139,22,Male,760,65.99,65.02,6.61,0,0,GRE,326.0,Canada,3189894,University_82,32,Arts,Brother,32,810,1944159,Salaried,Public,18772,11.59,Property,6269162,50.88,616404,Rented,Stable,Yes,Meets Criteria,Rural,Group_C,9.85
STU10140,26,Male,681,89.42,83.6,8.02,0,0,TOEFL,83.0,USA,3884544,University_54,496,Arts,Mother,54,702,578358,Salaried,MNC,11695,24.27,None,0,0.0,437766,Owned,Improving,No,High Unsecured Loan (3884544) vs Income (578358),Rural,Group_B,10.0
STU10141,29,Male,791,79.4,69.76,7.06,0,0,IELTS,7.0,UK,4225166,University_14,327,Management,Father,53,769,1056948,Self-Employed,MNC,9423,10.7,Property,5908197,71.51,211514,Rented,Stable,Yes,Meets Criteria,Urban,Group_B,8.5
STU10142,23,Female,-1,70.7,69.48,6.28,0,0,IELTS,6.5,USA,5064260,University_74,739,STEM,Father,49,698,2668331,Salaried,Govt,44317,19.93,Property,8162472,62.04,632987,Owned,Declining,No,Declining CIBIL Trend with borderline score,Urban,Group_B,9.5
STU10143,24,Male,739,71.27,75.82,7.68,0,0,IELTS,6.5,Ireland,2392355,University_46,50,STEM,Mother,45,722,1837869,Self-Employed,MNC,36605,23.9,Property,4483942,53.35,603446,Rented,Improving,Yes,Meets Criteria,Urban,Group_B,8.5
STU10144,25,Male,686,83.81,77.56,8.43,0,0,IELTS,7.0,Germany,2321639,University_47,47,Medical,Father,52,663,1995968,Self-Employed,Private,37378,22.47,Fixed Deposit,3459286,67.11,412620,Owned,Declining,No,Declining CIBIL Trend with borderline score,Urban,Group_A,10.5
STU10145,25,Female,-1,64.77,68.67,6.14,0,0,IELTS,8.0,USA,4824717,University_16,132,Management,Father,47,750,1582654,Salaried,Private,41934,31.8,Property,7098452,67.97,493366,Mortgaged,Stable,Yes,Meets Criteria,Urban,Group_B,8.5
STU10146,30,Male,746,68.36,65.35,5.99,1,0,IELTS,6.0,Ireland,2307999,University_43,824,Management,Father,58,782,1758375,Self-Employed,MNC,8729,5.96,None,0,0.0,650546,Rented,Stable,Yes,Meets Criteria,Semi-Urban,Group_A,8.5
STU10147,25,Male,717,74.03,67.28,7.97,0,2,GMAT,739.0,Canada,3752234,University_76,345,Management,Mother,54,780,1916398,Salaried,Public,31291,19.59,Property,6192459,60.59,607960,Owned,Stable,Yes,Meets Criteria,Urban,Group_B,8.5
STU10148,24,Female,-1,85.0,89.58,9.42,0,0,GRE,327.0,Australia,3323056,University_93,894,STEM,Father,56,811,413970,Salaried,Private,8236,23.87,None,0,0.0,388428,Owned,Stable,No,High Unsecured Loan (3323056) vs Income (413970),Urban,Group_B,8.5
STU10149,24,Male,733,90.13,87.15,8.93,0,0,IELTS,8.0,UK,4167153,University_68,645,Management,Father,56,808,599329,Salaried,Govt,2952,5.91,Property,7269938,57.32,143104,Rented,Stable,Yes,Meets Criteria,Urban,Group_B,8.5
STU10150,24,Female,823,85.09,83.73,8.82,0,0,IELTS,6.5,Australia,3474662,University_27,421,STEM,Father,53,848,1789029,Salaried,MNC,52049,34.91,Property,6215023,55.91,175306,Mortgaged,Stable,Yes,Meets Criteria,Rural,Group_A,9.0
STU10151,25,Female,-1,83.95,84.59,9.11,0,0,IELTS,7.5,Canada,3333629,University_41,980,Management,Sister,30,767,1918049,Self-Employed,Public,21886,13.69,None,0,0.0,481496,Owned,Stable,Yes,Meets Criteria,Urban,Group_A,8.5
STU10152,24,Female,-1,88.29,85.49,8.73,0,0,IELTS,7.0,Ireland,2818882,University_25,981,Management,Father,48,721,4340786,Salaried,Public,43190,11.94,Property,5505807,51.2,422071,Owned,Improving,Yes,Meets Criteria,Urban,Group_A,8.5
STU10153,26,Male,798,66.78,74.24,6.84,0,0,GRE,312.0,Germany,2150809,University_93,281,STEM,Brother,33,681,4405337,Self-Employed,MNC,99358,27.06,None,0,0.0,508138,Rented,Improving,Yes,Meets Criteria,Urban,Group_A,9.5
STU10154,24,Male,750,93.87,91.62,8.39,0,2,GRE,308.0,Germany,2482463,University_11,355,STEM,Father,59,763,743918,Salaried,Public,6359,10.26,Property,3930392,63.16,321883,Rented,Stable,Yes,Meets Criteria,Rural,Group_A,9.0
STU10155,23,Female,-1,83.91,88.27,8.39,0,1,GRE,296.0,UK,4394337,University_76,246,Arts,Father,47,662,1913675,Salaried,Govt,14395,9.03,Property,6091734,72.14,215065,Mortgaged,Improving,Yes,Meets Criteria,Urban,Group_C,10.35
STU10156,25,Male,-1,78.16,68.91,7.9,1,0,TOEFL,80.0,Ireland,3201680,University_21,417,Management,Sister,35,772,741069,Salaried,Public,4927,7.98,Property,6310931,50.73,446768,Owned,Stable,Yes,Meets Criteria,Semi-Urban,Group_B,8.5
STU10157,23,Female,686,88.0,75.72,8.3,0,0,GRE,324.0,Germany,2300496,University_5,936,STEM,Father,58,694,1676369,Salaried,MNC,49298,35.29,Property,3084116,74.59,148105,Rented,Improving,Yes,Meets Criteria,Semi-Urban,Group_A,10.5
STU10158,25,Male,750,81.43,89.87,9.17,0,0,IELTS,7.0,USA,5178137,University_2,306,STEM,Father,55,804,1025026,Salaried,Public,31723,37.14,Property,7601679,68.12,586419,Mortgaged,Stable,Yes,Meets Criteria,Urban,Group_A,8.5
STU10159,24,Male,-1,92.82,92.08,9.88,0,0,IELTS,8.0,Canada,3257787,University_25,829,Management,Father,46,734,485193,Salaried,Govt,11824,29.24,None,0,0.0,789776,Rented,Improving,No,High Unsecured Loan (3257787) vs Income (485193),Semi-Urban,Group_A,8.5
STU10160,21,Male,682,76.77,81.61,8.1,0,0,,0.0,UK,4492993,University_25,180,Management,Father,51,813,1650375,Salaried,Govt,45494,33.08,Fixed Deposit,7243713,62.03,200951,Owned,Stable,Yes,Meets Criteria,Urban,Group_B,9.5
STU10161,23,Female,-1,68.46,81.75,7.42,0,0,GRE,305.0,Australia,2889835,University_50,242,Arts,Father,51,842,1359928,Salaried,MNC,43247,38.16,None,0,0.0,426613,Owned,Stable,Yes,Meets Criteria,Semi-Urban,Group_B,8.5
STU10162,24,Female,-1,81.07,76.4,7.79,1,0,GRE,305.0,Germany,1732184,University_16,477,Management,Father,49,690,1650221,Salaried,Govt,37739,27.44,Property,3357812,51.59,436084,Rented,Declining,No,Declining CIBIL Trend with borderline score,Semi-Urban,Group_C,10.35
STU10163,24,Male,-1,85.29,89.82,8.12,0,0,GMAT,606.0,Ireland,2396658,University_18,490,Management,Father,47,766,4540654,Self-Employed,Public,56550,14.94,Property,4221839,56.77,603699,Owned,Stable,Yes,Meets Criteria,Urban,Group_B,8.5
STU10164,23,Female,746,81.09,74.4,7.48,0,0,TOEFL,85.0,Canada,3333668,University_68,721,STEM,Father,49,669,1983148,Salaried,Private,7417,4.49,None,0,0.0,684251,Rented,Improving,Yes,Meets Criteria,Urban,Group_C,10.35
STU10165,23,Female,-1,85.12,90.14,8.46,0,1,GRE,323.0,Germany,2051146,University_88,211,STEM,Father,55,799,4050294,Salaried,Private,12278,3.64,Property,3298858,62.18,168338,Rented,Stable,Yes,Meets Criteria,Semi-Urban,Group_C,9.35
STU10166,26,Male,-1,76.3,75.45,6.95,0,0,GRE,319.0,Australia,3848785,University_40,741,STEM,Brother,29,751,1333636,Salaried,Govt,36295,32.66,None,0,0.0,338486,Rented,Stable,Yes,Meets Criteria,Urban,Group_A,8.5
STU10167,25,Female,774,63.55,67.7,6.53,0,0,TOEFL,83.0,UK,4930099,University_9,957,STEM,Mother,53,658,550518,Salaried,Private,7502,16.35,Property,8949005,55.09,782687,Owned,Improving,Yes,Meets Criteria,Urban,Group_C,10.35
STU10168,22,Male,-1,94.04,90.66,9.92,1,0,GMAT,647.0,Australia,3525893,University_49,385,STEM,Father,44,824,1930995,Self-Employed,MNC,8560,5.32,Property,6657694,52.96,234395,Owned,Stable,Yes,Meets Criteria,Urban,Group_A,8.5
STU10169,25,Female,-1,68.41,68.29,7.13,1,0,IELTS,6.5,Canada,3741964,University_97,24,STEM,Father,50,768,753107,Salaried,Public,18051,28.76,Property,5760014,64.96,507700,Rented,Stable,Yes,Meets Criteria,Semi-Urban,Group_B,8.5
STU10170,26,Male,-1,83.41,84.89,8.38,0,0,,0.0,Ireland,3172403,University_93,784,Medical,Father,48,658,4769070,Self-Employed,Private,66646,16.77,None,0,0.0,126405,Owned,Declining,No,Declining CIBIL Trend with borderline score,Semi-Urban,Group_A,9.5
STU10171,24,Female,680,62.7,61.69,7.01,0,0,IELTS,6.0,Ireland,2424312,University_6,412,STEM,Father,52,709,682989,Salaried,Private,4946,8.69,Fixed Deposit,4584335,52.88,169185,Owned,Improving,Yes,Meets Criteria,Urban,Group_C,10.35
STU10172,26,Male,-1,74.11,62.72,7.3,0,0,GRE,326.0,Germany,1947879,University_77,792,Medical,Mother,57,732,1296824,Self-Employed,Govt,13044,12.07,None,0,0.0,260219,Owned,Improving,Yes,Meets Criteria,Urban,Group_C,9.35
STU10173,26,Male,734,76.84,74.76,7.9,0,0,IELTS,8.0,Australia,4146788,University_23,642,STEM,Mother,57,759,1965704,Salaried,Private,32474,19.82,Property,8201650,50.56,784565,Owned,Stable,Yes,Meets Criteria,Urban,Group_B,8.5
STU10174,24,Female,785,74.3,76.88,7.26,0,0,IELTS,7.0,Germany,1996226,University_97,551,Arts,Father,52,711,518145,Salaried,MNC,5194,12.03,Fixed Deposit,3525457,56.62,595517,Owned,Improving,Yes,Meets Criteria,Semi-Urban,Group_B,8.5
STU10175,24,Female,707,86.39,80.23,7.39,0,0,GRE,305.0,Ireland,2435395,University_43,663,Management,Sister,28,765,594551,Salaried,Govt,1832,3.7,None,0,0.0,309734,Owned,Stable,No,High Unsecured Loan (2435395) vs Income (594551),Urban,Group_A,8.5
STU10176,23,Male,706,73.16,72.1,7.62,0,0,IELTS,6.5,Canada,3702138,University_76,742,STEM,Father,54,793,2910234,Salaried,Private,46504,19.18,None,0,0.0,459138,Rented,Stable,Yes,Meets Criteria,Semi-Urban,Group_A,8.5
STU10177,24,Male,-1,77.73,67.27,6.69,0,0,GRE,297.0,Ireland,2966629,University_97,491,Medical,Mother,59,712,764708,Salaried,Private,15406,24.18,None,0,0.0,324447,Rented,Improving,No,High Unsecured Loan (2966629) vs Income (764708),Urban,Group_A,8.5
STU10178,23,Male,-1,70.49,71.72,7.11,1,0,TOEFL,109.0,Australia,3648456,University_46,316,STEM,Father,48,742,4150909,Salaried,Govt,122149,35.31,Property,5738303,63.58,602296,Mortgaged,Improving,Yes,Meets Criteria,Rural,Group_A,9.0
STU10179,22,Male,-1,82.65,80.9,8.25,0,0,,0.0,Australia,2945830,University_29,760,STEM,Mother,45,654,536720,Self-Employed,MNC,9899,22.13,None,0,0.0,722401,Owned,Declining,No,Declining CIBIL Trend with borderline score; High Unsecured Loan (2945830) vs Income (536720),Urban,Group_B,9.5
STU10180,21,Female,774,81.03,79.54,8.01,0,1,GRE,326.0,Germany,2380024,University_64,564,STEM,Father,52,825,1507924,Salaried,MNC,12934,10.29,None,0,0.0,622356,Owned,Stable,Yes,Meets Criteria,Urban,Group_A,8.5
STU10181,22,Male,-1,93.62,91.35,8.65,1,0,IELTS,7.0,UK,3644366,University_93,560,Medical,Father,50,697,1936944,Salaried,Private,63940,39.61,None,0,0.0,171585,Mortgaged,Improving,Yes,Meets Criteria,Urban,Group_C,10.35
STU10182,24,Female,717,68.72,70.19,6.6,1,2,TOEFL,80.0,USA,4342306,University_81,237,STEM,Father,46,831,1116733,Salaried,Public,340,0.37,Fixed Deposit,6967604,62.32,501329,Rented,Stable,Yes,Meets Criteria,Rural,Group_B,9.0
STU10183,24,Male,707,83.54,82.78,8.08,0,0,IELTS,7.5,UK,3386429,University_69,565,STEM,Father,51,653,835078,Self-Employed,Public,14736,21.18,Fixed Deposit,4808026,70.43,410614,Rented,Improving,Yes,Meets Criteria,Rural,Group_B,10.0
STU10184,26,Female,752,80.53,76.53,8.42,0,0,IELTS,6.5,UK,3539787,University_13,537,STEM,Father,49,711,1202511,Salaried,Public,24843,24.79,Property,4962549,71.33,481658,Owned,Improving,Yes,Meets Criteria,Urban,Group_A,8.5
STU10185,24,Male,734,80.03,93.24,8.57,1,0,IELTS,6.5,UK,5023591,University_29,308,Management,Father,55,670,742745,Salaried,Private,24552,39.67,Property,8640152,58.14,143223,Owned,Improving,Yes,Meets Criteria,Semi-Urban,Group_C,10.35
STU10186,23,Male,761,72.82,74.3,7.67,0,0,GRE,334.0,Australia,3126792,University_64,866,STEM,Sister,32,815,1494725,Salaried,Public,28193,22.63,Property,5898281,53.01,209994,Rented,Stable,Yes,Meets Criteria,Semi-Urban,Group_C,9.35
STU10187,28,Male,-1,95.63,85.29,9.54,0,0,IELTS,8.0,UK,4158840,University_6,947,Arts,Father,50,825,3175970,Salaried,Govt,95206,35.97,Property,6865445,60.58,144500,Rented,Stable,Yes,Meets Criteria,Semi-Urban,Group_B,8.5
STU10188,26,Female,-1,73.14,60.62,6.35,2,0,GMAT,586.0,Ireland,2972434,University_92,841,Management,Father,53,669,1427630,Salaried,Public,7730,6.5,Property,4138750,71.82,518060,Mortgaged,Declining,No,Declining CIBIL Trend with borderline score,Urban,Group_B,9.5
STU10189,23,Female,786,86.87,93.23,8.4,0,0,IELTS,6.0,Australia,3601141,University_45,55,Arts,Father,45,761,1286842,Salaried,MNC,35974,33.55,None,0,0.0,467137,Owned,Stable,Yes,Meets Criteria,Urban,Group_B,8.5
STU10190,24,Male,727,92.39,84.02,8.97,3,1,IELTS,6.0,USA,4741421,University_58,503,Management,Father,48,741,1959805,Salaried,Private,61481,37.65,Property,7327763,64.7,724334,Rented,Improving,Yes,Meets Criteria,Urban,Group_A,8.5
STU10191,22,Female,834,77.98,70.83,7.01,0,0,TOEFL,84.0,Australia,2998134,University_20,390,Management,Father,54,850,732346,Salaried,Private,3766,6.17,None,0,0.0,518548,Rented,Stable,No,High Unsecured Loan (2998134) vs Income (732346),Rural,Group_B,9.0
STU10192,22,Male,790,67.19,79.97,7.25,0,1,IELTS,7.0,UK,3531748,University_12,192,STEM,Father,49,764,1968083,Salaried,Govt,36392,22.19,None,0,0.0,537865,Owned,Stable,Yes,Meets Criteria,Rural,Group_A,9.0
STU10193,23,Female,713,61.1,57.18,6.48,0,0,IELTS,7.0,Germany,2405523,University_2,299,Medical,Father,50,749,2355256,Salaried,Private,56906,28.99,Fixed Deposit,3963410,60.69,364533,Owned,Improving,Yes,Meets Criteria,Semi-Urban,Group_A,8.5
STU10194,23,Male,-1,74.7,77.87,7.42,0,0,,0.0,Australia,3313629,University_64,150,Arts,Father,45,692,1711583,Salaried,Govt,15744,11.04,None,0,0.0,424313,Rented,Improving,Yes,Meets Criteria,Urban,Group_A,9.5
STU10195,24,Female,761,83.9,92.64,8.93,0,0,IELTS,7.5,Ireland,2801310,University_26,469,STEM,Sister,28,684,1438915,Self-Employed,Govt,324,0.27,Property,4248336,65.94,760318,Mortgaged,Declining,No,Declining CIBIL Trend with borderline score,Urban,Group_A,9.5
STU10196,23,Female,-1,79.33,73.0,7.29,0,1,TOEFL,88.0,USA,4140783,University_78,971,Management,Mother,55,701,1804557,Salaried,Private,18898,12.57,Property,8164214,50.72,444640,Rented,Improving,Yes,Meets Criteria,Semi-Urban,Group_A,8.5
STU10197,23,Male,-1,74.17,71.11,7.24,0,0,TOEFL,95.0,Australia,3349276,University_36,837,Management,Father,56,750,591373,Self-Employed,Public,2245,4.56,Property,5529923,60.57,730995,Mortgaged,Stable,Yes,Meets Criteria,Rural,Group_A,9.0
STU10198,26,Male,719,71.91,60.8,7.13,0,0,IELTS,6.5,Germany,2048302,University_38,852,Medical,Father,58,667,614508,Salaried,Govt,13785,26.92,None,0,0.0,255939,Owned,Declining,No,Declining CIBIL Trend with borderline score; High Unsecured Loan (2048302) vs Income (614508),Rural,Group_C,10.85
STU10199,23,Male,731,67.88,66.4,7.04,2,0,GMAT,646.0,USA,3733137,University_77,491,Management,Father,53,752,1920650,Self-Employed,Public,32434,20.26,None,0,0.0,548620,Rented,Stable,Yes,Meets Criteria,Semi-Urban,Group_B,8.5
STU10200,22,Female,-1,83.17,76.7,8.47,0,0,TOEFL,114.0,Ireland,2801325,University_11,112,Management,Father,55,713,4758182,Self-Employed,MNC,105424,26.59,Fixed Deposit,3734364,75.01,752439,Rented,Improving,Yes,Meets Criteria,Semi-Urban,Group_C,9.35
STU10201,27,Female,705,81.57,81.6,8.64,0,0,GRE,311.0,USA,5338290,University_56,109,Management,Father,48,675,535653,Self-Employed,Govt,3963,8.88,Property,9595482,55.63,695098,Owned,Improving,Yes,Meets Criteria,Urban,Group_A,9.5
STU10202,22,Female,-1,81.04,79.1,7.83,0,0,GRE,333.0,Canada,3416938,University_65,155,Medical,Father,48,656,4024889,Self-Employed,Govt,14026,4.18,None,0,0.0,546181,Mortgaged,Declining,No,Declining CIBIL Trend with borderline score,Urban,Group_A,9.5
STU10203,22,Male,660,72.59,60.61,6.32,1,0,IELTS,7.5,Australia,4009348,University_67,495,Management,Mother,48,771,2409461,Self-Employed,Private,35191,17.53,Property,7046070,56.9,444400,Owned,Stable,Yes,Meets Criteria,Rural,Group_B,10.0
STU10204,23,Male,708,76.16,65.73,7.67,0,0,GMAT,715.0,Germany,1771864,University_22,953,Medical,Father,55,712,670529,Salaried,Govt,3899,6.98,Property,2353227,75.3,697044,Mortgaged,Improving,Yes,Meets Criteria,Semi-Urban,Group_A,8.5
STU10205,25,Male,754,87.23,89.83,8.65,1,0,IELTS,7.5,Canada,3162168,University_95,629,Management,Father,60,700,1742828,Self-Employed,Private,34403,23.69,Property,4778252,66.18,335230,Mortgaged,Improving,Yes,Meets Criteria,Urban,Group_A,8.5
STU10206,22,Female,776,73.91,75.29,7.2,0,0,IELTS,8.0,USA,3936527,University_42,202,Medical,Father,50,679,1350195,Salaried,Public,30185,26.83,None,0,0.0,623261,Owned,Improving,Yes,Meets Criteria,Urban,Group_B,9.5
STU10207,22,Female,-1,80.42,79.79,8.0,1,0,TOEFL,87.0,Ireland,2535758,University_59,633,STEM,Father,45,822,1423788,Salaried,Public,43600,36.75,Property,4240128,59.8,250454,Owned,Stable,Yes,Meets Criteria,Semi-Urban,Group_A,8.5
STU10208,23,Female,690,63.12,61.28,6.89,0,0,TOEFL,112.0,USA,4299233,University_77,142,Management,Sister,32,758,497388,Salaried,Govt,8068,19.46,Property,7007334,61.35,786604,Owned,Stable,Yes,Meets Criteria,Urban,Group_B,9.5
STU10209,22,Male,-1,85.52,85.42,8.73,0,0,IELTS,6.5,Germany,1944247,University_58,635,Management,Father,43,741,820098,Salaried,Private,13247,19.38,None,0,0.0,314607,Mortgaged,Improving,Yes,Meets Criteria,Urban,Group_B,8.5
STU10210,24,Male,749,91.5,91.34,9.42,0,0,GRE,316.0,Canada,3577387,University_57,501,STEM,Father,47,671,696431,Salaried,MNC,716,1.23,Fixed Deposit,6470939,55.28,416278,Mortgaged,Improving,Yes,Meets Criteria,Urban,Group_A,9.5
STU10211,22,Female,754,71.31,65.77,7.01,0,2,IELTS,7.5,Germany,2141769,University_15,587,Management,Father,44,718,1938977,Salaried,Private,53210,32.93,None,0,0.0,494682,Rented,Improving,Yes,Meets Criteria,Semi-Urban,Group_A,8.5
STU10212,23,Male,819,80.3,90.46,8.79,0,1,GRE,317.0,Canada,2775189,University_84,770,STEM,Father,47,726,2135185,Salaried,MNC,32008,17.99,None,0,0.0,475509,Mortgaged,Improving,Yes,Meets Criteria,Semi-Urban,Group_B,8.5
STU10213,25,Male,-1,82.17,93.85,8.26,0,0,IELTS,6.5,Ireland,2386668,University_95,603,STEM,Father,57,739,1697932,Salaried,Public,9394,6.64,None,0,0.0,255998,Owned,Improving,Yes,Meets Criteria,Urban,Group_B,8.5
STU10214,24,Female,800,64.3,62.09,6.65,0,0,IELTS,7.0,Canada,3427852,University_22,332,STEM,Father,56,724,551693,Salaried,Private,10532,22.91,Property,6725164,50.97,649403,Mortgaged,Improving,Yes,Meets Criteria,Semi-Urban,Group_A,8.5
STU10215,25,Female,-1,94.75,85.99,9.9,2,0,,0.0,Canada,3677112,University_8,284,Arts,Father,59,817,466525,Salaried,Govt,10907,28.06,Property,4802869,76.56,263347,Rented,Stable,Yes,Meets Criteria,Urban,Group_C,9.35
STU10216,24,Female,-1,88.77,87.76,8.65,0,1,,0.0,Canada,3286085,University_74,648,STEM,Sister,31,810,3737386,Salaried,Public,46738,15.01,Fixed Deposit,4141824,79.34,207616,Mortgaged,Stable,Yes,Meets Criteria,Urban,Group_A,8.5
STU10217,22,Male,751,74.64,84.51,7.6,2,0,TOEFL,111.0,Germany,1954922,University_1,890,STEM,Father,55,837,995333,Self-Employed,Public,24250,29.24,None,0,0.0,590718,Owned,Stable,Yes,Meets Criteria,Semi-Urban,Group_B,8.5
STU10218,22,Male,781,80.3,75.87,8.29,0,0,IELTS,6.5,USA,5342631,University_28,507,STEM,Mother,47,732,548684,Self-Employed,Public,6177,13.51,Property,8881306,60.16,703643,Mortgaged,Improving,Yes,Meets Criteria,Semi-Urban,Group_C,9.35
STU10219,29,Male,712,92.06,90.08,7.93,0,0,GRE,330.0,Ireland,3006600,University_59,17,Arts,Sister,33,690,1725444,Salaried,Public,26256,18.26,None,0,0.0,558580,Owned,Improving,Yes,Meets Criteria,Semi-Urban,Group_A,9.5
STU10220,24,Male,725,98.51,98.1,8.94,1,1,,0.0,UK,4829031,University_36,96,Medical,Mother,55,742,531276,Self-Employed,Public,1459,3.3,Property,8361984,57.75,790432,Owned,Improving,Yes,Meets Criteria,Semi-Urban,Group_A,8.5
STU10221,22,Male,721,65.94,67.44,6.79,0,0,GMAT,659.0,Canada,3505240,University_91,98,STEM,Father,43,704,3999873,Self-Employed,MNC,10391,3.12,Fixed Deposit,5871079,59.7,654676,Rented,Improving,Yes,Meets Criteria,Semi-Urban,Group_A,8.5
STU10222,25,Male,737,68.47,73.51,7.02,0,0,GRE,317.0,Canada,3556120,University_62,73,Management,Father,49,748,987341,Salaried,Public,24050,29.23,None,0,0.0,217402,Owned,Improving,No,High Unsecured Loan (3556120) vs Income (987341),Urban,Group_A,8.5
STU10223,23,Male,713,77.62,66.46,7.6,0,0,TOEFL,88.0,UK,4437847,University_87,147,Medical,Father,45,785,1981308,Salaried,MNC,559,0.34,Property,7633168,58.14,571477,Owned,Stable,Yes,Meets Criteria,Urban,Group_A,8.5
STU10224,23,Male,694,86.09,78.94,8.28,0,0,GMAT,725.0,USA,4396290,University_28,89,Arts,Father,58,675,1093629,Salaried,Govt,27429,30.1,Property,7349098,59.82,512686,Rented,Declining,No,Declining CIBIL Trend with borderline score,Urban,Group_B,10.5
STU10225,22,Male,744,88.62,85.99,8.81,0,0,TOEFL,85.0,UK,3776920,University_77,615,STEM,Father,54,805,1397523,Self-Employed,Public,36287,31.16,Property,6618602,57.07,426302,Mortgaged,Stable,Yes,Meets Criteria,Urban,Group_A,8.5
STU10226,30,Male,-1,70.27,63.99,6.7,0,0,GRE,331.0,Canada,2712031,University_31,507,STEM,Mother,57,678,526396,Salaried,Public,8765,19.98,None,0,0.0,732780,Mortgaged,Improving,No,High Unsecured Loan (2712031) vs Income (526396),Rural,Group_B,10.0
STU10227,21,Male,659,85.51,85.65,8.49,0,0,TOEFL,88.0,Ireland,2577785,University_73,431,Management,Mother,47,789,758058,Self-Employed,Govt,4365,6.91,None,0,0.0,603894,Mortgaged,Stable,No,High Unsecured Loan (2577785) vs Income (758058),Urban,Group_C,10.35
STU10228,25,Male,848,66.0,57.4,6.04,0,0,TOEFL,83.0,USA,5307623,University_51,519,STEM,Father,50,810,773622,Salaried,MNC,12920,20.04,Fixed Deposit,8133112,65.26,531818,Mortgaged,Stable,Yes,Meets Criteria,Rural,Group_B,9.0
STU10229,22,Female,660,82.28,76.51,7.55,0,0,GMAT,570.0,UK,4218991,University_27,998,STEM,Mother,55,689,1924892,Salaried,Govt,20965,13.07,Property,7042127,59.91,791406,Mortgaged,Improving,Yes,Meets Criteria,Semi-Urban,Group_B,10.5
STU10230,25,Female,787,78.95,80.86,8.86,0,0,IELTS,6.5,Ireland,2222538,University_12,947,Management,Sister,34,679,637697,Salaried,Govt,13015,24.49,Fixed Deposit,2764888,80.38,294178,Owned,Improving,Yes,Meets Criteria,Semi-Urban,Group_A,9.5
STU10231,26,Female,-1,69.2,69.11,6.1,0,1,GRE,312.0,Germany,2119324,University_93,266,Management,Father,49,745,2532386,Salaried,MNC,63290,29.99,Property,4024104,52.67,233791,Mortgaged,Improving,Yes,Meets Criteria,Urban,Group_B,8.5
STU10232,24,Female,848,87.02,88.44,8.99,0,0,GRE,306.0,USA,4882181,University_74,643,STEM,Father,46,777,638654,Salaried,Public,10873,20.43,Property,6075148,80.36,704423,Owned,Stable,Yes,Meets Criteria,Semi-Urban,Group_B,8.5
STU10233,27,Female,-1,62.37,71.61,7.34,0,0,GMAT,722.0,Ireland,2940600,University_30,759,STEM,Father,56,650,892355,Self-Employed,Private,25541,34.35,None,0,0.0,122884,Mortgaged,Declining,No,Declining CIBIL Trend with borderline score; High Unsecured Loan (2940600) vs Income (892355),Urban,Group_A,9.5
STU10234,22,Female,731,61.84,70.18,5.91,0,2,GMAT,559.0,UK,4288812,University_92,759,Arts,Father,53,757,1270843,Self-Employed,Public,13631,12.87,Fixed Deposit,6574771,65.23,445476,Owned,Stable,Yes,Meets Criteria,Urban,Group_A,8.5
STU10235,30,Female,-1,64.31,68.73,7.07,0,0,IELTS,6.0,Canada,2876734,University_67,48,Management,Father,57,667,1775374,Salaried,MNC,51251,34.64,None,0,0.0,435790,Rented,Improving,Yes,Meets Criteria,Semi-Urban,Group_C,10.35
STU10236,24,Male,-1,73.12,64.94,6.78,2,0,GRE,326.0,Germany,2338986,University_95,638,STEM,Father,48,768,1572326,Salaried,Public,31011,23.67,None,0,0.0,627326,Mortgaged,Stable,Yes,Meets Criteria,Urban,Group_A,8.5
STU10237,24,Male,748,89.26,86.47,9.02,0,0,GRE,299.0,UK,3370714,University_53,25,Medical,Brother,30,788,581625,Salaried,Govt,12329,25.44,Property,5914823,56.99,120060,Mortgaged,Stable,Yes,Meets Criteria,Urban,Group_A,8.5
STU10238,27,Male,692,64.9,67.78,6.6,0,0,IELTS,6.0,USA,3969349,University_31,430,STEM,Brother,37,665,1098579,Self-Employed,Public,26060,28.47,Property,5058622,78.47,352716,Owned,Improving,Yes,Meets Criteria,Semi-Urban,Group_A,10.5
STU10239,22,Female,816,80.83,74.27,7.86,0,0,IELTS,8.0,Canada,2766161,University_18,653,Medical,Father,56,750,2313862,Self-Employed,MNC,45652,23.68,Fixed Deposit,3457220,80.01,247057,Owned,Stable,Yes,Meets Criteria,Urban,Group_A,8.5
STU10240,23,Female,-1,66.02,66.83,7.41,0,0,TOEFL,100.0,Australia,3338003,University_35,240,STEM,Father,45,701,2570895,Self-Employed,Govt,66837,31.2,Property,5567009,59.96,272959,Owned,Improving,Yes,Meets Criteria,Rural,Group_B,9.0
STU10241,22,Male,-1,64.91,62.88,6.0,0,0,TOEFL,102.0,UK,4980586,University_27,463,Management,Father,47,768,1355762,Salaried,Public,38525,34.1,Property,6336982,78.6,428992,Mortgaged,Stable,Yes,Meets Criteria,Rural,Group_B,9.0
STU10242,23,Male,790,76.51,88.45,8.08,0,0,GRE,295.0,Canada,3578727,University_46,406,Management,Father,52,662,1426715,Self-Employed,Public,12372,10.41,None,0,0.0,292313,Mortgaged,Declining,No,Declining CIBIL Trend with borderline score,Rural,Group_B,10.0
STU10243,27,Female,703,96.38,91.9,9.18,0,0,IELTS,6.0,UK,4136232,University_18,125,STEM,Mother,48,665,1266173,Salaried,MNC,5516,5.23,Property,7689001,53.79,500321,Mortgaged,Improving,Yes,Meets Criteria,Urban,Group_A,9.5
STU10244,23,Male,787,83.58,82.64,7.78,0,0,IELTS,6.0,Australia,2911392,University_9,203,STEM,Father,58,815,632485,Salaried,Govt,17062,32.37,Fixed Deposit,3707899,78.52,457655,Rented,Stable,Yes,Meets Criteria,Urban,Group_A,8.5
STU10245,23,Female,-1,72.81,59.44,7.25,0,0,,0.0,UK,4087702,University_93,405,Medical,Mother,51,657,1602642,Salaried,Private,36498,27.33,Property,5470349,74.72,335146,Mortgaged,Improving,Yes,Meets Criteria,Rural,Group_B,10.0
STU10246,24,Male,723,69.94,65.48,7.25,0,1,TOEFL,95.0,Ireland,2859060,University_64,422,Arts,Sister,34,665,983966,Salaried,Public,9176,11.19,Property,3744764,76.35,319146,Owned,Declining,No,Declining CIBIL Trend with borderline score,Urban,Group_A,9.5
STU10247,22,Male,732,89.43,91.0,9.36,0,0,TOEFL,81.0,UK,5022198,University_92,368,Medical,Father,50,789,1816447,Salaried,Govt,20830,13.76,Property,8299287,60.51,447226,Owned,Stable,Yes,Meets Criteria,Rural,Group_A,9.0
STU10248,23,Male,749,63.5,72.07,6.36,0,0,IELTS,7.0,Australia,2964371,University_61,543,Management,Mother,49,846,1288138,Salaried,Private,41820,38.96,Property,3794713,78.12,798772,Rented,Stable,Yes,Meets Criteria,Rural,Group_B,9.0
STU10249,22,Female,-1,70.24,74.1,7.33,0,0,GRE,304.0,USA,4636245,University_50,364,STEM,Father,57,694,492327,Salaried,Govt,3882,9.46,Property,6742970,68.76,486211,Mortgaged,Improving,Yes,Meets Criteria,Rural,Group_A,10.0
STU10250,29,Female,725,66.35,70.06,6.43,0,0,IELTS,8.0,UK,4953259,University_64,556,STEM,Mother,54,694,657129,Salaried,Private,831,1.52,Property,6166482,80.33,740889,Rented,Declining,No,Declining CIBIL Trend with borderline score,Urban,Group_B,9.5
STU10251,24,Male,678,62.77,60.57,6.48,0,0,GRE,298.0,UK,3932475,University_23,941,Management,Father,57,732,924898,Salaried,Public,675,0.88,None,0,0.0,725104,Owned,Improving,No,High Unsecured Loan (3932475) vs Income (924898),Urban,Group_A,9.5
STU10252,25,Female,790,94.13,95.21,9.54,0,0,TOEFL,84.0,Canada,3133139,University_85,406,Management,Father,55,675,576454,Self-Employed,MNC,5798,12.07,None,0,0.0,253079,Owned,Declining,No,Declining CIBIL Trend with borderline score; High Unsecured Loan (3133139) vs Income (576454),Rural,Group_A,10.0
STU10253,27,Male,-1,95.26,90.83,9.39,0,0,IELTS,7.5,Canada,3496917,University_23,725,Medical,Mother,56,827,1548318,Salaried,Public,11521,8.93,None,0,0.0,727558,Rented,Stable,Yes,Meets Criteria,Urban,Group_A,8.5
STU10254,28,Male,-1,85.11,90.44,8.39,1,0,IELTS,6.5,Germany,2292218,University_90,972,Medical,Father,58,750,4380196,Salaried,Private,4728,1.3,None,0,0.0,741650,Mortgaged,Stable,Yes,Meets Criteria,Urban,Group_C,9.35
STU10255,22,Female,-1,76.68,73.72,7.41,0,0,TOEFL,86.0,Canada,3876427,University_19,340,Management,Father,54,669,1299114,Salaried,Govt,15018,13.87,None,0,0.0,445039,Mortgaged,Improving,Yes,Meets Criteria,Semi-Urban,Group_B,9.5
STU10256,22,Female,671,88.53,86.41,8.41,0,0,TOEFL,101.0,USA,4403933,University_34,215,Management,Father,46,827,942176,Salaried,Public,11007,14.02,Property,8057506,54.66,111343,Rented,Stable,Yes,Meets Criteria,Rural,Group_C,10.85
STU10257,25,Male,-1,63.02,62.74,5.89,0,0,IELTS,7.5,Germany,2094188,University_49,360,STEM,Father,54,746,453177,Salaried,Private,12519,33.15,None,0,0.0,716135,Rented,Improving,No,High Unsecured Loan (2094188) vs Income (453177),Semi-Urban,Group_B,8.5
STU10258,24,Female,-1,84.84,76.97,7.56,0,0,GRE,292.0,Canada,3029279,University_41,268,STEM,Father,46,668,3433648,Self-Employed,Public,19469,6.8,None,0,0.0,503696,Mortgaged,Improving,Yes,Meets Criteria,Semi-Urban,Group_A,9.5
STU10259,22,Female,-1,60.95,73.95,7.45,1,0,TOEFL,101.0,Ireland,2801552,University_79,915,Management,Father,50,830,2129995,Salaried,Private,30623,17.25,None,0,0.0,795386,Owned,Stable,Yes,Meets Criteria,Urban,Group_B,8.5
STU10260,24,Male,671,79.73,74.02,7.82,0,0,TOEFL,92.0,Germany,2023795,University_71,740,STEM,Sister,31,819,1390397,Self-Employed,MNC,13783,11.9,Property,2583845,78.32,521987,Owned,Stable,Yes,Meets Criteria,Semi-Urban,Group_B,9.5
STU10261,23,Male,723,78.85,72.31,7.15,1,0,IELTS,6.0,Ireland,2478113,University_85,641,Management,Father,53,772,2837497,Self-Employed,MNC,9173,3.88,None,0,0.0,327005,Mortgaged,Stable,Yes,Meets Criteria,Rural,Group_B,9.0
STU10262,30,Female,721,88.8,81.25,7.59,0,0,GRE,315.0,Canada,3261646,University_85,272,Arts,Father,52,814,1941115,Self-Employed,Public,25074,15.5,Property,4882085,66.81,509974,Mortgaged,Stable,Yes,Meets Criteria,Urban,Group_A,8.5
STU10263,22,Male,697,61.27,67.19,6.45,0,0,GMAT,618.0,Canada,3384805,University_20,771,STEM,Father,54,820,450700,Salaried,Public,1287,3.43,Property,4992699,67.8,677750,Rented,Stable,Yes,Meets Criteria,Urban,Group_B,9.5
STU10264,28,Female,-1,78.77,70.83,6.83,0,0,GRE,314.0,Canada,3720294,University_54,989,Management,Mother,57,825,1795779,Salaried,Private,34282,22.91,None,0,0.0,357088,Mortgaged,Stable,Yes,Meets Criteria,Rural,Group_A,9.0
STU10265,23,Female,-1,70.47,82.83,8.0,0,0,,0.0,Ireland,2702269,University_67,820,STEM,Father,53,823,1109221,Salaried,Private,4447,4.81,None,0,0.0,580852,Rented,Stable,Yes,Meets Criteria,Semi-Urban,Group_A,8.5
STU10266,26,Female,672,85.98,86.65,8.64,0,0,IELTS,6.0,Ireland,2617244,University_88,446,STEM,Brother,32,810,477530,Salaried,Private,13277,33.36,None,0,0.0,380413,Owned,Stable,No,High Unsecured Loan (2617244) vs Income (477530),Semi-Urban,Group_B,9.5
STU10267,24,Male,-1,75.5,76.7,6.59,0,0,GRE,325.0,Germany,2013778,University_42,878,STEM,Father,49,783,1760826,Self-Employed,Public,53832,36.69,Property,2436451,82.65,763323,Owned,Stable,Yes,Meets Criteria,Semi-Urban,Group_B,8.5
STU10268,24,Female,775,76.97,76.89,7.29,1,2,IELTS,8.0,UK,4338897,University_13,948,STEM,Father,46,794,1011793,Salaried,MNC,26500,31.43,Property,8217785,52.8,470572,Mortgaged,Stable,Yes,Meets Criteria,Urban,Group_A,8.5
STU10269,24,Male,-1,85.3,91.16,8.99,0,0,GRE,320.0,Germany,1711471,University_36,413,Medical,Mother,47,808,1642468,Salaried,Private,2123,1.55,None,0,0.0,457596,Mortgaged,Stable,Yes,Meets Criteria,Urban,Group_A,8.5
STU10270,25,Male,788,73.31,75.94,7.56,3,0,TOEFL,81.0,USA,4208158,University_39,319,STEM,Mother,50,775,765000,Salaried,Govt,17463,27.39,Property,8323725,50.56,349030,Owned,Stable,Yes,Meets Criteria,Semi-Urban,Group_B,8.5
STU10271,24,Female,-1,73.64,65.68,7.14,0,0,IELTS,7.0,UK,4584383,University_78,662,STEM,Father,46,698,631586,Salaried,MNC,4450,8.45,Property,8523172,53.79,617993,Mortgaged,Declining,No,Declining CIBIL Trend with borderline score,Semi-Urban,Group_B,9.5
STU10272,25,Female,747,76.1,71.34,8.24,0,0,GMAT,566.0,Australia,3328017,University_65,414,STEM,Father,48,849,674876,Salaried,Private,19781,35.17,Property,4070692,81.76,312127,Owned,Stable,Yes,Meets Criteria,Rural,Group_C,9.85
STU10273,22,Female,725,83.85,86.96,9.39,0,2,GRE,335.0,Ireland,2375038,University_48,844,STEM,Father,50,779,1632449,Self-Employed,Private,34575,25.42,Fixed Deposit,3085407,76.98,142047,Rented,Stable,Yes,Meets Criteria,Rural,Group_C,9.85
STU10274,24,Male,680,75.08,68.84,7.92,0,0,GRE,327.0,UK,4286240,University_45,168,Medical,Father,58,716,989566,Salaried,Private,9403,11.4,Property,6469018,66.26,280820,Rented,Improving,Yes,Meets Criteria,Urban,Group_B,9.5
STU10275,24,Female,773,81.61,81.72,8.18,0,0,TOEFL,93.0,USA,4084350,University_53,526,Management,Brother,27,849,757669,Salaried,Private,224,0.35,Property,7879578,51.83,788818,Mortgaged,Stable,Yes,Meets Criteria,Urban,Group_A,8.5
STU10276,24,Female,672,73.16,76.82,8.51,0,0,GRE,309.0,Germany,2278702,University_91,659,STEM,Father,49,758,3579053,Self-Employed,Private,101595,34.06,Property,3571178,63.81,338808,Mortgaged,Stable,Yes,Meets Criteria,Semi-Urban,Group_B,9.5
STU10277,25,Male,759,71.87,73.42,7.28,0,2,,0.0,Australia,2890580,University_85,990,Management,Father,59,745,1977461,Salaried,Public,42669,25.89,None,0,0.0,748635,Mortgaged,Improving,Yes,Meets Criteria,Semi-Urban,Group_A,8.5
STU10278,22,Female,-1,73.75,70.71,6.85,1,2,IELTS,7.0,USA,4753070,University_36,268,Management,Father,53,832,4732449,Self-Employed,MNC,47133,11.95,Property,6273783,75.76,361974,Mortgaged,Stable,Yes,Meets Criteria,Semi-Urban,Group_A,8.5
STU10279,24,Male,757,91.2,88.16,8.91,0,0,IELTS,6.5,Germany,2285877,University_84,510,STEM,Father,49,716,619448,Self-Employed,Public,8354,16.18,Property,4090315,55.89,721344,Owned,Improving,Yes,Meets Criteria,Semi-Urban,Group_B,8.5
STU10280,22,Male,740,97.08,89.99,9.55,0,0,GRE,333.0,Canada,3345718,University_61,929,STEM,Father,53,741,665979,Salaried,Govt,6664,12.01,None,0,0.0,288243,Owned,Improving,No,High Unsecured Loan (3345718) vs Income (665979),Rural,Group_A,9.0
STU10281,23,Female,-1,93.37,82.94,8.17,0,0,IELTS,6.5,Australia,3946923,University_93,828,Management,Father,52,845,2767845,Salaried,Private,87364,37.88,None,0,0.0,461936,Mortgaged,Stable,Yes,Meets Criteria,Urban,Group_C,9.35
STU10282,24,Male,733,63.01,68.84,6.23,0,0,GRE,311.0,Germany,1992213,University_75,302,STEM,Mother,52,680,3973574,Self-Employed,MNC,7109,2.15,Property,3401738,58.56,718502,Rented,Improving,Yes,Meets Criteria,Urban,Group_B,9.5
STU10283,22,Male,779,70.48,64.64,7.01,0,0,GRE,314.0,Ireland,2732225,University_53,56,Management,Father,56,688,472018,Salaried,Govt,15613,39.69,Property,4027670,67.84,707062,Owned,Declining,No,Declining CIBIL Trend with borderline score,Urban,Group_B,9.5
STU10284,22,Female,708,72.23,62.0,6.05,1,0,GRE,311.0,Australia,3788687,University_23,321,Management,Father,53,664,402471,Salaried,Govt,6064,18.08,Property,5181051,73.13,286795,Owned,Declining,No,Declining CIBIL Trend with borderline score,Semi-Urban,Group_B,9.5
STU10285,29,Female,823,85.28,89.39,7.93,0,0,IELTS,8.0,Ireland,2628408,University_55,414,STEM,Father,56,772,1603873,Salaried,Public,249,0.19,Property,4276488,61.46,501225,Mortgaged,Stable,Yes,Meets Criteria,Urban,Group_C,9.35
STU10286,23,Male,651,93.11,89.73,8.2,0,0,IELTS,6.0,Canada,3467226,University_32,232,STEM,Father,55,738,563626,Salaried,Private,2422,5.16,Property,5224556,66.36,727265,Owned,Improving,Yes,Meets Criteria,Urban,Group_B,9.5
STU10287,28,Male,-1,65.16,64.87,7.84,1,0,GRE,319.0,Germany,2291378,University_77,537,STEM,Father,54,761,1080577,Self-Employed,Govt,12344,13.71,Property,4401982,52.05,486701,Rented,Stable,Yes,Meets Criteria,Urban,Group_B,8.5
STU10288,22,Female,746,74.87,74.43,6.67,0,0,GRE,304.0,Canada,2936104,University_17,217,Management,Father,54,655,709168,Salaried,Private,11928,20.18,Property,3812617,77.01,792141,Mortgaged,Improving,Yes,Meets Criteria,Urban,Group_A,9.5
STU10289,27,Male,704,75.86,77.82,7.56,0,0,GRE,328.0,Ireland,3234254,University_85,111,STEM,Father,58,655,901157,Salaried,Private,20719,27.59,None,0,0.0,547020,Owned,Improving,No,High Unsecured Loan (3234254) vs Income (901157),Semi-Urban,Group_B,9.5
STU10290,23,Male,706,74.62,73.52,6.87,1,0,TOEFL,80.0,USA,4142009,University_85,104,STEM,Father,54,783,1366184,Self-Employed,MNC,28361,24.91,Property,7292342,56.8,549170,Mortgaged,Stable,Yes,Meets Criteria,Urban,Group_A,8.5
STU10291,24,Female,713,79.61,74.59,8.21,0,0,TOEFL,111.0,UK,3693726,University_26,797,Management,Brother,31,783,505734,Salaried,MNC,6033,14.32,Property,5643292,65.45,278163,Owned,Stable,Yes,Meets Criteria,Urban,Group_B,8.5
STU10292,22,Male,-1,63.63,59.3,7.02,0,0,TOEFL,101.0,UK,3753968,University_2,688,Management,Father,44,678,1836212,Salaried,MNC,9128,5.97,None,0,0.0,204458,Owned,Declining,No,Declining CIBIL Trend with borderline score,Semi-Urban,Group_B,9.5
STU10293,25,Female,-1,79.51,89.24,9.2,0,0,GRE,331.0,UK,3748349,University_38,271,STEM,Father,53,662,452328,Salaried,MNC,12260,32.53,None,0,0.0,151360,Rented,Improving,No,High Unsecured Loan (3748349) vs Income (452328),Urban,Group_B,9.5
STU10294,30,Female,-1,85.97,90.72,8.7,0,1,TOEFL,87.0,Ireland,2262598,University_98,912,STEM,Father,51,652,1090235,Self-Employed,Private,24107,26.53,None,0,0.0,288795,Owned,Declining,No,Declining CIBIL Trend with borderline score,Urban,Group_A,9.5
STU10295,26,Male,792,72.29,75.05,7.89,0,0,GRE,295.0,Ireland,2562431,University_44,188,Management,Mother,48,752,609846,Salaried,MNC,19562,38.49,Property,3632160,70.55,514452,Rented,Stable,Yes,Meets Criteria,Urban,Group_A,8.5
STU10296,22,Male,738,92.52,90.25,9.25,1,0,GRE,297.0,Canada,2814915,University_93,61,Management,Sister,27,676,1672474,Self-Employed,Private,50800,36.45,Property,4464848,63.05,706580,Mortgaged,Declining,No,Declining CIBIL Trend with borderline score,Semi-Urban,Group_B,9.5
STU10297,24,Female,736,77.31,79.83,7.73,0,0,IELTS,6.5,UK,4171573,University_63,116,Medical,Mother,59,755,1724190,Salaried,Govt,2642,1.84,Fixed Deposit,5878957,70.96,439502,Mortgaged,Stable,Yes,Meets Criteria,Urban,Group_A,8.5
STU10298,23,Male,651,86.31,87.65,8.48,0,0,GMAT,694.0,Germany,1868147,University_86,895,Management,Father,49,782,4194054,Salaried,Public,96217,27.53,Property,3165745,59.01,563873,Owned,Stable,Yes,Meets Criteria,Semi-Urban,Group_A,9.5
STU10299,25,Male,-1,78.58,80.04,8.5,2,0,GMAT,648.0,UK,3609739,University_72,914,Medical,Brother,28,652,4698610,Salaried,Private,146341,37.37,Property,5791660,62.33,602085,Rented,Improving,Yes,Meets Criteria,Urban,Group_A,9.5
STU10300,23,Male,763,82.21,88.46,8.47,0,0,TOEFL,97.0,Australia,2952505,University_29,564,STEM,Brother,32,753,523207,Salaried,Private,1374,3.15,None,0,0.0,575765,Rented,Stable,No,High Unsecured Loan (2952505) vs Income (523207),Urban,Group_C,9.35
STU10301,26,Male,723,81.29,75.15,7.02,0,0,GMAT,677.0,Canada,3623715,University_3,106,Management,Mother,53,755,875146,Salaried,Govt,16252,22.28,Property,4348950,83.32,205310,Owned,Stable,Yes,Meets Criteria,Urban,Group_B,8.5
STU10302,22,Female,777,93.46,97.25,9.23,0,0,GMAT,717.0,Canada,3526346,University_44,373,STEM,Mother,56,663,2934987,Salaried,Public,82602,33.77,None,0,0.0,458098,Owned,Declining,No,Declining CIBIL Trend with borderline score,Urban,Group_A,9.5
STU10303,28,Male,721,87.02,88.77,8.35,0,0,IELTS,7.5,Ireland,2283145,University_98,675,Management,Father,52,650,1515878,Salaried,Public,17944,14.2,None,0,0.0,774441,Owned,Improving,Yes,Meets Criteria,Semi-Urban,Group_A,9.5
STU10304,23,Male,-1,88.31,91.76,9.45,0,0,GRE,292.0,Canada,3823877,University_64,144,STEM,Mother,57,833,3716355,Salaried,Private,13250,4.28,Property,6457310,59.22,306653,Rented,Stable,Yes,Meets Criteria,Semi-Urban,Group_A,8.5
STU10305,28,Male,-1,71.41,61.86,7.1,0,0,GMAT,598.0,Australia,3912174,University_14,776,Management,Brother,37,661,1058410,Salaried,Govt,27241,30.89,Property,6104570,64.09,727942,Owned,Improving,Yes,Meets Criteria,Rural,Group_B,10.0
STU10306,29,Male,-1,85.71,91.17,9.16,0,0,,0.0,Ireland,2212457,University_56,859,STEM,Father,59,773,1866052,Salaried,Govt,48584,31.24,Property,4265938,51.86,716658,Owned,Stable,Yes,Meets Criteria,Urban,Group_B,8.5
STU10307,22,Male,-1,72.44,61.76,7.01,0,0,GRE,328.0,Ireland,3113311,University_65,903,Management,Father,49,757,1320595,Salaried,Govt,12043,10.94,Fixed Deposit,6135946,50.74,418463,Mortgaged,Stable,Yes,Meets Criteria,Urban,Group_A,8.5
STU10308,24,Male,707,81.22,88.18,9.24,1,0,GRE,322.0,Germany,1931087,University_90,561,Management,Father,58,730,1960945,Salaried,Public,41348,25.3,Property,2627651,73.49,764487,Rented,Improving,Yes,Meets Criteria,Semi-Urban,Group_A,8.5
STU10309,23,Female,-1,86.73,90.25,7.84,0,0,TOEFL,91.0,Germany,2103270,University_89,653,STEM,Father,49,831,460505,Salaried,MNC,11678,30.43,None,0,0.0,699593,Owned,Stable,No,High Unsecured Loan (2103270) vs Income (460505),Urban,Group_A,8.5
STU10310,22,Male,-1,77.97,79.42,7.57,0,0,IELTS,8.0,Ireland,2468802,University_55,828,Management,Father,43,783,455821,Self-Employed,Public,383,1.01,None,0,0.0,262386,Mortgaged,Stable,No,High Unsecured Loan (2468802) vs Income (455821),Urban,Group_B,8.5
STU10311,22,Male,706,78.11,86.36,7.75,0,0,,0.0,UK,3841514,University_33,150,STEM,Father,56,665,1418955,Salaried,MNC,9648,8.16,None,0,0.0,677460,Rented,Declining,No,Declining CIBIL Trend with borderline score,Urban,Group_B,9.5
STU10312,28,Female,704,72.55,75.0,7.59,0,0,GRE,325.0,UK,4812933,University_96,663,STEM,Father,57,749,1298274,Salaried,Govt,22110,20.44,Property,8843605,54.42,411610,Rented,Improving,Yes,Meets Criteria,Urban,Group_A,8.5
STU10313,25,Female,738,88.83,80.75,8.93,0,0,GRE,333.0,Canada,3052703,University_71,56,Medical,Father,46,840,1327101,Salaried,Public,8983,8.12,None,0,0.0,574586,Rented,Stable,Yes,Meets Criteria,Rural,Group_A,9.0
STU10314,24,Male,-1,93.57,90.47,8.96,0,0,IELTS,8.0,USA,4583907,University_78,202,Management,Mother,57,835,501448,Salaried,MNC,4917,11.77,Property,6151331,74.52,188086,Owned,Stable,Yes,Meets Criteria,Semi-Urban,Group_A,8.5
STU10315,26,Male,723,94.9,85.66,8.45,0,0,,0.0,USA,4102402,University_34,134,STEM,Father,49,799,533701,Salaried,MNC,100,0.22,Property,6453345,63.57,272325,Rented,Stable,Yes,Meets Criteria,Semi-Urban,Group_C,9.35
STU10316,23,Male,-1,70.13,65.15,6.78,0,0,,0.0,Australia,3780527,University_85,309,Medical,Father,51,796,688442,Salaried,Private,8217,14.32,Property,6907874,54.73,443299,Rented,Stable,Yes,Meets Criteria,Urban,Group_A,8.5
STU10317,26,Male,767,64.36,62.62,6.92,1,0,TOEFL,106.0,Australia,3662035,University_52,95,STEM,Father,52,706,1247436,Self-Employed,Private,27582,26.53,Property,5364343,68.27,417835,Owned,Improving,Yes,Meets Criteria,Urban,Group_B,8.5
STU10318,24,Female,-1,72.84,69.51,7.65,0,0,GRE,331.0,Germany,1687395,University_86,355,STEM,Father,52,711,1311343,Salaried,MNC,41914,38.36,Property,2946261,57.27,446526,Owned,Improving,Yes,Meets Criteria,Urban,Group_B,8.5
STU10319,26,Male,-1,78.38,68.14,7.03,1,1,IELTS,7.0,Germany,1700752,University_67,842,Management,Father,59,745,1878585,Self-Employed,Govt,50271,32.11,Property,2647127,64.25,155981,Mortgaged,Improving,Yes,Meets Criteria,Urban,Group_A,8.5
STU10320,21,Female,-1,73.67,68.7,6.51,0,0,IELTS,6.0,Australia,3121048,University_99,551,Arts,Father,50,651,937305,Salaried,Private,6585,8.43,Property,5317053,58.7,333530,Rented,Declining,No,Declining CIBIL Trend with borderline score,Urban,Group_A,9.5
STU10321,30,Male,-1,87.31,82.51,8.9,0,0,GRE,334.0,Ireland,3108928,University_95,794,STEM,Father,57,815,2302496,Self-Employed,Public,57323,29.88,Fixed Deposit,4113123,75.59,591532,Mortgaged,Stable,Yes,Meets Criteria,Semi-Urban,Group_A,8.5
STU10322,23,Male,741,66.26,65.77,7.69,0,0,GMAT,692.0,Canada,2732983,University_30,933,STEM,Mother,48,754,1613764,Salaried,MNC,24267,18.05,None,0,0.0,534094,Owned,Stable,Yes,Meets Criteria,Semi-Urban,Group_B,8.5
STU10323,26,Male,805,70.33,66.27,6.46,0,0,IELTS,8.0,USA,3713827,University_96,600,STEM,Father,47,829,952232,Self-Employed,Govt,11353,14.31,Property,5950551,62.41,413915,Rented,Stable,Yes,Meets Criteria,Urban,Group_B,8.5
STU10324,24,Male,-1,83.13,79.9,9.01,0,0,IELTS,7.5,Canada,3143465,University_85,32,Management,Father,52,690,679690,Salaried,Govt,4981,8.79,None,0,0.0,519985,Rented,Declining,No,Declining CIBIL Trend with borderline score; High Unsecured Loan (3143465) vs Income (679690),Rural,Group_B,10.0
STU10325,23,Male,719,73.36,68.32,7.72,0,0,,0.0,Canada,3914282,University_94,664,STEM,Mother,49,652,690206,Self-Employed,MNC,20125,34.99,Property,5139840,76.16,153802,Rented,Improving,Yes,Meets Criteria,Semi-Urban,Group_B,9.5
STU10326,24,Male,750,78.09,80.39,7.35,0,0,GRE,303.0,USA,4946933,University_93,353,Medical,Father,48,755,4709234,Salaried,MNC,133657,34.06,Property,6500092,76.11,302930,Rented,Stable,Yes,Meets Criteria,Semi-Urban,Group_A,8.5
STU10327,23,Male,678,77.3,75.23,8.36,0,0,IELTS,8.0,USA,5134052,University_97,955,STEM,Father,52,768,1952731,Salaried,Public,4761,2.93,Property,8919635,57.56,372865,Owned,Stable,Yes,Meets Criteria,Semi-Urban,Group_C,10.35
STU10328,22,Male,762,69.63,75.2,6.63,1,0,,0.0,Ireland,2884999,University_31,103,STEM,Mother,47,808,946400,Salaried,Public,28395,36.0,Fixed Deposit,4195448,68.76,582536,Owned,Stable,Yes,Meets Criteria,Urban,Group_B,8.5
STU10329,28,Female,792,78.08,82.25,8.2,0,0,IELTS,7.0,Australia,4043087,University_55,173,STEM,Mother,49,730,529066,Salaried,MNC,13855,31.43,Property,7155290,56.5,781967,Owned,Improving,Yes,Meets Criteria,Urban,Group_A,8.5
STU10330,24,Female,-1,80.69,70.1,7.91,0,0,GRE,320.0,Australia,3546501,University_46,794,STEM,Father,49,774,1956940,Salaried,MNC,7099,4.35,None,0,0.0,786909,Rented,Stable,Yes,Meets Criteria,Urban,Group_C,9.35
STU10331,22,Female,727,61.67,69.86,7.08,1,0,IELTS,6.5,Ireland,2444293,University_81,79,Management,Father,54,669,2078142,Salaried,Govt,58852,33.98,None,0,0.0,772308,Rented,Improving,Yes,Meets Criteria,Semi-Urban,Group_B,9.5
STU10332,25,Male,753,88.06,90.92,8.26,0,1,,0.0,Australia,2932785,University_34,557,STEM,Father,60,788,3980148,Salaried,Public,86755,26.16,None,0,0.0,265852,Owned,Stable,Yes,Meets Criteria,Urban,Group_B,8.5
STU10333,21,Female,-1,69.32,77.56,7.7,0,0,GMAT,624.0,Ireland,2304591,University_65,523,STEM,Mother,43,751,590770,Salaried,Govt,9888,20.08,None,0,0.0,360484,Mortgaged,Stable,No,High Unsecured Loan (2304591) vs Income (590770),Urban,Group_B,8.5
STU10334,23,Male,728,86.88,77.63,7.79,1,0,GRE,326.0,USA,5307681,University_85,894,Medical,Father,46,838,1813981,Salaried,MNC,56788,37.57,Property,6540845,81.15,621329,Owned,Stable,Yes,Meets Criteria,Urban,Group_B,8.5
STU10335,22,Male,779,62.43,57.53,6.0,0,0,GRE,313.0,Canada,3152282,University_59,903,Arts,Father,43,660,1479627,Salaried,Govt,5091,4.13,Fixed Deposit,6224978,50.64,774343,Rented,Declining,No,Declining CIBIL Trend with borderline score,Urban,Group_B,9.5
STU10336,26,Female,735,84.0,88.21,8.27,0,0,IELTS,7.5,UK,3973698,University_84,920,STEM,Father,60,669,670880,Salaried,MNC,5626,10.06,Property,7860528,50.55,343726,Mortgaged,Improving,Yes,Meets Criteria,Rural,Group_A,10.0
STU10337,23,Female,816,79.43,72.35,7.91,1,0,GRE,328.0,Germany,1685542,University_18,451,STEM,Father,46,708,961666,Salaried,Govt,16493,20.58,None,0,0.0,404450,Rented,Improving,Yes,Meets Criteria,Semi-Urban,Group_A,8.5
STU10338,29,Male,-1,64.15,66.78,7.21,0,0,IELTS,6.0,Australia,3831997,University_54,831,STEM,Father,55,834,1037689,Salaried,Private,16655,19.26,Property,6066249,63.17,330939,Owned,Stable,Yes,Meets Criteria,Urban,Group_C,9.35
STU10339,22,Male,725,72.34,60.17,6.05,0,0,,0.0,Australia,3705820,University_21,138,Arts,Father,53,781,882190,Salaried,Public,26195,35.63,None,0,0.0,263999,Mortgaged,Stable,No,High Unsecured Loan (3705820) vs Income (882190),Urban,Group_A,8.5
STU10340,24,Female,657,73.83,67.74,6.61,0,0,GRE,326.0,USA,4747720,University_93,746,STEM,Sister,31,671,513557,Self-Employed,Public,7689,17.97,Property,9468001,50.14,615065,Mortgaged,Improving,Yes,Meets Criteria,Urban,Group_A,10.5
STU10341,23,Male,-1,72.57,69.13,7.2,0,0,IELTS,6.5,Australia,3777424,University_66,271,STEM,Brother,28,835,759447,Salaried,Private,8674,13.71,None,0,0.0,585497,Mortgaged,Stable,No,High Unsecured Loan (3777424) vs Income (759447),Urban,Group_A,8.5
STU10342,30,Male,776,76.17,78.5,7.43,1,0,GMAT,601.0,Canada,3329978,University_65,701,Management,Father,57,688,717462,Salaried,MNC,2303,3.85,None,0,0.0,608985,Mortgaged,Declining,No,Declining CIBIL Trend with borderline score; High Unsecured Loan (3329978) vs Income (717462),Urban,Group_A,9.5
STU10343,26,Female,778,86.16,80.97,8.43,0,0,GRE,295.0,Canada,3276558,University_17,924,STEM,Mother,56,788,802518,Salaried,Public,23994,35.88,Property,5962995,54.95,790768,Mortgaged,Stable,Yes,Meets Criteria,Urban,Group_B,8.5
STU10344,23,Male,-1,74.26,81.07,7.84,1,1,,0.0,USA,4372121,University_62,809,STEM,Father,56,747,1535090,Self-Employed,Govt,30141,23.56,Property,7839716,55.77,714106,Rented,Improving,Yes,Meets Criteria,Urban,Group_C,9.35
STU10345,28,Male,-1,59.94,65.09,6.14,0,0,GMAT,571.0,Germany,1917944,University_70,419,STEM,Mother,53,698,402867,Salaried,Public,9523,28.37,Property,3512787,54.6,716063,Mortgaged,Improving,Yes,Meets Criteria,Semi-Urban,Group_A,9.5
STU10346,23,Female,716,58.64,68.35,6.89,0,0,GRE,310.0,USA,4335921,University_14,159,STEM,Father,50,816,1331907,Salaried,Private,11601,10.45,Property,7062711,61.39,702099,Rented,Stable,Yes,Meets Criteria,Semi-Urban,Group_A,8.5
STU10347,21,Male,-1,70.1,76.18,7.73,0,0,IELTS,7.5,Canada,3368778,University_72,495,STEM,Father,44,744,693126,Salaried,Private,12820,22.2,Property,4726470,71.27,431549,Owned,Improving,Yes,Meets Criteria,Urban,Group_A,8.5
STU10348,23,Female,-1,83.94,78.3,7.44,0,0,IELTS,6.0,UK,4616327,University_58,802,Management,Mother,55,691,1010300,Salaried,Private,7222,8.58,Property,7018888,65.77,464877,Mortgaged,Declining,No,Declining CIBIL Trend with borderline score,Urban,Group_C,10.35
STU10349,23,Male,-1,88.24,89.29,7.98,0,0,IELTS,7.5,UK,4980478,University_1,824,STEM,Mother,45,687,647290,Self-Employed,Public,19976,37.03,Property,7711283,64.59,177193,Rented,Improving,Yes,Meets Criteria,Semi-Urban,Group_B,9.5
STU10350,21,Male,683,62.85,62.22,6.74,0,1,GMAT,652.0,UK,4391462,University_67,294,Arts,Father,53,802,430127,Self-Employed,Govt,13559,37.83,Property,8151357,53.87,781394,Mortgaged,Stable,Yes,Meets Criteria,Urban,Group_A,9.5
STU10351,24,Female,813,71.19,78.02,8.02,3,0,GRE,308.0,Canada,2897065,University_77,523,STEM,Father,53,828,2971699,Salaried,Govt,60938,24.61,None,0,0.0,147812,Rented,Stable,Yes,Meets Criteria,Rural,Group_B,9.0
STU10352,27,Male,696,62.18,64.54,7.71,0,0,TOEFL,105.0,UK,3953254,University_51,416,Management,Brother,33,782,832226,Self-Employed,Private,20442,29.48,None,0,0.0,181950,Rented,Stable,No,High Unsecured Loan (3953254) vs Income (832226),Semi-Urban,Group_C,10.35
STU10353,23,Female,-1,90.82,93.47,9.1,0,0,GRE,327.0,Australia,3381257,University_36,232,Management,Mother,53,699,1753699,Salaried,Public,54347,37.19,Property,5612634,60.24,383791,Mortgaged,Improving,Yes,Meets Criteria,Urban,Group_B,9.5
STU10354,22,Male,672,68.81,68.3,7.16,0,0,IELTS,6.0,Ireland,3027177,University_33,898,Management,Brother,29,827,1728554,Self-Employed,Govt,55662,38.64,None,0,0.0,700525,Rented,Stable,Yes,Meets Criteria,Urban,Group_C,10.35
STU10355,22,Female,-1,73.16,74.6,8.11,0,0,IELTS,7.5,Canada,3823411,University_4,494,STEM,Father,44,716,2283344,Self-Employed,Govt,29125,15.31,None,0,0.0,341087,Mortgaged,Improving,Yes,Meets Criteria,Semi-Urban,Group_A,8.5
STU10356,27,Female,-1,78.76,80.04,8.96,0,1,IELTS,8.0,USA,4564173,University_90,853,STEM,Mother,52,713,550622,Salaried,Public,1707,3.72,Property,7936906,57.51,468605,Mortgaged,Improving,Yes,Meets Criteria,Urban,Group_B,8.5
STU10357,22,Male,659,74.31,76.34,7.49,0,0,GRE,326.0,Canada,2995180,University_96,700,Medical,Brother,28,777,1218732,Self-Employed,Private,9541,9.39,None,0,0.0,363814,Owned,Stable,Yes,Meets Criteria,Semi-Urban,Group_B,9.5
STU10358,25,Female,-1,84.28,84.22,8.49,1,0,GRE,329.0,Canada,3109956,University_100,110,Arts,Father,47,670,754320,Salaried,Govt,24032,38.23,None,0,0.0,626596,Owned,Declining,No,Declining CIBIL Trend with borderline score; High Unsecured Loan (3109956) vs Income (754320),Rural,Group_B,10.0
STU10359,22,Female,728,68.06,69.57,6.79,0,0,TOEFL,103.0,Canada,3459281,University_64,920,Management,Father,57,797,3152314,Salaried,Private,51572,19.63,None,0,0.0,645962,Mortgaged,Stable,Yes,Meets Criteria,Semi-Urban,Group_B,8.5
STU10360,27,Female,-1,66.74,72.06,6.42,0,1,GRE,317.0,Ireland,2676585,University_70,34,STEM,Mother,56,738,606421,Salaried,Public,17392,34.42,None,0,0.0,293291,Owned,Improving,No,High Unsecured Loan (2676585) vs Income (606421),Urban,Group_B,8.5
STU10361,22,Female,708,94.77,91.2,9.46,3,1,GRE,290.0,UK,4492493,University_49,595,STEM,Father,44,733,1558336,Salaried,Public,31830,24.51,Property,6324354,71.03,685210,Mortgaged,Improving,Yes,Meets Criteria,Semi-Urban,Group_B,8.5
STU10362,24,Male,-1,66.93,77.26,6.8,2,0,GRE,301.0,Ireland,2698671,University_27,430,Medical,Father,56,842,1580790,Salaried,Public,19237,14.6,Property,4103259,65.77,582623,Rented,Stable,Yes,Meets Criteria,Urban,Group_A,8.5
STU10363,24,Male,673,86.83,82.43,8.44,0,0,IELTS,7.0,UK,4710867,University_72,443,Management,Father,58,747,2822349,Salaried,MNC,13720,5.83,Property,9267775,50.83,266812,Owned,Improving,Yes,Meets Criteria,Urban,Group_B,9.5
STU10364,24,Male,760,81.82,86.66,9.41,0,0,IELTS,8.0,Ireland,2736701,University_41,805,Management,Father,52,726,531582,Salaried,Public,9960,22.48,None,0,0.0,705417,Mortgaged,Improving,No,High Unsecured Loan (2736701) vs Income (531582),Rural,Group_C,9.85
STU10365,23,Male,656,77.31,67.85,7.92,0,0,IELTS,7.5,Germany,2384736,University_13,461,STEM,Mother,55,735,3089551,Salaried,Public,37173,14.44,Property,3930712,60.67,380233,Rented,Improving,Yes,Meets Criteria,Urban,Group_C,10.35
STU10366,23,Female,-1,71.5,70.59,7.55,0,0,IELTS,8.0,Australia,3166499,University_74,666,Management,Mother,54,787,2732069,Salaried,Public,89190,39.17,None,0,0.0,408433,Mortgaged,Stable,Yes,Meets Criteria,Rural,Group_A,9.0
STU10367,26,Male,695,72.41,76.37,7.15,0,0,TOEFL,85.0,USA,4285927,University_37,475,Medical,Father,57,687,1151432,Salaried,Govt,24586,25.62,Property,8326927,51.47,552306,Rented,Declining,No,Declining CIBIL Trend with borderline score,Rural,Group_A,11.0
STU10368,22,Male,830,79.44,86.98,7.46,0,2,,0.0,USA,4218525,University_41,325,STEM,Father,53,724,772471,Salaried,Govt,6887,10.7,Property,7237788,58.28,394424,Rented,Improving,Yes,Meets Criteria,Urban,Group_A,8.5
STU10369,23,Female,806,92.51,89.65,8.62,0,0,GRE,318.0,Ireland,2607108,University_24,875,STEM,Father,44,682,781562,Salaried,Private,6112,9.38,None,0,0.0,373871,Rented,Declining,No,Declining CIBIL Trend with borderline score; High Unsecured Loan (2607108) vs Income (781562),Urban,Group_B,9.5
STU10370,24,Male,-1,93.72,84.41,8.57,1,0,TOEFL,86.0,Australia,3017597,University_61,562,STEM,Father,45,656,1632596,Self-Employed,MNC,28515,20.96,Property,6025570,50.08,218976,Owned,Improving,Yes,Meets Criteria,Urban,Group_B,9.5
STU10371,21,Male,733,74.81,87.52,7.94,1,1,TOEFL,94.0,Germany,1887813,University_37,454,Management,Father,52,682,2550617,Self-Employed,Public,44783,21.07,None,0,0.0,288895,Mortgaged,Improving,Yes,Meets Criteria,Urban,Group_A,9.5
STU10372,24,Male,-1,65.81,68.76,6.07,0,0,TOEFL,110.0,Germany,2072442,University_70,958,Management,Father,49,790,1732908,Self-Employed,Public,7804,5.4,Fixed Deposit,4059476,51.05,675484,Mortgaged,Stable,Yes,Meets Criteria,Urban,Group_B,8.5
STU10373,29,Male,-1,69.27,69.78,6.98,2,0,IELTS,8.0,Canada,3214170,University_82,655,Arts,Father,58,729,1528065,Salaried,Govt,24533,19.27,None,0,0.0,348161,Rented,Improving,Yes,Meets Criteria,Semi-Urban,Group_B,8.5
STU10374,23,Female,661,73.74,72.15,7.28,0,0,IELTS,6.0,Canada,3330777,University_98,869,Medical,Mother,46,738,3202769,Self-Employed,Private,50091,18.77,Property,4019094,82.87,625827,Rented,Improving,Yes,Meets Criteria,Urban,Group_B,9.5
STU10375,23,Male,746,69.45,75.77,7.37,1,0,GRE,304.0,UK,4698569,University_71,383,Arts,Mother,47,755,1975568,Self-Employed,MNC,28784,17.48,Property,6577606,71.43,787370,Mortgaged,Stable,Yes,Meets Criteria,Urban,Group_B,8.5
STU10376,25,Female,-1,72.37,70.64,7.3,0,0,GMAT,611.0,UK,4227904,University_79,827,Medical,Father,57,825,1370143,Salaried,Govt,13001,11.39,Property,7586303,55.73,391880,Mortgaged,Stable,Yes,Meets Criteria,Semi-Urban,Group_B,8.5
STU10377,22,Female,-1,80.19,70.12,7.17,0,0,GRE,330.0,USA,4419617,University_58,279,STEM,Brother,32,698,568109,Salaried,Public,367,0.78,Property,5479024,80.66,670957,Owned,Declining,No,Declining CIBIL Trend with borderline score,Urban,Group_B,9.5
STU10378,22,Female,-1,70.25,59.9,5.75,0,0,TOEFL,108.0,UK,4581539,University_30,93,Management,Father,45,653,658777,Self-Employed,Public,4769,8.69,Property,7038134,65.1,632605,Rented,Declining,No,Declining CIBIL Trend with borderline score,Semi-Urban,Group_A,9.5
STU10379,22,Male,697,80.78,73.86,8.16,0,0,GRE,299.0,Australia,2960695,University_100,402,STEM,Father,44,789,646492,Self-Employed,MNC,3913,7.26,Fixed Deposit,5674347,52.18,372227,Rented,Stable,Yes,Meets Criteria,Urban,Group_B,9.5
STU10380,23,Female,698,81.68,91.37,8.36,0,0,,0.0,USA,4988205,University_57,254,STEM,Father,55,658,1217711,Self-Employed,Private,18705,18.43,Property,9062554,55.04,656453,Mortgaged,Improving,Yes,Meets Criteria,Urban,Group_B,10.5
STU10381,25,Female,735,91.56,94.69,8.91,0,0,TOEFL,100.0,Ireland,2331300,University_94,44,STEM,Father,57,790,673115,Salaried,MNC,2740,4.88,None,0,0.0,614605,Rented,Stable,No,High Unsecured Loan (2331300) vs Income (673115),Semi-Urban,Group_C,9.35
STU10382,24,Male,781,69.37,64.75,7.4,0,0,GRE,297.0,UK,3756422,University_56,333,STEM,Father,45,692,544755,Salaried,Public,10617,23.39,None,0,0.0,525035,Rented,Improving,No,High Unsecured Loan (3756422) vs Income (544755),Semi-Urban,Group_B,9.5
STU10383,23,Female,681,55.9,67.02,6.24,0,0,IELTS,8.0,UK,3620386,University_99,92,Management,Father,47,690,662101,Salaried,Govt,2017,3.66,Property,6136249,59.0,765498,Mortgaged,Declining,No,Declining CIBIL Trend with borderline score,Rural,Group_B,11.0
STU10384,26,Female,-1,62.13,59.11,6.48,0,0,TOEFL,86.0,UK,3571390,University_30,325,Medical,Father,55,815,1528379,Self-Employed,Public,41038,32.22,Property,5539137,64.48,312338,Rented,Stable,Yes,Meets Criteria,Semi-Urban,Group_A,8.5
STU10385,22,Female,652,81.05,77.7,8.92,0,0,IELTS,7.5,Canada,3572746,University_72,302,STEM,Mother,51,828,656949,Self-Employed,Govt,4155,7.59,None,0,0.0,305692,Mortgaged,Stable,No,High Unsecured Loan (3572746) vs Income (656949),Semi-Urban,Group_B,9.5
STU10386,23,Male,769,76.42,69.56,7.79,0,0,GRE,325.0,USA,3888618,University_68,159,Management,Mother,51,725,3104567,Self-Employed,Public,56048,21.66,None,0,0.0,586136,Mortgaged,Improving,Yes,Meets Criteria,Urban,Group_A,8.5
STU10387,23,Male,650,85.87,89.28,9.15,0,0,IELTS,8.0,UK,4799473,University_100,636,Management,Father,47,732,932838,Salaried,MNC,20469,26.33,Property,7828733,61.31,516313,Rented,Improving,Yes,Meets Criteria,Urban,Group_A,9.5
STU10388,22,Male,674,78.19,78.99,7.99,2,0,,0.0,USA,4180680,University_83,330,Management,Father,44,674,1897232,Salaried,Private,41668,26.36,Property,5163230,80.97,246078,Owned,Improving,Yes,Meets Criteria,Semi-Urban,Group_B,10.5
STU10389,24,Male,672,84.24,88.49,8.27,0,0,GRE,326.0,Australia,3804122,University_50,674,STEM,Father,52,784,4617122,Self-Employed,Public,107935,28.05,None,0,0.0,378371,Rented,Stable,Yes,Meets Criteria,Semi-Urban,Group_C,10.35
STU10390,22,Female,-1,59.78,67.24,5.67,0,0,TOEFL,93.0,Australia,3824279,University_11,480,STEM,Father,55,813,2254596,Salaried,Private,27124,14.44,None,0,0.0,546158,Rented,Stable,Yes,Meets Criteria,Rural,Group_A,9.0
STU10391,23,Male,797,79.7,88.08,8.68,0,0,GRE,294.0,USA,5102021,University_10,968,STEM,Father,47,782,450918,Self-Employed,MNC,1521,4.05,Property,7065352,72.21,514048,Rented,Stable,Yes,Meets Criteria,Urban,Group_A,8.5
STU10392,24,Female,-1,68.58,64.42,7.01,0,0,GRE,301.0,Germany,2149075,University_72,426,STEM,Father,56,677,1550704,Salaried,Private,34864,26.98,None,0,0.0,557820,Rented,Declining,No,Declining CIBIL Trend with borderline score,Urban,Group_B,9.5
STU10393,23,Male,663,62.71,66.03,6.51,0,0,GMAT,590.0,Australia,3648816,University_77,454,Medical,Father,58,740,1460928,Self-Employed,Public,26787,22.0,None,0,0.0,450424,Owned,Improving,Yes,Meets Criteria,Semi-Urban,Group_A,9.5
STU10394,24,Female,-1,86.53,89.84,9.27,0,0,IELTS,7.0,Canada,3443105,University_73,559,STEM,Father,48,746,4307869,Salaried,MNC,132990,37.05,Property,4831610,71.26,584379,Owned,Improving,Yes,Meets Criteria,Urban,Group_B,8.5
STU10395,22,Male,-1,74.38,79.32,8.32,0,0,GRE,328.0,Germany,1693694,University_18,912,Arts,Mother,47,651,1429846,Self-Employed,MNC,46917,39.38,Property,2323508,72.89,440201,Owned,Declining,No,Declining CIBIL Trend with borderline score,Rural,Group_B,10.0
STU10396,28,Female,-1,67.98,66.0,5.98,0,0,IELTS,8.0,Australia,3616230,University_74,949,Management,Father,58,689,997735,Salaried,Public,1255,1.51,Property,5368382,67.36,255131,Rented,Improving,Yes,Meets Criteria,Rural,Group_B,10.0
STU10397,28,Female,683,74.74,69.51,7.82,0,0,TOEFL,85.0,USA,4626876,University_73,940,STEM,Mother,52,837,2323807,Self-Employed,Private,56048,28.94,Property,8487186,54.52,291301,Owned,Stable,Yes,Meets Criteria,Urban,Group_A,9.5
STU10398,23,Female,-1,83.13,80.19,8.19,2,0,,0.0,Australia,3017324,University_83,308,STEM,Father,44,837,1600161,Salaried,Private,4185,3.14,Property,3755778,80.34,460632,Owned,Stable,Yes,Meets Criteria,Semi-Urban,Group_A,8.5
STU10399,28,Male,744,87.91,95.35,8.32,0,1,TOEFL,94.0,UK,4616100,University_78,951,STEM,Mother,49,812,731451,Salaried,Private,9325,15.3,Property,6664848,69.26,153182,Owned,Stable,Yes,Meets Criteria,Semi-Urban,Group_B,8.5
STU10400,25,Female,-1,73.05,69.48,7.5,0,0,GRE,299.0,Canada,2706686,University_94,403,STEM,Father,53,842,4496166,Self-Employed,MNC,86214,23.01,None,0,0.0,204458,Owned,Stable,Yes,Meets Criteria,Urban,Group_B,8.5
STU10401,23,Male,678,79.75,70.18,7.3,0,1,TOEFL,110.0,Ireland,2777155,University_7,562,STEM,Father,50,717,978424,Salaried,Private,12997,15.94,Property,4297905,64.62,246708,Rented,Improving,Yes,Meets Criteria,Rural,Group_A,10.0
STU10402,25,Male,-1,85.07,80.83,8.38,0,0,GRE,326.0,UK,3689446,University_79,754,STEM,Sister,31,712,2300497,Salaried,Public,20417,10.65,Property,5696698,64.76,713998,Owned,Improving,Yes,Meets Criteria,Urban,Group_B,8.5
STU10403,23,Female,-1,67.76,64.04,6.29,0,0,GRE,310.0,USA,4220144,University_84,25,Management,Mother,56,728,488738,Salaried,MNC,16090,39.51,Property,7144605,59.07,573690,Mortgaged,Improving,Yes,Meets Criteria,Semi-Urban,Group_A,8.5
STU10404,24,Female,779,60.05,71.65,6.24,0,0,TOEFL,103.0,Germany,1811032,University_94,874,Arts,Father,46,678,914375,Self-Employed,Private,7407,9.72,Property,3072962,58.93,264850,Owned,Improving,Yes,Meets Criteria,Urban,Group_B,9.5
STU10405,23,Male,686,65.82,57.08,6.22,0,1,GRE,291.0,Ireland,2518426,University_95,551,Management,Father,47,702,4291870,Salaried,Govt,74859,20.93,None,0,0.0,381222,Owned,Improving,Yes,Meets Criteria,Rural,Group_A,10.0
STU10406,27,Male,-1,80.81,86.35,8.19,0,0,TOEFL,81.0,Australia,3422313,University_85,540,STEM,Father,48,715,489296,Salaried,Public,980,2.4,Property,4656251,73.5,757983,Rented,Improving,Yes,Meets Criteria,Urban,Group_C,9.35
STU10407,23,Male,-1,70.11,77.32,6.41,0,0,GMAT,719.0,Canada,2998129,University_85,369,Management,Father,57,677,2080021,Salaried,Public,20279,11.7,Property,5716598,52.45,515298,Owned,Declining,No,Declining CIBIL Trend with borderline score,Urban,Group_A,9.5
STU10408,25,Male,679,92.02,95.04,9.8,0,0,GRE,321.0,Germany,2408089,University_69,91,Management,Father,48,700,1849941,Salaried,Govt,59616,38.67,None,0,0.0,697923,Rented,Improving,Yes,Meets Criteria,Rural,Group_A,10.0
STU10409,23,Male,841,59.36,63.59,6.06,0,0,,0.0,Ireland,2584871,University_21,19,Management,Father,49,825,584503,Self-Employed,MNC,6923,14.21,Fixed Deposit,3727024,69.35,635600,Mortgaged,Stable,Yes,Meets Criteria,Urban,Group_A,8.5
STU10410,23,Male,685,88.74,92.54,9.27,3,0,IELTS,6.0,USA,5299446,University_36,231,STEM,Mother,46,737,1623860,Salaried,MNC,35558,26.28,Property,6731547,78.73,510773,Owned,Improving,Yes,Meets Criteria,Urban,Group_A,9.5
STU10411,27,Male,766,93.0,93.2,8.72,0,0,GMAT,611.0,USA,4631217,University_55,994,STEM,Mother,52,804,3381121,Salaried,Govt,50623,17.97,Property,6045672,76.6,794167,Mortgaged,Stable,Yes,Meets Criteria,Rural,Group_C,9.85
STU10412,24,Male,-1,67.28,71.16,7.21,0,0,TOEFL,99.0,UK,4516733,University_68,932,STEM,Father,47,760,1104407,Salaried,Private,24158,26.25,Property,7461080,60.54,275725,Owned,Stable,Yes,Meets Criteria,Rural,Group_C,9.85
STU10413,27,Male,690,65.03,67.83,5.98,0,0,IELTS,6.5,UK,4581493,University_98,327,STEM,Mother,62,755,615614,Self-Employed,Govt,6224,12.13,Property,8230596,55.66,777782,Owned,Stable,Yes,Meets Criteria,Semi-Urban,Group_A,9.5
STU10414,27,Male,-1,87.1,94.68,8.46,0,0,IELTS,6.5,Canada,2674581,University_79,632,STEM,Mother,52,805,697293,Salaried,Private,14233,24.49,Property,4485509,59.63,352129,Mortgaged,Stable,Yes,Meets Criteria,Semi-Urban,Group_A,8.5
STU10415,21,Female,737,56.97,67.48,5.78,0,2,IELTS,8.0,UK,4147522,University_84,383,Management,Mother,44,749,657659,Salaried,Govt,10387,18.95,Property,5520472,75.13,347264,Mortgaged,Improving,Yes,Meets Criteria,Urban,Group_B,8.5
STU10416,23,Male,-1,67.43,56.19,6.0,0,0,GRE,316.0,Canada,2933771,University_86,208,Arts,Father,56,702,938698,Self-Employed,MNC,5540,7.08,Property,5761219,50.92,570623,Rented,Improving,Yes,Meets Criteria,Urban,Group_C,9.35
STU10417,24,Female,-1,88.36,85.89,8.79,0,0,GRE,305.0,USA,4369600,University_100,43,STEM,Father,54,838,1597703,Salaried,Public,38355,28.81,Property,6621344,65.99,709716,Mortgaged,Stable,Yes,Meets Criteria,Urban,Group_B,8.5
STU10418,23,Male,726,80.71,81.65,7.17,2,0,IELTS,6.0,Canada,3236124,University_6,899,Management,Father,47,782,1927994,Salaried,Public,25424,15.82,None,0,0.0,151158,Mortgaged,Stable,Yes,Meets Criteria,Semi-Urban,Group_A,8.5
STU10419,22,Female,-1,79.47,81.19,7.25,1,0,GRE,308.0,Ireland,2634718,University_39,793,Management,Father,56,723,641878,Salaried,Private,3562,6.66,None,0,0.0,418721,Rented,Improving,No,High Unsecured Loan (2634718) vs Income (641878),Semi-Urban,Group_A,8.5
STU10420,22,Male,-1,74.21,81.15,7.55,0,0,TOEFL,108.0,Canada,2759381,University_65,116,Management,Father,45,849,4455546,Self-Employed,Govt,139286,37.51,None,0,0.0,682949,Owned,Stable,Yes,Meets Criteria,Semi-Urban,Group_B,8.5
STU10421,23,Female,-1,65.26,65.82,6.17,0,0,GRE,327.0,Ireland,3128346,University_26,904,Medical,Father,51,673,1324461,Salaried,Govt,14307,12.96,None,0,0.0,790081,Rented,Declining,No,Declining CIBIL Trend with borderline score,Semi-Urban,Group_A,9.5
STU10422,25,Male,-1,94.16,92.99,8.41,1,0,GRE,297.0,Canada,3572219,University_82,372,STEM,Father,47,784,1605490,Salaried,Govt,38899,29.07,Property,7073540,50.5,751804,Owned,Stable,Yes,Meets Criteria,Urban,Group_B,8.5
STU10423,24,Female,770,72.07,77.88,8.0,0,0,IELTS,8.0,Australia,4134679,University_20,167,STEM,Father,58,687,1175111,Self-Employed,Private,30128,30.77,Property,5131336,80.58,433026,Rented,Improving,Yes,Meets Criteria,Urban,Group_A,9.5
STU10424,24,Male,-1,75.82,70.98,7.37,0,0,GRE,297.0,Germany,2434775,University_26,4,STEM,Father,54,845,1330813,Salaried,Private,541,0.49,Fixed Deposit,3891019,62.57,632864,Rented,Stable,Yes,Meets Criteria,Urban,Group_B,8.5
STU10425,25,Male,769,88.34,86.63,8.25,1,0,GRE,332.0,Germany,2079598,University_53,453,STEM,Father,47,803,813785,Salaried,Public,6638,9.79,None,0,0.0,683929,Mortgaged,Stable,Yes,Meets Criteria,Urban,Group_A,8.5
STU10426,26,Male,735,81.96,85.97,7.43,0,0,GRE,299.0,Canada,2712684,University_45,38,Management,Mother,49,658,749698,Salaried,Govt,14446,23.12,Fixed Deposit,4564439,59.43,457195,Rented,Improving,Yes,Meets Criteria,Urban,Group_B,9.5
STU10427,24,Male,761,62.73,59.14,6.66,0,0,TOEFL,115.0,Australia,3135483,University_59,768,STEM,Father,54,742,418790,Salaried,Public,1300,3.73,None,0,0.0,423833,Mortgaged,Improving,No,High Unsecured Loan (3135483) vs Income (418790),Rural,Group_B,9.0
STU10428,23,Female,691,71.74,67.07,7.25,1,0,GRE,325.0,USA,3716866,University_61,138,Arts,Mother,45,827,543874,Salaried,Public,5968,13.17,Property,5690545,65.32,330038,Owned,Stable,Yes,Meets Criteria,Urban,Group_B,9.5
STU10429,28,Male,739,62.14,69.84,7.6,0,0,,0.0,Ireland,2731262,University_12,496,STEM,Father,60,826,1402276,Self-Employed,Govt,19961,17.08,Property,5129961,53.24,382273,Mortgaged,Stable,Yes,Meets Criteria,Urban,Group_A,8.5
STU10430,23,Female,767,81.6,86.16,8.15,0,0,GRE,321.0,Ireland,2721282,University_81,510,Management,Father,51,696,719504,Salaried,MNC,5581,9.31,None,0,0.0,414598,Mortgaged,Improving,No,High Unsecured Loan (2721282) vs Income (719504),Urban,Group_B,9.5
STU10431,23,Male,774,55.41,64.43,5.68,0,1,,0.0,Australia,4101220,University_79,425,STEM,Mother,50,661,1500014,Self-Employed,MNC,17482,13.99,Property,7566073,54.21,332652,Owned,Improving,Yes,Meets Criteria,Semi-Urban,Group_B,9.5
STU10432,24,Male,-1,58.36,59.56,6.72,0,0,,0.0,Canada,3046259,University_65,564,STEM,Mother,50,846,2025717,Salaried,Govt,7686,4.55,Property,4467723,68.18,525287,Owned,Stable,Yes,Meets Criteria,Semi-Urban,Group_B,8.5
STU10433,27,Male,742,86.47,84.55,7.5,0,0,,0.0,Australia,4080708,University_87,491,Management,Father,62,771,2149143,Salaried,Private,46253,25.83,Property,6468723,63.08,767667,Owned,Stable,Yes,Meets Criteria,Urban,Group_B,8.5
STU10434,22,Female,708,89.82,86.79,9.35,0,0,GRE,316.0,Ireland,3162013,University_8,856,Arts,Father,51,726,696192,Salaried,MNC,16823,29.0,None,0,0.0,440828,Rented,Improving,No,High Unsecured Loan (3162013) vs Income (696192),Urban,Group_B,8.5
STU10435,30,Male,-1,71.94,80.32,7.66,3,2,IELTS,7.0,USA,3719183,University_20,288,Management,Father,64,657,1511255,Salaried,Govt,49549,39.34,None,0,0.0,766944,Owned,Declining,No,Declining CIBIL Trend with borderline score,Semi-Urban,Group_B,9.5
STU10436,24,Male,768,88.84,86.12,8.92,0,0,IELTS,7.0,USA,4869479,University_41,727,STEM,Mother,45,719,1667948,Salaried,Public,4825,3.47,Property,9259991,52.59,499633,Rented,Improving,Yes,Meets Criteria,Urban,Group_A,8.5
STU10437,26,Male,757,84.42,87.76,8.25,1,0,IELTS,7.0,USA,5012899,University_100,207,STEM,Father,61,673,3861324,Salaried,Govt,65126,20.24,Property,9219825,54.37,634344,Mortgaged,Improving,Yes,Meets Criteria,Semi-Urban,Group_B,9.5
STU10438,22,Male,769,74.56,71.69,6.86,0,0,TOEFL,100.0,Germany,1800367,University_13,842,STEM,Father,51,823,1078329,Salaried,Govt,7375,8.21,Property,2213086,81.35,516415,Owned,Stable,Yes,Meets Criteria,Semi-Urban,Group_B,8.5
STU10439,23,Female,741,82.68,85.61,8.16,1,1,GRE,328.0,Canada,3790875,University_43,479,STEM,Father,58,661,1016223,Salaried,Govt,17634,20.82,Fixed Deposit,6547551,57.9,437659,Mortgaged,Declining,No,Declining CIBIL Trend with borderline score,Urban,Group_A,9.5
STU10440,27,Male,652,77.01,85.71,7.71,1,0,,0.0,UK,3683476,University_36,546,Management,Father,53,847,1725087,Salaried,Govt,38591,26.84,Property,5223623,70.52,275146,Rented,Stable,Yes,Meets Criteria,Urban,Group_A,9.5
STU10441,23,Female,685,72.81,66.83,6.0,0,0,IELTS,8.0,Canada,3102419,University_41,278,Management,Mother,46,830,1394056,Salaried,MNC,26676,22.96,None,0,0.0,289594,Rented,Stable,Yes,Meets Criteria,Rural,Group_A,10.0
STU10442,22,Male,-1,66.34,62.22,6.38,0,0,GRE,298.0,Australia,2921749,University_87,52,STEM,Father,44,748,2225654,Salaried,Private,6389,3.44,Fixed Deposit,4422164,66.07,735078,Owned,Improving,Yes,Meets Criteria,Urban,Group_B,8.5
STU10443,22,Female,725,84.24,80.57,7.92,2,2,IELTS,7.0,Canada,3719023,University_92,777,Management,Father,53,786,964723,Self-Employed,MNC,31311,38.95,Fixed Deposit,6711327,55.41,598316,Owned,Stable,Yes,Meets Criteria,Urban,Group_B,8.5
STU10444,23,Male,-1,73.43,84.07,8.25,0,1,,0.0,USA,3775073,University_40,701,Arts,Father,54,831,1776008,Salaried,Public,27856,18.82,Property,7391436,51.07,260703,Owned,Stable,Yes,Meets Criteria,Semi-Urban,Group_B,8.5
STU10445,21,Male,-1,90.09,94.53,8.67,0,0,IELTS,7.0,Germany,2342574,University_42,465,Management,Father,49,657,2274162,Salaried,Public,36032,19.01,None,0,0.0,478512,Rented,Improving,Yes,Meets Criteria,Rural,Group_B,10.0
STU10446,22,Male,711,71.4,80.36,7.79,1,0,GRE,298.0,USA,4514309,University_52,838,STEM,Father,54,677,1483399,Self-Employed,Private,27499,22.25,Property,5673309,79.57,426793,Rented,Improving,Yes,Meets Criteria,Rural,Group_A,10.0
STU10447,24,Female,-1,76.99,77.18,8.03,0,0,IELTS,8.0,UK,3627154,University_62,394,STEM,Mother,46,737,1236708,Salaried,Public,33552,32.56,Property,6067416,59.78,566501,Mortgaged,Improving,Yes,Meets Criteria,Semi-Urban,Group_A,8.5
STU10448,24,Male,-1,77.15,82.43,7.46,2,0,GRE,332.0,Australia,2992167,University_92,588,STEM,Mother,58,774,1039753,Self-Employed,MNC,20523,23.69,Fixed Deposit,4698679,63.68,692051,Rented,Stable,Yes,Meets Criteria,Urban,Group_A,8.5
STU10449,23,Male,662,82.3,94.0,8.07,2,0,TOEFL,86.0,Ireland,2900349,University_77,790,STEM,Father,57,747,1486625,Self-Employed,Public,24494,19.77,None,0,0.0,174468,Owned,Improving,Yes,Meets Criteria,Urban,Group_A,9.5
STU10450,23,Male,711,63.61,70.24,7.29,1,0,GRE,290.0,UK,4631890,University_85,153,STEM,Father,51,786,552831,Salaried,Public,7186,15.6,Property,7699799,60.16,315171,Rented,Stable,Yes,Meets Criteria,Semi-Urban,Group_A,8.5
STU10451,22,Female,-1,74.33,65.67,7.31,0,0,,0.0,Germany,2250829,University_56,736,Management,Mother,57,738,987250,Salaried,Govt,19176,23.31,Property,3802083,59.2,645218,Rented,Improving,Yes,Meets Criteria,Semi-Urban,Group_A,8.5
STU10452,23,Male,-1,69.04,71.54,7.27,0,0,GRE,325.0,Australia,4273775,University_1,721,Management,Father,52,741,2460109,Salaried,MNC,70625,34.45,Property,8088305,52.84,356668,Rented,Improving,Yes,Meets Criteria,Urban,Group_B,8.5
STU10453,24,Female,705,81.98,80.84,8.18,0,1,IELTS,7.5,USA,4383342,University_28,679,STEM,Father,47,771,1091649,Salaried,Govt,6849,7.53,Property,6608659,66.33,487789,Owned,Stable,Yes,Meets Criteria,Rural,Group_B,9.0
STU10454,22,Male,753,74.59,69.68,6.16,1,0,IELTS,6.0,USA,4767100,University_19,739,STEM,Father,57,774,1715900,Salaried,Public,55765,39.0,Property,6238325,76.42,253885,Rented,Stable,Yes,Meets Criteria,Urban,Group_C,9.35
STU10455,29,Male,732,92.08,92.58,8.96,0,0,GMAT,658.0,UK,4407057,University_59,522,Arts,Father,56,791,635953,Salaried,Private,8155,15.39,Property,6084350,72.43,555405,Rented,Stable,Yes,Meets Criteria,Urban,Group_C,9.35
STU10456,27,Female,827,62.7,66.19,6.59,0,0,GRE,307.0,Canada,3182305,University_70,591,Management,Father,53,658,879409,Salaried,Govt,16654,22.73,Property,5613286,56.69,228661,Owned,Declining,No,Declining CIBIL Trend with borderline score,Urban,Group_B,9.5
STU10457,22,Female,774,79.8,71.58,8.04,0,0,TOEFL,97.0,Australia,3549508,University_11,536,Management,Father,57,806,985486,Salaried,Public,8055,9.81,None,0,0.0,771297,Mortgaged,Stable,No,High Unsecured Loan (3549508) vs Income (985486),Urban,Group_A,8.5
STU10458,26,Female,744,84.94,85.17,8.3,0,0,,0.0,UK,4333775,University_79,55,STEM,Mother,61,737,680511,Salaried,Public,17659,31.14,Property,6826107,63.49,647566,Mortgaged,Improving,Yes,Meets Criteria,Urban,Group_B,8.5
STU10459,23,Female,710,77.19,77.51,8.69,0,0,GRE,308.0,Ireland,2472345,University_5,712,STEM,Father,58,802,1437683,Self-Employed,Private,34838,29.08,None,0,0.0,701088,Mortgaged,Stable,Yes,Meets Criteria,Urban,Group_B,8.5
STU10460,23,Female,683,63.94,59.38,5.76,1,1,GRE,308.0,Germany,2359472,University_80,28,STEM,Mother,48,774,443259,Salaried,Govt,1873,5.07,None,0,0.0,190595,Owned,Stable,No,High Unsecured Loan (2359472) vs Income (443259),Urban,Group_A,9.5
STU10461,28,Male,750,65.32,67.55,7.62,0,2,GRE,290.0,Ireland,2960743,University_78,179,STEM,Sister,33,818,634174,Salaried,Public,7816,14.79,None,0,0.0,293919,Mortgaged,Stable,No,High Unsecured Loan (2960743) vs Income (634174),Semi-Urban,Group_A,8.5
STU10462,28,Female,733,82.02,81.19,8.64,0,0,IELTS,6.0,Australia,3373701,University_11,991,STEM,Mother,51,802,1123277,Self-Employed,Public,31362,33.5,Property,6080114,55.49,543007,Mortgaged,Stable,Yes,Meets Criteria,Semi-Urban,Group_B,8.5
STU10463,24,Male,798,76.41,77.38,6.9,0,0,,0.0,Germany,2165316,University_45,56,Management,Father,55,717,796091,Salaried,Public,21747,32.78,None,0,0.0,165074,Owned,Improving,Yes,Meets Criteria,Semi-Urban,Group_A,8.5
STU10464,28,Male,721,76.06,76.06,8.31,1,0,IELTS,8.0,UK,3752551,University_88,723,STEM,Father,55,771,537691,Self-Employed,MNC,2601,5.8,Property,7115670,52.74,122439,Mortgaged,Stable,Yes,Meets Criteria,Rural,Group_B,9.0
STU10465,23,Male,-1,75.62,69.39,6.84,0,2,,0.0,Germany,2125412,University_6,100,STEM,Father,58,786,1542032,Self-Employed,Public,49148,38.25,Property,3284672,64.71,793740,Mortgaged,Stable,Yes,Meets Criteria,Urban,Group_B,8.5
STU10466,23,Male,-1,85.78,84.76,8.22,0,0,IELTS,8.0,Australia,3443261,University_99,692,STEM,Father,55,711,4818111,Self-Employed,Private,94551,23.55,Property,4668857,73.75,463796,Rented,Improving,Yes,Meets Criteria,Urban,Group_A,8.5
STU10467,24,Male,786,78.41,83.92,8.58,0,0,IELTS,6.0,Ireland,2172918,University_13,538,STEM,Father,46,825,1735209,Self-Employed,Public,20331,14.06,None,0,0.0,407058,Mortgaged,Stable,Yes,Meets Criteria,Rural,Group_A,9.0
STU10468,28,Female,682,61.15,62.17,7.49,0,2,TOEFL,93.0,Canada,3894645,University_82,125,STEM,Father,60,680,981166,Salaried,MNC,28010,34.26,None,0,0.0,246217,Mortgaged,Improving,No,High Unsecured Loan (3894645) vs Income (981166),Urban,Group_A,10.5
STU10469,23,Male,-1,77.74,76.0,7.83,0,0,GRE,301.0,USA,5212802,University_90,189,STEM,Father,48,725,1779277,Salaried,Private,39172,26.42,Property,6571108,79.33,585470,Mortgaged,Improving,Yes,Meets Criteria,Rural,Group_A,9.0
STU10470,23,Male,735,88.46,88.09,8.96,1,1,IELTS,7.0,Australia,3113231,University_10,284,Medical,Father,56,665,3605576,Salaried,Public,46703,15.54,Fixed Deposit,6216396,50.08,380782,Mortgaged,Declining,No,Declining CIBIL Trend with borderline score,Urban,Group_A,9.5
STU10471,23,Male,683,61.38,75.03,6.33,0,0,GRE,315.0,Ireland,2352717,University_63,112,Management,Father,46,788,626101,Salaried,Private,4557,8.73,None,0,0.0,784588,Mortgaged,Stable,No,High Unsecured Loan (2352717) vs Income (626101),Rural,Group_B,10.0
STU10472,30,Male,663,93.11,83.93,8.35,0,0,GRE,326.0,Canada,3600359,University_100,457,Medical,Mother,51,777,1112171,Salaried,MNC,24203,26.11,None,0,0.0,110909,Mortgaged,Stable,No,High Unsecured Loan (3600359) vs Income (1112171),Urban,Group_A,9.5
STU10473,23,Female,654,78.93,85.44,8.85,0,0,GRE,326.0,Germany,1683111,University_91,963,Management,Father,56,775,4005463,Salaried,MNC,58220,17.44,Property,3156235,53.33,183504,Mortgaged,Stable,Yes,Meets Criteria,Rural,Group_B,10.0
STU10474,25,Male,769,67.54,72.11,7.35,0,0,IELTS,6.0,USA,4621038,University_46,342,Arts,Father,56,727,1640151,Salaried,Public,3017,2.21,Property,9231043,50.06,788506,Mortgaged,Improving,Yes,Meets Criteria,Urban,Group_A,8.5
STU10475,21,Female,711,78.76,71.06,7.86,0,0,GRE,308.0,Germany,2224145,University_23,568,STEM,Mother,42,748,4771320,Salaried,MNC,30377,7.64,Fixed Deposit,3907168,56.92,221954,Mortgaged,Improving,Yes,Meets Criteria,Rural,Group_C,9.85
STU10476,24,Female,-1,79.31,75.19,8.34,0,0,GMAT,738.0,UK,3678300,University_5,198,Medical,Father,45,834,4486994,Salaried,Public,35669,9.54,Property,5557962,66.18,676809,Mortgaged,Stable,Yes,Meets Criteria,Urban,Group_A,8.5
STU10477,24,Male,-1,81.8,88.78,8.65,0,0,GRE,291.0,Ireland,2200006,University_8,346,STEM,Father,57,834,422447,Salaried,MNC,5710,16.22,Property,3012561,73.03,795611,Mortgaged,Stable,Yes,Meets Criteria,Semi-Urban,Group_A,8.5
STU10478,21,Female,-1,81.9,85.19,8.81,1,0,,0.0,Germany,1805121,University_75,239,STEM,Mother,56,668,877339,Salaried,MNC,21508,29.42,None,0,0.0,622643,Mortgaged,Improving,Yes,Meets Criteria,Rural,Group_C,10.85
STU10479,23,Female,733,69.18,64.85,5.92,1,0,GRE,331.0,Germany,1789651,University_23,648,Management,Mother,44,728,451009,Salaried,Govt,6858,18.25,Property,2391960,74.82,729752,Owned,Improving,Yes,Meets Criteria,Urban,Group_B,8.5
STU10480,25,Female,-1,69.18,58.63,6.58,0,0,IELTS,8.0,UK,3730561,University_26,437,Arts,Father,51,838,1643074,Salaried,Public,17758,12.97,None,0,0.0,713945,Mortgaged,Stable,Yes,Meets Criteria,Semi-Urban,Group_A,8.5
STU10481,24,Male,819,71.67,71.02,7.06,0,0,IELTS,8.0,Australia,3129764,University_9,124,STEM,Father,49,686,1670642,Salaried,Govt,9358,6.72,None,0,0.0,497896,Owned,Improving,Yes,Meets Criteria,Semi-Urban,Group_B,9.5
STU10482,21,Male,720,63.6,68.68,6.2,1,0,GMAT,752.0,UK,4783576,University_79,386,STEM,Father,54,690,832780,Salaried,Govt,24417,35.18,Fixed Deposit,6049205,79.08,117574,Rented,Declining,No,Declining CIBIL Trend with borderline score,Urban,Group_B,9.5
STU10483,27,Male,772,93.39,91.69,8.7,1,0,,0.0,Canada,3555424,University_99,488,STEM,Mother,59,682,2864699,Salaried,Govt,13663,5.72,Property,5037181,70.58,582298,Owned,Improving,Yes,Meets Criteria,Semi-Urban,Group_B,9.5
STU10484,24,Female,-1,81.43,76.52,6.79,0,0,GRE,301.0,Australia,3912766,University_79,974,Management,Mother,46,810,1431662,Salaried,MNC,16600,13.91,Property,4709624,83.08,357085,Owned,Stable,Yes,Meets Criteria,Semi-Urban,Group_A,8.5
STU10485,23,Female,674,66.48,59.96,6.4,0,0,,0.0,Australia,3976024,University_70,520,Arts,Mother,47,768,728447,Salaried,Public,16009,26.37,None,0,0.0,399854,Rented,Stable,No,High Unsecured Loan (3976024) vs Income (728447),Rural,Group_A,10.0
STU10486,21,Female,-1,58.28,58.83,6.92,0,0,IELTS,7.5,Australia,3596421,University_21,687,STEM,Father,56,661,913305,Self-Employed,Private,19631,25.79,None,0,0.0,408911,Rented,Improving,No,High Unsecured Loan (3596421) vs Income (913305),Urban,Group_B,9.5
STU10487,25,Male,-1,65.06,70.54,7.46,0,0,GMAT,666.0,Australia,2942377,University_95,54,STEM,Father,60,787,1168864,Salaried,Private,6157,6.32,Fixed Deposit,3599269,81.75,649915,Rented,Stable,Yes,Meets Criteria,Urban,Group_B,8.5
STU10488,24,Male,664,60.66,63.8,6.58,1,0,,0.0,Ireland,2612591,University_96,694,Management,Father,59,733,520619,Self-Employed,MNC,13518,31.16,Fixed Deposit,3816749,68.45,212827,Rented,Improving,Yes,Meets Criteria,Rural,Group_A,10.0
STU10489,23,Male,-1,68.3,65.11,7.55,0,0,TOEFL,84.0,Germany,2075631,University_63,56,Medical,Mother,58,761,1103964,Salaried,Public,7954,8.65,None,0,0.0,749037,Mortgaged,Stable,Yes,Meets Criteria,Rural,Group_B,9.0
STU10490,22,Male,-1,74.46,70.7,7.94,0,0,IELTS,7.0,USA,5356000,University_26,344,STEM,Brother,27,658,1992579,Salaried,MNC,3962,2.39,Fixed Deposit,7012081,76.38,598148,Rented,Declining,No,Declining CIBIL Trend with borderline score,Urban,Group_B,9.5
STU10491,24,Male,758,78.95,70.84,7.2,0,0,GRE,300.0,UK,4686438,University_82,976,Management,Father,54,693,4424818,Self-Employed,Govt,143089,38.81,Property,8829264,53.08,200674,Mortgaged,Declining,No,Declining CIBIL Trend with borderline score,Semi-Urban,Group_A,9.5
STU10492,24,Female,-1,75.18,80.28,7.06,0,0,IELTS,7.5,Canada,3744825,University_36,15,STEM,Father,56,759,1317272,Salaried,Private,10882,9.91,Property,5794738,64.62,343210,Mortgaged,Stable,Yes,Meets Criteria,Urban,Group_B,8.5
STU10493,24,Male,725,97.09,96.86,8.97,0,0,,0.0,Ireland,2207762,University_61,752,STEM,Father,57,779,870508,Self-Employed,Private,12352,17.03,None,0,0.0,523474,Rented,Stable,Yes,Meets Criteria,Urban,Group_A,8.5
STU10494,22,Female,-1,81.35,81.7,7.62,1,0,GMAT,611.0,Australia,2999651,University_97,13,STEM,Mother,54,837,613184,Salaried,Govt,19416,38.0,Property,3918052,76.56,420158,Owned,Stable,Yes,Meets Criteria,Urban,Group_B,8.5
STU10495,23,Female,730,75.79,81.63,7.9,0,0,GRE,335.0,Germany,2065797,University_74,766,STEM,Father,53,656,638467,Salaried,Public,9869,18.55,None,0,0.0,255357,Owned,Improving,No,High Unsecured Loan (2065797) vs Income (638467),Urban,Group_B,9.5
STU10496,23,Male,790,79.01,72.72,7.41,0,0,GRE,330.0,Ireland,2161472,University_81,73,Management,Father,50,826,574538,Salaried,MNC,10167,21.24,None,0,0.0,420997,Rented,Stable,No,High Unsecured Loan (2161472) vs Income (574538),Semi-Urban,Group_C,9.35
STU10497,21,Female,-1,71.82,81.97,7.59,0,0,,0.0,USA,5030061,University_88,83,STEM,Father,51,735,2229897,Self-Employed,Private,38260,20.59,Property,9697974,51.87,491671,Mortgaged,Improving,Yes,Meets Criteria,Urban,Group_A,8.5
STU10498,28,Male,656,63.81,67.62,6.38,0,0,GMAT,594.0,Germany,2224465,University_91,69,Management,Mother,57,831,2858627,Salaried,MNC,13188,5.54,Property,3265389,68.12,675847,Mortgaged,Stable,Yes,Meets Criteria,Rural,Group_A,10.0
STU10499,22,Female,714,85.53,85.76,8.75,0,0,IELTS,6.5,Canada,3634189,University_98,231,Management,Father,48,740,1360691,Salaried,MNC,22839,20.14,None,0,0.0,553473,Owned,Improving,Yes,Meets Criteria,Rural,Group_A,9.0
STU10500,25,Female,-1,64.26,68.49,7.06,0,2,GRE,323.0,UK,4753660,University_61,727,STEM,Mother,54,823,679369,Salaried,Private,20368,35.98,Property,7423233,64.04,496028,Rented,Stable,Yes,Meets Criteria,Semi-Urban,Group_A,8.5
STU10501,22,Male,736,95.49,97.47,8.43,1,0,GRE,319.0,UK,3506678,University_51,920,Management,Father,45,723,440342,Salaried,Govt,1605,4.37,Property,4982127,70.39,265141,Mortgaged,Improving,Yes,Meets Criteria,Urban,Group_A,8.5
STU10502,26,Female,813,62.58,73.8,5.99,1,0,GRE,316.0,USA,5345234,University_70,955,Medical,Mother,49,771,1527084,Salaried,Private,21385,16.8,Property,9568863,55.86,132525,Mortgaged,Stable,Yes,Meets Criteria,Urban,Group_C,9.35
STU10503,30,Male,-1,64.69,76.82,6.72,0,0,GRE,323.0,Australia,3808327,University_53,593,Arts,Mother,56,817,1484315,Salaried,MNC,24053,19.45,None,0,0.0,665919,Rented,Stable,Yes,Meets Criteria,Semi-Urban,Group_A,8.5
STU10504,22,Male,-1,86.94,84.82,8.22,0,1,TOEFL,99.0,Canada,2866693,University_34,233,Medical,Father,50,745,1404287,Salaried,Private,36031,30.79,None,0,0.0,159617,Owned,Improving,Yes,Meets Criteria,Semi-Urban,Group_A,8.5
STU10505,23,Male,-1,63.72,73.79,6.87,0,0,GRE,300.0,Germany,2277922,University_37,187,Management,Father,46,831,1121881,Salaried,Govt,6030,6.45,None,0,0.0,232596,Rented,Stable,Yes,Meets Criteria,Urban,Group_B,8.5
STU10506,23,Female,-1,60.98,58.13,6.01,0,1,IELTS,6.5,Australia,3175423,University_91,36,STEM,Father,54,731,580274,Salaried,MNC,2861,5.92,Property,4949669,64.15,280495,Rented,Improving,Yes,Meets Criteria,Rural,Group_A,9.0
STU10507,23,Male,718,77.85,70.12,7.15,0,0,TOEFL,89.0,Australia,4244816,University_41,160,Arts,Mother,44,839,686337,Salaried,MNC,22319,39.02,Property,6218759,68.26,419913,Owned,Stable,Yes,Meets Criteria,Semi-Urban,Group_B,8.5
STU10508,24,Female,760,96.42,93.19,9.68,0,0,GMAT,720.0,Australia,3091800,University_73,747,STEM,Father,59,763,1510273,Salaried,MNC,34693,27.57,None,0,0.0,612248,Mortgaged,Stable,Yes,Meets Criteria,Rural,Group_A,9.0
STU10509,27,Female,-1,84.1,90.27,8.66,0,0,,0.0,USA,4322933,University_29,457,STEM,Father,53,673,3368881,Salaried,Private,6180,2.2,Property,7405400,58.38,721772,Rented,Improving,Yes,Meets Criteria,Semi-Urban,Group_B,9.5
STU10510,22,Male,817,75.7,65.83,6.2,0,1,TOEFL,114.0,Australia,4103209,University_87,688,STEM,Mother,44,781,1627167,Salaried,Private,10546,7.78,Property,5966912,68.77,744470,Rented,Stable,Yes,Meets Criteria,Semi-Urban,Group_A,8.5
STU10511,22,Male,715,96.93,88.72,8.55,0,0,TOEFL,107.0,Ireland,2559200,University_48,13,STEM,Mother,47,738,1536845,Salaried,Govt,15782,12.32,Fixed Deposit,3983294,64.25,698285,Mortgaged,Improving,Yes,Meets Criteria,Urban,Group_A,8.5
STU10512,24,Male,661,74.79,72.59,6.77,0,1,IELTS,7.5,USA,4119541,University_94,994,STEM,Mother,59,758,781999,Salaried,Public,23366,35.86,Property,5403413,76.24,725702,Mortgaged,Stable,Yes,Meets Criteria,Rural,Group_C,10.85
STU10513,23,Male,776,60.7,64.7,7.06,0,1,IELTS,7.0,UK,3471074,University_76,775,STEM,Father,50,672,813881,Salaried,Govt,11108,16.38,Property,6704477,51.77,544649,Rented,Improving,Yes,Meets Criteria,Rural,Group_A,10.0
STU10514,22,Male,672,82.33,83.0,7.37,0,0,TOEFL,91.0,Australia,4078488,University_38,568,Management,Father,50,660,1433326,Salaried,Public,39874,33.38,Property,5885794,69.29,696448,Rented,Improving,Yes,Meets Criteria,Urban,Group_B,10.5
STU10515,22,Male,-1,80.56,89.06,7.95,1,0,GRE,309.0,UK,4966124,University_82,484,STEM,Father,44,817,4793044,Self-Employed,Govt,142622,35.71,Property,7616670,65.2,625780,Owned,Stable,Yes,Meets Criteria,Urban,Group_A,8.5
STU10516,24,Male,-1,91.88,82.63,9.37,0,0,TOEFL,111.0,UK,5030479,University_9,614,STEM,Mother,56,742,4437167,Salaried,MNC,71066,19.22,Property,7791481,64.56,380439,Owned,Improving,Yes,Meets Criteria,Urban,Group_A,8.5
STU10517,23,Female,-1,80.98,84.25,7.56,0,0,GMAT,681.0,USA,4919323,University_3,866,STEM,Mother,48,691,922706,Salaried,Govt,4494,5.84,Property,7717606,63.74,252079,Owned,Improving,Yes,Meets Criteria,Semi-Urban,Group_C,10.35
STU10518,23,Male,-1,66.51,71.14,7.53,0,0,GRE,312.0,Ireland,2212612,University_38,543,STEM,Father,54,669,1877657,Self-Employed,Govt,12130,7.75,None,0,0.0,768537,Owned,Declining,No,Declining CIBIL Trend with borderline score,Rural,Group_A,10.0
STU10519,24,Male,-1,61.92,71.79,6.87,0,2,TOEFL,100.0,Germany,2374530,University_88,820,STEM,Father,49,719,1560266,Salaried,Private,4984,3.83,None,0,0.0,718222,Owned,Improving,Yes,Meets Criteria,Urban,Group_B,8.5
STU10520,22,Female,695,79.89,87.47,8.53,0,0,TOEFL,111.0,Canada,3183832,University_21,105,Medical,Father,46,689,4111341,Salaried,MNC,30302,8.84,None,0,0.0,307569,Mortgaged,Declining,No,Declining CIBIL Trend with borderline score,Semi-Urban,Group_C,11.35
STU10521,25,Male,721,85.87,81.29,8.14,0,0,,0.0,Canada,3367468,University_97,822,Medical,Father,47,756,3931441,Salaried,Private,120044,36.64,None,0,0.0,232227,Rented,Stable,Yes,Meets Criteria,Urban,Group_B,8.5
STU10522,22,Female,666,89.9,87.38,8.81,0,0,IELTS,7.5,UK,4854740,University_77,536,STEM,Father,55,737,2722290,Salaried,MNC,64417,28.4,Property,5937384,81.77,234357,Rented,Improving,Yes,Meets Criteria,Rural,Group_C,10.85
STU10523,25,Male,778,69.28,69.18,6.35,0,0,IELTS,6.5,USA,3834392,University_11,436,Management,Father,57,845,1034299,Self-Employed,Public,2680,3.11,None,0,0.0,617778,Owned,Stable,No,High Unsecured Loan (3834392) vs Income (1034299),Semi-Urban,Group_A,8.5
STU10524,24,Female,-1,78.36,79.34,8.96,0,0,IELTS,8.0,USA,4667717,University_61,122,STEM,Sister,31,661,434732,Salaried,Public,4371,12.07,Property,5639619,82.77,211191,Mortgaged,Improving,Yes,Meets Criteria,Semi-Urban,Group_A,9.5
STU10525,22,Male,750,67.74,67.53,6.17,0,0,IELTS,7.0,Australia,2922133,University_19,867,Management,Father,54,721,703956,Salaried,Govt,8162,13.91,None,0,0.0,278356,Owned,Improving,No,High Unsecured Loan (2922133) vs Income (703956),Urban,Group_A,8.5
STU10526,24,Male,714,87.62,86.0,7.94,1,0,TOEFL,80.0,Germany,2124224,University_92,197,Management,Sister,31,693,4252872,Salaried,Public,613,0.17,Property,3781712,56.17,334411,Rented,Improving,Yes,Meets Criteria,Urban,Group_B,9.5
STU10527,24,Male,814,87.66,91.01,8.33,0,0,,0.0,Ireland,2887407,University_14,186,STEM,Father,58,740,599027,Salaried,Govt,8468,16.96,None,0,0.0,649231,Owned,Improving,No,High Unsecured Loan (2887407) vs Income (599027),Urban,Group_C,9.35
STU10528,24,Female,729,78.65,71.94,7.42,0,0,TOEFL,113.0,Germany,1794166,University_98,370,Management,Father,56,723,4336782,Salaried,Govt,104391,28.89,None,0,0.0,196243,Owned,Improving,Yes,Meets Criteria,Urban,Group_A,8.5
STU10529,24,Male,691,75.58,76.67,8.09,0,2,IELTS,7.5,UK,3739467,University_53,298,STEM,Mother,58,759,2791822,Salaried,MNC,79731,34.27,Property,7164084,52.2,608783,Owned,Stable,Yes,Meets Criteria,Rural,Group_B,10.0
STU10530,23,Male,-1,88.68,83.36,9.33,0,0,TOEFL,86.0,Ireland,2588079,University_67,675,STEM,Father,54,671,1050018,Salaried,Public,5017,5.73,None,0,0.0,530085,Owned,Declining,No,Declining CIBIL Trend with borderline score,Semi-Urban,Group_A,9.5
STU10531,21,Male,738,74.24,86.6,8.74,1,0,,0.0,Germany,1734356,University_26,347,STEM,Father,45,802,1647856,Salaried,Govt,6743,4.91,Fixed Deposit,3244090,53.46,633354,Mortgaged,Stable,Yes,Meets Criteria,Rural,Group_B,9.0
STU10532,25,Male,-1,74.06,72.08,6.75,0,0,IELTS,7.5,USA,4240975,University_86,618,STEM,Father,52,774,668128,Salaried,Govt,6211,11.16,Property,7694823,55.11,223284,Rented,Stable,Yes,Meets Criteria,Rural,Group_B,9.0
STU10533,22,Female,715,69.98,71.95,6.45,0,0,,0.0,Canada,2771476,University_7,851,Arts,Father,44,777,856097,Self-Employed,MNC,27739,38.88,None,0,0.0,511219,Rented,Stable,No,High Unsecured Loan (2771476) vs Income (856097),Semi-Urban,Group_C,9.35
STU10534,23,Female,-1,78.04,77.68,8.25,0,0,IELTS,6.0,Australia,3831956,University_67,786,Management,Father,51,769,505870,Self-Employed,Public,4950,11.74,Property,6124688,62.57,639315,Owned,Stable,Yes,Meets Criteria,Semi-Urban,Group_B,8.5
STU10535,24,Male,-1,68.0,75.75,7.1,0,0,IELTS,6.0,UK,5024395,University_16,393,STEM,Father,52,730,3578470,Self-Employed,Private,52789,17.7,Property,6173900,81.38,295460,Mortgaged,Improving,Yes,Meets Criteria,Rural,Group_A,9.0
STU10536,24,Female,-1,84.61,76.25,8.23,0,1,GRE,321.0,UK,4083544,University_40,733,STEM,Brother,33,774,457347,Salaried,MNC,8672,22.75,Property,6502810,62.8,690684,Mortgaged,Stable,Yes,Meets Criteria,Semi-Urban,Group_A,8.5
STU10537,24,Female,837,78.23,79.62,7.35,0,0,,0.0,UK,3453638,University_34,507,STEM,Father,54,746,4587633,Salaried,Public,103449,27.06,Fixed Deposit,6262055,55.15,408254,Mortgaged,Improving,Yes,Meets Criteria,Urban,Group_A,8.5
STU10538,22,Female,-1,65.04,65.29,7.72,0,0,IELTS,7.0,Ireland,3034317,University_75,28,Medical,Mother,55,810,578916,Salaried,MNC,7344,15.22,None,0,0.0,558945,Owned,Stable,No,High Unsecured Loan (3034317) vs Income (578916),Urban,Group_A,8.5
STU10539,26,Female,-1,70.71,70.62,7.53,0,0,GRE,305.0,Australia,3217855,University_40,607,Arts,Father,48,826,434340,Salaried,Public,12580,34.76,None,0,0.0,230031,Mortgaged,Stable,No,High Unsecured Loan (3217855) vs Income (434340),Urban,Group_A,8.5
STU10540,24,Female,-1,65.42,70.02,7.2,0,0,GRE,317.0,USA,4622488,University_54,274,STEM,Mother,45,828,1785033,Salaried,Govt,34986,23.52,Property,9192334,50.29,506086,Rented,Stable,Yes,Meets Criteria,Rural,Group_C,9.85
STU10541,22,Male,773,75.3,78.83,6.82,0,0,IELTS,6.5,Australia,3363793,University_65,831,STEM,Brother,30,692,722346,Self-Employed,Private,7211,11.98,None,0,0.0,567169,Owned,Improving,No,High Unsecured Loan (3363793) vs Income (722346),Semi-Urban,Group_B,9.5
STU10542,29,Female,675,82.62,81.72,8.25,0,0,,0.0,USA,4564501,University_37,272,STEM,Father,50,726,4405521,Salaried,Public,59037,16.08,Property,6302246,72.43,206424,Mortgaged,Improving,Yes,Meets Criteria,Urban,Group_B,9.5
STU10543,26,Male,741,81.75,85.38,8.13,0,0,TOEFL,113.0,USA,4455483,University_27,356,Management,Father,59,669,4732744,Salaried,Govt,129951,32.95,Property,7145309,62.36,424477,Owned,Improving,Yes,Meets Criteria,Semi-Urban,Group_A,9.5
STU10544,22,Male,755,79.6,81.12,7.87,0,1,IELTS,8.0,Ireland,2649486,University_98,561,STEM,Mother,45,654,1882601,Salaried,Public,54137,34.51,None,0,0.0,714864,Mortgaged,Improving,Yes,Meets Criteria,Semi-Urban,Group_C,10.35
STU10545,23,Male,713,75.82,72.52,6.84,0,0,GMAT,713.0,UK,4254968,University_79,874,STEM,Father,56,761,1987233,Salaried,MNC,48131,29.06,Fixed Deposit,5309797,80.13,320394,Owned,Stable,Yes,Meets Criteria,Urban,Group_B,8.5
STU10546,24,Male,696,72.48,80.07,8.04,0,0,TOEFL,107.0,Germany,2024618,University_9,650,STEM,Father,48,755,1359803,Salaried,MNC,37336,32.95,None,0,0.0,787424,Rented,Stable,Yes,Meets Criteria,Urban,Group_A,9.5
STU10547,23,Male,-1,70.12,63.36,6.34,1,0,GRE,299.0,Germany,1841209,University_32,817,STEM,Father,57,729,3946827,Salaried,Govt,63857,19.42,None,0,0.0,567318,Owned,Improving,Yes,Meets Criteria,Semi-Urban,Group_B,8.5
STU10548,30,Female,-1,81.25,70.69,7.18,0,0,IELTS,6.0,UK,3794106,University_36,675,Medical,Father,59,695,888568,Self-Employed,Public,28546,38.55,None,0,0.0,619442,Owned,Improving,No,High Unsecured Loan (3794106) vs Income (888568),Urban,Group_B,9.5
STU10549,25,Male,-1,79.3,91.91,8.32,0,0,GRE,309.0,Australia,4128727,University_53,919,STEM,Father,51,821,4757464,Salaried,Public,140459,35.43,Property,6265409,65.9,257388,Rented,Stable,Yes,Meets Criteria,Semi-Urban,Group_A,8.5
STU10550,23,Male,780,69.38,72.35,6.62,0,0,IELTS,8.0,Ireland,3185648,University_68,258,Management,Mother,51,673,1299284,Salaried,Private,25977,23.99,None,0,0.0,438634,Mortgaged,Declining,No,Declining CIBIL Trend with borderline score,Urban,Group_B,9.5
STU10551,23,Female,-1,73.64,70.73,7.61,0,0,TOEFL,95.0,Ireland,3170340,University_28,148,STEM,Father,45,694,1249019,Salaried,Govt,40381,38.8,Property,4919037,64.45,376659,Rented,Improving,Yes,Meets Criteria,Rural,Group_B,10.0
STU10552,24,Male,-1,81.73,88.89,9.14,0,0,TOEFL,87.0,Ireland,2501809,University_55,487,STEM,Father,55,713,1382450,Self-Employed,Govt,40525,35.18,None,0,0.0,261950,Mortgaged,Improving,Yes,Meets Criteria,Semi-Urban,Group_A,8.5
STU10553,23,Male,-1,76.63,78.21,6.62,0,1,GMAT,705.0,Canada,2685948,University_95,679,STEM,Father,56,663,4896933,Salaried,Public,149757,36.7,Property,4666240,57.56,375271,Rented,Declining,No,Declining CIBIL Trend with borderline score,Semi-Urban,Group_C,10.35
STU10554,22,Male,770,76.12,77.05,8.01,0,0,,0.0,UK,4511217,University_69,888,STEM,Father,46,763,1614683,Salaried,Private,423,0.31,Property,8880774,50.8,377946,Owned,Stable,Yes,Meets Criteria,Rural,Group_B,9.0
STU10555,22,Female,688,70.05,61.24,6.09,0,0,,0.0,UK,4855614,University_57,647,Management,Father,48,846,4702934,Salaried,Private,63691,16.25,Fixed Deposit,5958349,81.49,193985,Rented,Stable,Yes,Meets Criteria,Urban,Group_B,9.5
STU10556,23,Male,799,90.28,89.41,9.58,0,1,,0.0,Australia,3913035,University_13,845,Management,Father,46,828,1347294,Salaried,Private,22739,20.25,Property,5797102,67.5,741364,Mortgaged,Stable,Yes,Meets Criteria,Urban,Group_B,8.5
STU10557,28,Female,-1,85.09,81.78,8.73,0,0,TOEFL,83.0,Australia,3803576,University_24,646,Medical,Father,56,814,2570813,Salaried,MNC,263,0.12,Property,5173092,73.53,430389,Mortgaged,Stable,Yes,Meets Criteria,Urban,Group_A,8.5
STU10558,21,Male,-1,65.65,66.78,7.22,0,0,TOEFL,88.0,UK,4782893,University_88,421,Management,Sister,29,765,1803206,Salaried,MNC,52503,34.94,Property,6250322,76.52,291905,Mortgaged,Stable,Yes,Meets Criteria,Semi-Urban,Group_B,8.5
STU10559,26,Male,737,77.7,77.02,7.41,0,0,GMAT,644.0,USA,3927400,University_49,968,Arts,Father,60,796,2941568,Salaried,Public,2033,0.83,Property,4785050,82.08,695661,Mortgaged,Stable,Yes,Meets Criteria,Semi-Urban,Group_B,8.5
STU10560,30,Female,782,76.79,74.69,8.03,0,0,IELTS,7.0,Ireland,2917362,University_22,51,Medical,Father,57,808,624868,Salaried,Public,12505,24.01,Fixed Deposit,3849170,75.79,495792,Rented,Stable,Yes,Meets Criteria,Semi-Urban,Group_A,8.5
STU10561,23,Female,671,85.18,94.2,8.99,0,0,TOEFL,109.0,Ireland,3053438,University_64,122,STEM,Mother,47,832,2852054,Salaried,Private,18114,7.62,Property,5769621,52.92,389133,Mortgaged,Stable,Yes,Meets Criteria,Urban,Group_B,9.5
STU10562,27,Male,736,83.12,83.86,8.05,1,1,,0.0,USA,3988019,University_37,745,STEM,Sister,33,757,1178264,Salaried,Private,16044,16.34,Property,5251241,75.94,414289,Rented,Stable,Yes,Meets Criteria,Urban,Group_B,8.5
STU10563,27,Female,-1,87.82,91.05,8.8,2,0,IELTS,8.0,Ireland,2899008,University_59,88,STEM,Mother,48,770,469837,Self-Employed,Govt,13647,34.86,None,0,0.0,526866,Rented,Stable,No,High Unsecured Loan (2899008) vs Income (469837),Urban,Group_B,8.5
STU10564,25,Male,837,67.12,67.72,7.03,0,0,GMAT,568.0,Ireland,2262901,University_8,54,Management,Sister,33,710,1787617,Salaried,MNC,54118,36.33,None,0,0.0,745829,Rented,Improving,Yes,Meets Criteria,Urban,Group_A,8.5
STU10565,22,Female,735,92.99,95.24,8.47,0,0,TOEFL,96.0,Australia,3606540,University_49,310,Management,Father,49,821,1577837,Salaried,Private,6955,5.29,Property,6902126,52.25,153122,Mortgaged,Stable,Yes,Meets Criteria,Semi-Urban,Group_B,8.5
STU10566,24,Male,-1,76.32,79.97,8.64,0,0,IELTS,7.5,Canada,2814133,University_41,728,Arts,Father,53,760,1097368,Salaried,Private,9525,10.42,Property,4082225,68.94,244082,Mortgaged,Stable,Yes,Meets Criteria,Urban,Group_A,8.5
STU10567,23,Male,763,93.67,92.37,9.5,1,0,GRE,308.0,Germany,2438345,University_34,628,STEM,Sister,30,782,564107,Salaried,Private,8194,17.43,None,0,0.0,282998,Rented,Stable,No,High Unsecured Loan (2438345) vs Income (564107),Urban,Group_A,8.5
STU10568,25,Male,-1,79.38,75.92,6.67,0,0,GRE,332.0,Ireland,2847584,University_57,55,STEM,Mother,49,688,914436,Salaried,Govt,7006,9.19,None,0,0.0,147604,Mortgaged,Improving,No,High Unsecured Loan (2847584) vs Income (914436),Rural,Group_A,10.0
STU10569,24,Male,-1,71.56,76.11,7.08,0,0,IELTS,7.5,USA,3673425,University_46,727,Management,Father,53,774,1759992,Self-Employed,Public,28921,19.72,None,0,0.0,265245,Mortgaged,Stable,Yes,Meets Criteria,Urban,Group_A,8.5
STU10570,23,Female,-1,60.11,71.73,6.14,0,0,GRE,300.0,Ireland,2969931,University_35,577,Management,Father,58,819,1245428,Self-Employed,Private,24225,23.34,None,0,0.0,114326,Rented,Stable,Yes,Meets Criteria,Urban,Group_B,8.5
STU10571,24,Male,717,80.71,91.81,8.17,0,0,IELTS,7.5,Canada,3533519,University_43,27,STEM,Mother,49,824,4854809,Salaried,Private,19741,4.88,Property,5296203,66.72,221222,Mortgaged,Stable,Yes,Meets Criteria,Semi-Urban,Group_B,8.5
STU10572,23,Male,-1,82.42,81.33,9.26,0,1,GRE,332.0,USA,4463739,University_81,979,STEM,Mother,48,802,744984,Salaried,Public,144,0.23,Property,8819528,50.61,798047,Mortgaged,Stable,Yes,Meets Criteria,Urban,Group_A,8.5
STU10573,24,Male,779,88.4,94.5,9.45,0,1,TOEFL,88.0,USA,3980460,University_7,821,STEM,Father,55,722,569434,Salaried,Govt,15149,31.92,None,0,0.0,184159,Mortgaged,Improving,No,High Unsecured Loan (3980460) vs Income (569434),Semi-Urban,Group_C,9.35
STU10574,22,Male,-1,80.45,72.8,7.52,0,0,GRE,305.0,Canada,3913865,University_52,92,Arts,Mother,43,703,2683423,Self-Employed,MNC,34750,15.54,None,0,0.0,531943,Mortgaged,Improving,Yes,Meets Criteria,Rural,Group_C,9.85
STU10575,22,Female,686,88.73,76.73,7.89,0,0,GRE,317.0,Germany,2298146,University_40,926,Arts,Sister,27,741,1001561,Self-Employed,Public,27778,33.28,Property,3700296,62.11,623406,Owned,Improving,Yes,Meets Criteria,Rural,Group_C,10.85
STU10576,21,Female,707,88.71,90.01,8.79,1,0,TOEFL,107.0,USA,5059789,University_79,191,STEM,Father,48,811,1693423,Salaried,MNC,5246,3.72,Property,8149666,62.09,596041,Owned,Stable,Yes,Meets Criteria,Urban,Group_A,8.5
STU10577,27,Male,736,72.02,64.05,6.92,0,0,GRE,330.0,USA,4765005,University_11,298,STEM,Father,55,761,966060,Salaried,Private,29213,36.29,Property,7538662,63.21,265825,Mortgaged,Stable,Yes,Meets Criteria,Rural,Group_B,9.0
STU10578,27,Female,716,80.04,79.26,8.19,0,0,GRE,326.0,Australia,2948728,University_10,940,STEM,Mother,48,781,456430,Salaried,MNC,7769,20.43,None,0,0.0,543082,Owned,Stable,No,High Unsecured Loan (2948728) vs Income (456430),Urban,Group_C,9.35
STU10579,22,Male,662,79.74,81.13,7.43,1,0,GMAT,699.0,UK,3497372,University_65,17,Management,Father,44,839,746857,Salaried,MNC,11523,18.51,Property,6396489,54.68,522045,Mortgaged,Stable,Yes,Meets Criteria,Urban,Group_B,9.5
STU10580,23,Male,655,70.65,61.96,6.63,0,0,GMAT,666.0,UK,4632355,University_58,639,Management,Father,56,717,1515831,Salaried,Govt,48846,38.67,Property,8787928,52.71,306284,Rented,Improving,Yes,Meets Criteria,Urban,Group_A,9.5
STU10581,24,Female,-1,62.51,76.06,6.52,0,0,GRE,333.0,Canada,2780356,University_69,19,STEM,Father,45,751,461173,Salaried,MNC,204,0.53,Fixed Deposit,4795115,57.98,592515,Owned,Stable,Yes,Meets Criteria,Rural,Group_A,9.0
STU10582,23,Female,788,77.02,78.32,7.8,0,0,,0.0,USA,4145039,University_79,370,Management,Father,55,822,4895301,Self-Employed,Govt,110160,27.0,Property,7642260,54.24,201892,Owned,Stable,Yes,Meets Criteria,Urban,Group_B,8.5
STU10583,24,Male,-1,58.96,60.43,5.9,0,0,TOEFL,92.0,Ireland,3087732,University_27,493,Management,Father,55,687,1307050,Salaried,MNC,18986,17.43,Property,5251760,58.79,674744,Owned,Improving,Yes,Meets Criteria,Urban,Group_C,10.35
STU10584,25,Male,774,69.13,59.81,6.39,0,0,GRE,297.0,Ireland,2339393,University_20,757,STEM,Brother,35,774,1788785,Salaried,Private,1170,0.78,None,0,0.0,581351,Owned,Stable,Yes,Meets Criteria,Semi-Urban,Group_B,8.5
STU10585,25,Female,774,66.7,74.72,6.82,0,0,GRE,311.0,Australia,2891338,University_81,868,Management,Father,57,760,617939,Self-Employed,Govt,17479,33.94,None,0,0.0,716770,Owned,Stable,No,High Unsecured Loan (2891338) vs Income (617939),Urban,Group_B,8.5
STU10586,22,Female,-1,81.19,77.24,8.02,0,2,GRE,321.0,Canada,3317629,University_93,627,STEM,Father,57,823,4046408,Salaried,Private,31279,9.28,None,0,0.0,173653,Mortgaged,Stable,Yes,Meets Criteria,Urban,Group_A,8.5
STU10587,24,Male,-1,77.18,75.59,7.18,0,0,,0.0,Ireland,3124307,University_54,911,STEM,Father,52,679,1837648,Salaried,Private,38143,24.91,None,0,0.0,787568,Owned,Declining,No,Declining CIBIL Trend with borderline score,Urban,Group_B,9.5
STU10588,27,Female,-1,75.87,65.72,6.97,0,0,IELTS,6.5,Germany,2074161,University_57,238,STEM,Father,56,706,708102,Salaried,Private,21457,36.36,None,0,0.0,465627,Rented,Improving,Yes,Meets Criteria,Urban,Group_B,8.5
STU10589,27,Female,777,91.33,87.63,9.39,1,0,GRE,335.0,Canada,3155290,University_54,854,STEM,Father,58,817,1555511,Salaried,MNC,41271,31.84,Property,5805115,54.35,279896,Rented,Stable,Yes,Meets Criteria,Urban,Group_A,8.5
STU10590,24,Male,-1,77.89,84.89,8.37,0,0,GRE,298.0,Australia,3129539,University_21,621,Medical,Father,52,675,3744765,Self-Employed,MNC,117717,37.72,None,0,0.0,627708,Owned,Declining,No,Declining CIBIL Trend with borderline score,Urban,Group_B,9.5
STU10591,23,Female,-1,67.25,64.82,6.44,0,0,IELTS,7.0,USA,4242678,University_21,179,Management,Father,57,778,867046,Self-Employed,Private,23318,32.27,Property,6237533,68.02,229505,Owned,Stable,Yes,Meets Criteria,Semi-Urban,Group_C,9.35
STU10592,22,Male,829,70.23,69.1,7.67,2,0,,0.0,USA,5012794,University_99,48,Arts,Father,55,792,540242,Self-Employed,Govt,16140,35.85,Property,9437720,53.11,650422,Mortgaged,Stable,Yes,Meets Criteria,Urban,Group_A,8.5
STU10593,23,Male,777,85.68,88.98,8.17,0,0,GMAT,667.0,USA,5332764,University_97,114,Management,Mother,45,850,720115,Self-Employed,Govt,14634,24.39,Fixed Deposit,10061378,53.0,216816,Owned,Stable,Yes,Meets Criteria,Urban,Group_B,8.5
STU10594,23,Female,771,57.84,65.71,6.93,0,0,GRE,313.0,Ireland,2329595,University_38,726,Management,Father,51,845,665235,Salaried,Govt,11051,19.93,Property,4417830,52.73,271790,Rented,Stable,Yes,Meets Criteria,Rural,Group_A,9.0
STU10595,24,Female,-1,79.43,76.48,8.71,0,0,IELTS,7.5,Australia,4276276,University_99,788,STEM,Mother,45,712,648336,Salaried,Govt,7376,13.65,Property,6859224,62.34,199374,Mortgaged,Improving,Yes,Meets Criteria,Urban,Group_B,8.5
STU10596,22,Male,684,77.5,71.58,7.61,1,0,IELTS,6.5,USA,4955771,University_68,432,Arts,Father,55,708,1089396,Salaried,MNC,29114,32.07,Property,7585935,65.33,539191,Rented,Improving,Yes,Meets Criteria,Semi-Urban,Group_B,9.5
STU10597,22,Female,808,91.3,93.79,9.77,0,0,GRE,318.0,Germany,1802290,University_2,735,STEM,Mother,55,782,945923,Salaried,Private,2673,3.39,Fixed Deposit,2616643,68.88,282306,Owned,Stable,Yes,Meets Criteria,Urban,Group_B,8.5
STU10598,23,Female,-1,73.92,68.58,8.19,0,0,IELTS,6.5,USA,5224520,University_8,647,Management,Mother,55,819,4180109,Salaried,Public,135527,38.91,Property,8021959,65.13,690502,Mortgaged,Stable,Yes,Meets Criteria,Urban,Group_B,8.5
STU10599,22,Female,788,81.35,81.81,8.91,1,2,IELTS,8.0,Ireland,2819233,University_19,718,STEM,Father,49,764,1230197,Salaried,Private,36396,35.5,None,0,0.0,764688,Owned,Stable,Yes,Meets Criteria,Urban,Group_A,8.5
STU10600,23,Male,-1,88.43,89.11,9.2,0,0,TOEFL,105.0,Australia,3996576,University_39,87,Arts,Father,44,787,575370,Salaried,Govt,7479,15.6,None,0,0.0,242126,Rented,Stable,No,High Unsecured Loan (3996576) vs Income (575370),Urban,Group_C,9.35
STU10601,23,Female,716,89.02,86.15,9.3,0,0,GRE,323.0,USA,4213275,University_82,164,STEM,Mother,44,657,1932321,Salaried,Public,38163,23.7,Property,5869394,71.78,428706,Owned,Improving,Yes,Meets Criteria,Urban,Group_B,9.5
STU10602,22,Male,792,75.26,78.66,8.03,0,0,GMAT,616.0,Australia,3782864,University_46,127,STEM,Mother,43,843,4730335,Salaried,Govt,148428,37.65,Property,5897445,64.14,710241,Mortgaged,Stable,Yes,Meets Criteria,Urban,Group_A,8.5
STU10603,22,Male,744,60.24,58.7,6.63,0,0,GRE,327.0,USA,4618075,University_81,682,Management,Father,51,802,1290394,Self-Employed,Public,15069,14.01,Property,6592895,70.05,710588,Rented,Stable,Yes,Meets Criteria,Urban,Group_B,8.5
STU10604,24,Female,836,64.86,70.26,6.08,0,0,GMAT,682.0,Germany,2169189,University_100,370,STEM,Father,52,675,2614689,Salaried,Private,62023,28.47,Property,4040657,53.68,195927,Rented,Improving,Yes,Meets Criteria,Urban,Group_B,9.5
STU10605,26,Male,661,70.19,64.01,6.36,0,0,GRE,313.0,Australia,3854624,University_52,603,Management,Mother,55,782,1627919,Salaried,MNC,47318,34.88,Property,6427365,59.97,777377,Rented,Stable,Yes,Meets Criteria,Urban,Group_A,9.5
STU10606,24,Female,-1,74.3,81.67,7.5,0,0,IELTS,7.5,Australia,4066289,University_19,518,Management,Mother,47,774,1759894,Salaried,Public,7590,5.18,Property,7171387,56.7,664844,Owned,Stable,Yes,Meets Criteria,Urban,Group_C,9.35
STU10607,23,Female,-1,61.73,65.64,6.97,0,0,GRE,325.0,Canada,3127518,University_16,617,Management,Father,57,754,1031392,Self-Employed,Private,4155,4.83,None,0,0.0,709538,Rented,Stable,No,High Unsecured Loan (3127518) vs Income (1031392),Urban,Group_C,9.35
STU10608,24,Male,-1,71.53,65.45,6.83,0,0,TOEFL,103.0,Australia,3316694,University_63,29,Medical,Father,57,686,1098089,Salaried,MNC,28689,31.35,None,0,0.0,552244,Owned,Declining,No,Declining CIBIL Trend with borderline score; High Unsecured Loan (3316694) vs Income (1098089),Urban,Group_A,9.5
STU10609,23,Male,706,87.68,87.36,8.59,0,1,,0.0,Germany,2301314,University_1,126,STEM,Mother,52,739,941694,Salaried,Govt,27322,34.82,None,0,0.0,547859,Mortgaged,Improving,Yes,Meets Criteria,Semi-Urban,Group_C,9.35
STU10610,21,Female,-1,74.08,76.22,7.45,0,0,IELTS,7.5,Canada,3267300,University_93,854,Management,Mother,51,683,1090503,Salaried,Private,18348,20.19,Property,5125573,63.75,581785,Owned,Improving,Yes,Meets Criteria,Urban,Group_A,9.5
STU10611,22,Male,735,81.47,73.35,8.05,0,0,GRE,332.0,Germany,2203815,University_50,239,STEM,Father,57,751,1510931,Salaried,Private,27246,21.64,None,0,0.0,574620,Owned,Stable,Yes,Meets Criteria,Semi-Urban,Group_A,8.5
STU10612,22,Female,-1,86.77,90.07,8.77,2,0,IELTS,8.0,Canada,3471744,University_99,725,Management,Father,47,793,1059589,Salaried,Govt,22742,25.76,None,0,0.0,199288,Rented,Stable,No,High Unsecured Loan (3471744) vs Income (1059589),Semi-Urban,Group_A,8.5
STU10613,28,Male,-1,70.05,69.43,6.16,0,0,TOEFL,113.0,Canada,2890002,University_61,515,STEM,Sister,31,680,745114,Salaried,MNC,23252,37.45,None,0,0.0,298474,Rented,Declining,No,Declining CIBIL Trend with borderline score; High Unsecured Loan (2890002) vs Income (745114),Urban,Group_C,10.35
STU10614,28,Female,752,66.34,75.69,7.58,0,0,IELTS,8.0,Germany,2053152,University_69,622,Arts,Mother,54,752,708749,Salaried,Public,1062,1.8,Property,3879593,52.92,134393,Rented,Stable,Yes,Meets Criteria,Rural,Group_B,9.0
STU10615,28,Male,-1,67.91,65.56,7.31,0,0,GRE,314.0,Australia,3250336,University_15,102,STEM,Father,57,693,549606,Salaried,Public,2638,5.76,Property,4564913,71.2,203982,Owned,Declining,No,Declining CIBIL Trend with borderline score,Rural,Group_A,10.0
STU10616,24,Male,669,70.31,66.74,7.34,0,0,IELTS,7.0,Ireland,2355974,University_92,60,Management,Father,49,749,1007082,Self-Employed,Govt,10743,12.8,Property,3605248,65.35,449966,Owned,Improving,Yes,Meets Criteria,Urban,Group_A,9.5
STU10617,29,Female,-1,76.86,76.23,6.35,0,0,TOEFL,95.0,UK,4623584,University_76,243,Management,Father,57,780,4115697,Salaried,MNC,52824,15.4,Property,5973971,77.4,173577,Owned,Stable,Yes,Meets Criteria,Urban,Group_B,8.5
STU10618,22,Female,-1,72.85,65.53,6.5,0,0,GMAT,712.0,Germany,1876341,University_3,276,Management,Mother,51,800,1012881,Salaried,Public,8316,9.85,None,0,0.0,691652,Rented,Stable,Yes,Meets Criteria,Semi-Urban,Group_A,8.5
STU10619,23,Female,783,83.13,84.66,7.98,0,0,IELTS,8.0,Australia,3172977,University_19,383,STEM,Mother,52,693,3028282,Salaried,MNC,54260,21.5,None,0,0.0,554336,Rented,Declining,No,Declining CIBIL Trend with borderline score,Semi-Urban,Group_C,10.35
STU10620,22,Female,-1,92.17,84.47,9.6,0,1,GMAT,708.0,Germany,1922969,University_22,1,STEM,Father,43,773,3146316,Self-Employed,Govt,62702,23.91,Fixed Deposit,3599009,53.43,508619,Rented,Stable,Yes,Meets Criteria,Urban,Group_B,8.5
STU10621,26,Male,694,83.46,92.88,8.45,0,0,GRE,300.0,USA,4930529,University_73,72,Arts,Mother,51,672,3658029,Salaried,Public,85162,27.94,Property,9192470,53.64,693510,Owned,Declining,No,Declining CIBIL Trend with borderline score,Urban,Group_B,10.5
STU10622,23,Female,-1,98.14,88.13,9.25,0,0,,0.0,USA,5043701,University_88,969,STEM,Father,49,812,3096226,Salaried,Govt,101106,39.19,Property,8908201,56.62,396275,Rented,Stable,Yes,Meets Criteria,Urban,Group_C,9.35
STU10623,25,Male,-1,77.12,67.5,6.93,0,0,TOEFL,101.0,UK,3386669,University_89,137,STEM,Father,56,650,1799354,Salaried,Private,256,0.17,None,0,0.0,120043,Owned,Improving,Yes,Meets Criteria,Urban,Group_A,9.5
STU10624,23,Male,736,68.54,70.65,6.75,1,0,GRE,315.0,Australia,3654909,University_84,667,STEM,Father,45,787,2129804,Salaried,Private,63366,35.7,None,0,0.0,576801,Rented,Stable,Yes,Meets Criteria,Semi-Urban,Group_C,9.35
STU10625,22,Male,736,73.28,64.35,6.77,1,2,GMAT,649.0,Canada,2873886,University_99,832,Medical,Father,54,652,465412,Salaried,Public,7178,18.51,None,0,0.0,312365,Rented,Improving,No,High Unsecured Loan (2873886) vs Income (465412),Urban,Group_B,9.5
STU10626,22,Female,-1,71.66,68.63,7.26,0,0,TOEFL,102.0,USA,3944721,University_79,641,STEM,Father,47,833,1263781,Salaried,Private,9868,9.37,None,0,0.0,627795,Mortgaged,Stable,No,High Unsecured Loan (3944721) vs Income (1263781),Urban,Group_B,8.5
STU10627,24,Male,-1,84.57,91.41,9.46,0,1,TOEFL,93.0,Canada,2649418,University_82,406,Management,Father,46,721,1993494,Salaried,MNC,33246,20.01,None,0,0.0,288758,Owned,Improving,Yes,Meets Criteria,Semi-Urban,Group_A,8.5
STU10628,23,Female,720,71.9,70.9,6.99,0,1,IELTS,6.5,Australia,2974119,University_17,764,Management,Father,45,682,3088944,Salaried,Govt,96124,37.34,Property,5604379,53.07,658489,Mortgaged,Declining,No,Declining CIBIL Trend with borderline score,Urban,Group_C,10.35
STU10629,23,Male,743,81.35,88.64,9.33,0,1,GRE,334.0,Canada,3534609,University_79,259,STEM,Mother,54,793,1751953,Salaried,MNC,114,0.08,None,0,0.0,557861,Mortgaged,Stable,Yes,Meets Criteria,Urban,Group_A,8.5
STU10630,22,Male,732,84.94,88.0,8.0,0,0,GRE,316.0,Canada,3001726,University_88,531,STEM,Sister,32,776,1558062,Salaried,Public,26863,20.69,Fixed Deposit,3706446,80.99,345455,Mortgaged,Stable,Yes,Meets Criteria,Semi-Urban,Group_A,8.5
STU10631,24,Female,756,69.64,70.07,6.34,0,0,GRE,302.0,USA,4202470,University_74,828,STEM,Father,45,838,1273177,Self-Employed,MNC,41509,39.12,Property,6467837,64.97,188056,Owned,Stable,Yes,Meets Criteria,Rural,Group_A,9.0
STU10632,23,Male,-1,85.46,87.45,8.35,0,0,GRE,330.0,UK,3522499,University_62,443,STEM,Father,56,656,1501084,Salaried,MNC,42055,33.62,None,0,0.0,369159,Rented,Declining,No,Declining CIBIL Trend with borderline score,Urban,Group_B,9.5
STU10633,23,Female,-1,61.81,63.35,5.91,0,0,GRE,311.0,USA,4535415,University_31,967,STEM,Father,45,848,714554,Self-Employed,Private,14757,24.78,Property,8214901,55.21,765725,Owned,Stable,Yes,Meets Criteria,Urban,Group_B,8.5
STU10634,23,Male,707,73.65,73.28,7.29,2,0,,0.0,Australia,3331122,University_89,67,STEM,Father,56,682,2260057,Salaried,Govt,69241,36.76,None,0,0.0,573385,Mortgaged,Declining,No,Declining CIBIL Trend with borderline score,Urban,Group_B,9.5
STU10635,25,Male,-1,65.8,63.12,5.82,0,0,GMAT,564.0,Ireland,2763998,University_38,871,STEM,Father,52,752,2401942,Salaried,Public,49424,24.69,Property,4225838,65.41,738700,Owned,Stable,Yes,Meets Criteria,Urban,Group_C,9.35
STU10636,23,Female,800,74.95,80.55,8.67,0,0,GMAT,708.0,Australia,3771691,University_44,667,Management,Brother,26,766,1884675,Self-Employed,MNC,20617,13.13,None,0,0.0,311831,Rented,Stable,Yes,Meets Criteria,Urban,Group_A,8.5
STU10637,24,Male,713,67.01,59.09,6.99,0,2,IELTS,6.5,Australia,4182292,University_17,653,STEM,Father,53,715,1545310,Salaried,MNC,21686,16.84,Property,7443218,56.19,576222,Rented,Improving,Yes,Meets Criteria,Urban,Group_B,8.5
STU10638,24,Male,673,74.25,63.2,6.7,0,0,GRE,317.0,Australia,3618901,University_84,773,Management,Father,50,729,1934861,Salaried,Govt,50015,31.02,Property,4769448,75.88,433668,Owned,Improving,Yes,Meets Criteria,Urban,Group_A,9.5
STU10639,21,Male,827,70.82,65.41,7.41,1,0,IELTS,6.5,Canada,2715659,University_65,839,STEM,Brother,24,758,1521035,Self-Employed,Private,9907,7.82,None,0,0.0,320105,Rented,Stable,Yes,Meets Criteria,Urban,Group_C,9.35
STU10640,25,Male,731,94.03,87.38,9.23,1,0,,0.0,Ireland,2910364,University_60,615,STEM,Mother,57,734,1987192,Salaried,MNC,63793,38.52,Property,4926904,59.07,549033,Owned,Improving,Yes,Meets Criteria,Urban,Group_B,8.5
STU10641,21,Male,-1,66.43,78.0,7.85,0,0,IELTS,7.5,UK,3728601,University_1,655,Arts,Father,45,827,2965840,Self-Employed,MNC,46122,18.66,Property,5110087,72.97,614098,Mortgaged,Stable,Yes,Meets Criteria,Urban,Group_B,8.5
STU10642,22,Male,-1,91.33,82.01,8.81,0,0,GMAT,602.0,USA,4320562,University_1,372,STEM,Father,43,668,3501086,Salaried,MNC,3503,1.2,Property,5582820,77.39,414691,Mortgaged,Declining,No,Declining CIBIL Trend with borderline score,Urban,Group_B,9.5
STU10643,25,Female,756,69.62,72.32,6.15,0,0,IELTS,6.0,Canada,2902842,University_37,179,STEM,Father,49,717,1165502,Salaried,Private,13201,13.59,Property,4771122,60.84,297214,Mortgaged,Improving,Yes,Meets Criteria,Urban,Group_A,8.5
STU10644,21,Female,-1,63.52,64.81,6.24,0,1,GRE,333.0,Australia,3077630,University_84,807,Medical,Father,56,678,3419283,Salaried,MNC,106694,37.44,None,0,0.0,429891,Mortgaged,Declining,No,Declining CIBIL Trend with borderline score,Urban,Group_B,9.5
STU10645,27,Male,708,74.35,72.12,7.63,3,0,GMAT,754.0,Ireland,3237510,University_56,900,Management,Mother,59,666,1048499,Self-Employed,Private,5047,5.78,None,0,0.0,247148,Rented,Declining,No,Declining CIBIL Trend with borderline score; High Unsecured Loan (3237510) vs Income (1048499),Rural,Group_B,10.0
STU10646,22,Male,-1,81.72,84.52,8.45,0,0,GMAT,703.0,UK,4081627,University_82,251,STEM,Father,57,661,722976,Salaried,Private,14154,23.49,Property,7687941,53.09,418472,Mortgaged,Declining,No,Declining CIBIL Trend with borderline score,Semi-Urban,Group_B,9.5
STU10647,27,Male,669,65.63,76.76,7.79,2,0,IELTS,8.0,Canada,3918267,University_63,215,Arts,Mother,59,670,3974122,Self-Employed,Govt,104783,31.64,None,0,0.0,754755,Mortgaged,Improving,Yes,Meets Criteria,Semi-Urban,Group_A,10.5
STU10648,24,Male,708,65.84,73.26,7.13,2,0,,0.0,Australia,3418943,University_67,476,Medical,Father,47,732,4988387,Self-Employed,Private,62168,14.96,Property,6002322,56.96,628827,Mortgaged,Improving,Yes,Meets Criteria,Semi-Urban,Group_B,8.5
STU10649,21,Male,-1,77.93,78.78,8.11,3,0,TOEFL,82.0,UK,3708095,University_26,463,STEM,Mother,55,710,1630263,Self-Employed,Govt,11878,8.74,Property,5710534,64.93,505400,Rented,Improving,Yes,Meets Criteria,Urban,Group_B,8.5
STU10650,24,Female,723,72.35,63.53,6.1,0,0,IELTS,6.0,Australia,3304869,University_67,361,STEM,Father,48,799,421570,Salaried,MNC,6537,18.61,Property,5608034,58.93,556800,Rented,Stable,Yes,Meets Criteria,Urban,Group_A,8.5
STU10651,22,Male,757,75.16,81.09,7.38,0,0,TOEFL,104.0,Australia,2915594,University_57,240,Management,Father,47,815,439787,Salaried,Public,5264,14.36,None,0,0.0,196422,Rented,Stable,No,High Unsecured Loan (2915594) vs Income (439787),Urban,Group_A,8.5
STU10652,22,Male,737,87.97,89.93,9.21,0,0,,0.0,USA,5267890,University_13,122,STEM,Mother,44,742,420070,Self-Employed,Private,7645,21.84,Fixed Deposit,7728027,68.17,455234,Owned,Improving,Yes,Meets Criteria,Semi-Urban,Group_B,8.5
STU10653,24,Female,782,76.31,74.33,6.82,0,0,IELTS,8.0,Canada,3957354,University_97,734,STEM,Father,56,789,536910,Salaried,Private,152,0.34,None,0,0.0,424021,Mortgaged,Stable,No,High Unsecured Loan (3957354) vs Income (536910),Semi-Urban,Group_B,8.5
STU10654,25,Male,686,91.42,85.73,8.58,0,2,GRE,327.0,Australia,3971240,University_2,484,STEM,Father,56,781,1113066,Salaried,Private,32110,34.62,Property,5488503,72.36,330069,Owned,Stable,Yes,Meets Criteria,Urban,Group_A,9.5
STU10655,21,Female,-1,76.97,81.02,8.06,0,1,,0.0,Ireland,2940311,University_60,349,STEM,Sister,25,730,2787886,Salaried,Govt,39847,17.15,Property,5744026,51.19,547977,Mortgaged,Improving,Yes,Meets Criteria,Urban,Group_A,8.5
STU10656,23,Male,-1,68.04,69.66,6.69,2,0,TOEFL,88.0,Australia,3320023,University_95,10,STEM,Father,51,818,3487563,Self-Employed,Govt,39505,13.59,None,0,0.0,549507,Mortgaged,Stable,Yes,Meets Criteria,Urban,Group_A,8.5
STU10657,24,Male,-1,79.06,79.21,7.81,2,1,IELTS,7.0,Australia,3349554,University_3,582,STEM,Father,57,658,1091787,Salaried,Govt,5593,6.15,None,0,0.0,456292,Owned,Declining,No,Declining CIBIL Trend with borderline score; High Unsecured Loan (3349554) vs Income (1091787),Urban,Group_A,9.5
STU10658,25,Female,722,82.94,83.01,8.69,1,0,IELTS,7.5,USA,3967568,University_51,66,Management,Father,54,748,498743,Salaried,Private,7893,18.99,Fixed Deposit,5804841,68.35,583469,Owned,Improving,Yes,Meets Criteria,Semi-Urban,Group_B,8.5
STU10659,24,Female,781,83.24,83.41,9.01,0,0,IELTS,6.0,Germany,2374238,University_78,501,Medical,Mother,45,697,504332,Self-Employed,Private,1168,2.78,Property,4678188,50.75,407604,Rented,Declining,No,Declining CIBIL Trend with borderline score,Semi-Urban,Group_B,9.5
STU10660,23,Male,676,71.88,63.04,6.29,0,0,TOEFL,113.0,Australia,2895907,University_42,881,Management,Father,58,755,3640415,Salaried,MNC,19055,6.28,Fixed Deposit,3731651,77.6,672511,Mortgaged,Stable,Yes,Meets Criteria,Urban,Group_B,9.5
STU10661,22,Male,-1,78.7,73.39,8.11,0,2,IELTS,6.5,Ireland,2300326,University_27,318,STEM,Father,49,831,4788343,Salaried,Govt,75780,18.99,Property,3871374,59.42,435387,Owned,Stable,Yes,Meets Criteria,Rural,Group_B,9.0
STU10662,23,Male,-1,80.16,82.9,7.68,0,0,GRE,290.0,USA,5383953,University_58,66,STEM,Mother,57,752,1317662,Salaried,Govt,23096,21.03,Property,10381564,51.86,624807,Mortgaged,Stable,Yes,Meets Criteria,Semi-Urban,Group_A,8.5
STU10663,25,Female,708,69.47,70.25,7.86,0,1,GRE,319.0,USA,4224207,University_92,812,Management,Mother,50,750,1167267,Self-Employed,Govt,16149,16.6,Property,5675908,74.42,757743,Owned,Stable,Yes,Meets Criteria,Urban,Group_B,8.5
STU10664,23,Female,-1,83.86,90.66,7.97,0,1,IELTS,8.0,Australia,3017569,University_90,969,STEM,Father,44,711,2662416,Salaried,Public,24296,10.95,None,0,0.0,768592,Mortgaged,Improving,Yes,Meets Criteria,Urban,Group_B,8.5
STU10665,24,Female,-1,81.13,72.13,8.2,1,0,,0.0,UK,4875754,University_64,422,STEM,Father,57,791,463559,Self-Employed,Govt,15379,39.81,Property,6149432,79.29,220335,Rented,Stable,Yes,Meets Criteria,Urban,Group_C,9.35
STU10666,24,Male,-1,81.82,76.28,7.26,0,0,TOEFL,93.0,Canada,3308005,University_60,28,Arts,Father,46,813,4912885,Salaried,MNC,110641,27.02,Fixed Deposit,5191990,63.71,470351,Owned,Stable,Yes,Meets Criteria,Urban,Group_B,8.5
STU10667,24,Female,745,69.9,67.55,7.07,0,1,IELTS,6.5,UK,3909545,University_96,476,STEM,Father,52,768,943104,Salaried,Public,2595,3.3,Property,6746381,57.95,568986,Owned,Stable,Yes,Meets Criteria,Urban,Group_A,8.5
STU10668,23,Male,-1,71.51,71.83,6.18,0,1,IELTS,6.0,Ireland,2815547,University_23,302,STEM,Mother,45,786,3639342,Self-Employed,Govt,20435,6.74,None,0,0.0,121755,Mortgaged,Stable,Yes,Meets Criteria,Urban,Group_B,8.5
STU10669,24,Male,-1,77.62,80.69,7.86,0,0,IELTS,6.0,Canada,3818347,University_69,222,STEM,Father,52,828,425037,Self-Employed,MNC,11851,33.46,Property,7060923,54.08,782149,Mortgaged,Stable,Yes,Meets Criteria,Urban,Group_A,8.5
STU10670,21,Female,-1,84.78,76.42,8.52,0,0,IELTS,7.5,Germany,1724028,University_1,50,Management,Father,54,746,1223076,Salaried,Public,37867,37.15,None,0,0.0,502843,Rented,Improving,Yes,Meets Criteria,Urban,Group_B,8.5
STU10671,21,Male,680,61.24,61.42,6.12,2,0,IELTS,6.5,Canada,3537546,University_9,226,STEM,Father,56,674,1152076,Self-Employed,Private,27803,28.96,Property,4369612,80.96,647395,Owned,Declining,No,Declining CIBIL Trend with borderline score,Rural,Group_A,11.0
STU10672,25,Male,-1,63.14,66.66,6.11,0,0,GRE,303.0,UK,4929669,University_51,962,Medical,Mother,52,680,2974791,Salaried,MNC,21198,8.55,Property,7321845,67.33,292055,Owned,Improving,Yes,Meets Criteria,Urban,Group_A,9.5
STU10673,23,Male,701,71.81,72.9,7.39,0,0,TOEFL,84.0,Germany,2232687,University_36,666,Management,Mother,53,744,423036,Salaried,Govt,949,2.69,Property,3069606,72.74,426181,Rented,Improving,Yes,Meets Criteria,Urban,Group_C,9.35
STU10674,23,Male,-1,85.52,92.88,8.87,2,0,GRE,326.0,Australia,3126901,University_13,615,Management,Father,49,811,1614881,Salaried,Public,36490,27.12,None,0,0.0,249388,Owned,Stable,Yes,Meets Criteria,Urban,Group_A,8.5
STU10675,22,Male,-1,74.49,78.22,6.97,0,0,GRE,332.0,Ireland,2680700,University_43,19,Management,Mother,52,799,1741436,Salaried,Public,22195,15.29,Property,4590627,58.4,353715,Owned,Stable,Yes,Meets Criteria,Rural,Group_B,9.0
STU10676,23,Female,-1,80.67,70.3,7.04,1,0,GRE,297.0,Canada,3047680,University_95,439,Medical,Mother,56,712,724935,Salaried,Private,1918,3.17,None,0,0.0,254237,Mortgaged,Improving,No,High Unsecured Loan (3047680) vs Income (724935),Urban,Group_A,8.5
STU10677,23,Female,697,72.99,75.6,7.96,1,0,,0.0,USA,4028515,University_93,613,STEM,Mother,51,839,1489313,Self-Employed,MNC,6665,5.37,Property,5857585,68.77,151531,Owned,Stable,Yes,Meets Criteria,Urban,Group_B,9.5
STU10678,23,Male,-1,85.29,80.35,7.5,0,0,GRE,291.0,UK,3744736,University_94,340,Medical,Father,49,712,507907,Self-Employed,MNC,9130,21.57,Property,7209761,51.94,370401,Rented,Improving,Yes,Meets Criteria,Rural,Group_B,9.0
STU10679,24,Male,-1,89.49,82.38,9.21,0,0,GMAT,683.0,UK,3900350,University_57,645,Management,Mother,45,666,657762,Salaried,Private,1534,2.8,Property,5280966,73.86,775181,Owned,Declining,No,Declining CIBIL Trend with borderline score,Rural,Group_B,10.0
STU10680,23,Female,-1,98.83,86.64,8.74,0,0,IELTS,8.0,Germany,2378225,University_27,242,STEM,Father,52,670,623472,Salaried,Public,15067,29.0,Property,3446453,69.01,317131,Mortgaged,Improving,Yes,Meets Criteria,Semi-Urban,Group_A,9.5
STU10681,22,Male,-1,64.99,66.08,6.66,0,0,IELTS,7.5,Canada,3917398,University_26,279,STEM,Mother,56,850,1809089,Self-Employed,Govt,4825,3.2,Property,7748786,50.55,527589,Owned,Stable,Yes,Meets Criteria,Urban,Group_A,8.5
STU10682,24,Female,-1,73.39,72.67,7.55,0,1,GRE,317.0,USA,4968584,University_62,21,STEM,Father,57,747,624079,Salaried,Public,17766,34.16,Property,8978661,55.34,424815,Owned,Improving,Yes,Meets Criteria,Urban,Group_A,8.5
STU10683,22,Male,726,79.41,73.75,7.68,0,1,IELTS,7.0,Australia,3533188,University_49,576,STEM,Father,52,773,950869,Salaried,Public,10562,13.33,None,0,0.0,602053,Rented,Stable,No,High Unsecured Loan (3533188) vs Income (950869),Semi-Urban,Group_A,8.5
STU10684,24,Male,675,62.49,59.83,6.72,0,0,IELTS,7.0,UK,4185642,University_54,963,Arts,Father,51,840,1582542,Salaried,Govt,20258,15.36,Property,6053479,69.14,726886,Mortgaged,Stable,Yes,Meets Criteria,Rural,Group_B,10.0
STU10685,22,Male,-1,70.41,72.02,5.9,0,0,IELTS,8.0,USA,3892252,University_98,447,Arts,Father,47,847,1531023,Salaried,Public,26007,20.38,None,0,0.0,622357,Mortgaged,Stable,Yes,Meets Criteria,Semi-Urban,Group_C,9.35
STU10686,23,Male,-1,79.57,74.91,7.98,0,0,GRE,317.0,Germany,2297957,University_32,490,STEM,Father,44,742,859258,Salaried,Govt,19976,27.9,Property,3943907,58.27,384025,Rented,Improving,Yes,Meets Criteria,Semi-Urban,Group_C,9.35
STU10687,28,Female,777,78.88,72.48,7.77,0,0,IELTS,6.5,Germany,1690363,University_99,95,Management,Sister,37,751,968503,Self-Employed,Public,16740,20.74,None,0,0.0,307995,Rented,Stable,Yes,Meets Criteria,Urban,Group_B,8.5
STU10688,23,Male,754,66.38,70.35,6.75,0,0,IELTS,8.0,Canada,3509201,University_49,601,Management,Mother,48,837,615801,Salaried,Govt,15445,30.1,None,0,0.0,203190,Owned,Stable,No,High Unsecured Loan (3509201) vs Income (615801),Semi-Urban,Group_B,8.5
STU10689,22,Female,-1,66.87,70.24,7.05,0,0,IELTS,7.0,UK,4617866,University_96,408,Management,Father,54,728,2026929,Salaried,Public,66687,39.48,Property,8557420,53.96,111655,Owned,Improving,Yes,Meets Criteria,Urban,Group_B,8.5
STU10690,27,Female,-1,69.51,64.17,6.42,1,0,,0.0,Germany,1922205,University_56,175,Management,Father,50,745,1190910,Salaried,Public,27948,28.16,None,0,0.0,317639,Owned,Improving,Yes,Meets Criteria,Urban,Group_A,8.5
STU10691,27,Male,712,74.69,67.22,7.27,0,0,TOEFL,91.0,Canada,2905241,University_96,188,STEM,Father,60,844,1202412,Salaried,Private,10394,10.37,None,0,0.0,538649,Rented,Stable,Yes,Meets Criteria,Urban,Group_C,9.35
STU10692,23,Male,706,83.17,86.83,7.63,0,0,GRE,308.0,USA,3754272,University_16,284,Management,Father,45,737,862216,Salaried,MNC,16831,23.42,Property,5940451,63.2,215706,Owned,Improving,Yes,Meets Criteria,Urban,Group_B,8.5
STU10693,24,Female,651,68.11,56.94,6.56,0,0,GMAT,560.0,Germany,1761347,University_67,811,Management,Father,45,746,1890675,Salaried,MNC,62196,39.48,Property,3186437,55.28,619530,Mortgaged,Improving,Yes,Meets Criteria,Urban,Group_B,9.5
STU10694,24,Male,810,86.77,82.76,8.79,0,0,IELTS,7.0,Australia,4319200,University_31,964,STEM,Father,50,820,1635655,Self-Employed,Public,20633,15.14,Property,5380830,80.27,483323,Owned,Stable,Yes,Meets Criteria,Urban,Group_A,8.5
STU10695,23,Male,-1,93.29,81.24,9.43,0,1,IELTS,7.5,Canada,3597290,University_18,27,STEM,Father,53,681,678202,Salaried,Private,6317,11.18,None,0,0.0,370610,Mortgaged,Declining,No,Declining CIBIL Trend with borderline score; High Unsecured Loan (3597290) vs Income (678202),Semi-Urban,Group_A,9.5
STU10696,24,Female,-1,75.33,75.94,7.32,0,0,TOEFL,106.0,UK,4469183,University_1,654,Management,Father,58,732,2069753,Salaried,Public,43725,25.35,Property,8485850,52.67,451337,Rented,Improving,Yes,Meets Criteria,Urban,Group_B,8.5
STU10697,23,Female,736,77.43,74.33,7.75,0,0,TOEFL,85.0,Australia,3381600,University_61,675,Management,Sister,27,837,601776,Salaried,Public,5894,11.75,Property,4585657,73.74,260115,Owned,Stable,Yes,Meets Criteria,Semi-Urban,Group_C,9.35
STU10698,21,Male,716,93.06,92.04,8.18,2,0,TOEFL,111.0,Canada,3691803,University_39,853,STEM,Father,52,790,1778957,Self-Employed,Public,9965,6.72,None,0,0.0,577965,Mortgaged,Stable,Yes,Meets Criteria,Urban,Group_B,8.5
STU10699,22,Male,764,77.58,73.12,7.2,1,0,GMAT,718.0,Ireland,2915901,University_14,446,STEM,Father,54,657,484009,Salaried,Public,14988,37.16,Property,4260716,68.44,512118,Owned,Declining,No,Declining CIBIL Trend with borderline score,Urban,Group_A,9.5
STU10700,22,Female,798,74.2,73.4,7.77,0,0,GRE,332.0,USA,3821576,University_18,945,STEM,Father,51,812,1831713,Salaried,Private,5522,3.62,Fixed Deposit,6700856,57.03,344677,Owned,Stable,Yes,Meets Criteria,Urban,Group_C,9.35
STU10701,22,Male,823,87.0,87.65,8.36,0,0,IELTS,7.5,UK,4458585,University_72,990,STEM,Father,56,761,2978815,Salaried,MNC,22197,8.94,Property,5762952,77.37,201939,Mortgaged,Stable,Yes,Meets Criteria,Urban,Group_A,8.5
STU10702,26,Male,714,68.78,71.73,6.88,0,0,GRE,297.0,Ireland,2778666,University_17,874,STEM,Brother,34,747,803521,Salaried,Private,8324,12.43,None,0,0.0,728722,Mortgaged,Improving,No,High Unsecured Loan (2778666) vs Income (803521),Urban,Group_A,8.5
STU10703,25,Female,-1,83.77,85.77,7.59,0,0,IELTS,7.0,Germany,2349915,University_17,533,Arts,Brother,31,677,3658061,Self-Employed,Public,1120,0.37,Fixed Deposit,4422280,53.14,441272,Mortgaged,Declining,No,Declining CIBIL Trend with borderline score,Urban,Group_A,9.5
STU10704,29,Female,718,83.94,82.77,8.97,0,0,,0.0,USA,3865365,University_37,150,STEM,Mother,61,820,872025,Salaried,Public,17407,23.95,None,0,0.0,433896,Mortgaged,Stable,No,High Unsecured Loan (3865365) vs Income (872025),Urban,Group_B,8.5
STU10705,24,Male,714,86.56,99.0,9.53,0,0,GRE,320.0,Australia,3788750,University_28,507,STEM,Father,49,830,1590016,Salaried,Public,3117,2.35,Fixed Deposit,7002247,54.11,270119,Owned,Stable,Yes,Meets Criteria,Rural,Group_C,9.85
STU10706,26,Female,-1,83.0,90.83,9.2,0,0,IELTS,6.0,Germany,2455452,University_100,184,STEM,Brother,36,836,1621681,Salaried,Private,16168,11.96,None,0,0.0,276926,Rented,Stable,Yes,Meets Criteria,Urban,Group_A,8.5
STU10707,24,Female,-1,92.95,89.79,9.49,2,0,TOEFL,102.0,Canada,3640182,University_51,74,STEM,Father,53,836,548394,Salaried,MNC,5161,11.29,Property,7056314,51.59,684630,Mortgaged,Stable,Yes,Meets Criteria,Semi-Urban,Group_C,9.35
STU10708,24,Female,700,62.77,69.79,7.09,0,1,GRE,293.0,Canada,3761748,University_91,312,STEM,Father,52,817,485823,Salaried,Public,9346,23.08,Fixed Deposit,5843901,64.37,615876,Mortgaged,Stable,Yes,Meets Criteria,Urban,Group_A,8.5
STU10709,22,Male,787,85.06,93.98,8.49,1,0,IELTS,6.0,UK,3968539,University_74,105,Medical,Mother,53,687,597423,Self-Employed,MNC,18926,38.02,Property,6118252,64.86,286394,Rented,Declining,No,Declining CIBIL Trend with borderline score,Semi-Urban,Group_C,10.35
STU10710,23,Female,-1,84.22,97.39,8.55,1,0,IELTS,6.0,Ireland,2286734,University_66,666,Management,Mother,49,801,1709790,Salaried,Private,55267,38.79,None,0,0.0,767428,Owned,Stable,Yes,Meets Criteria,Semi-Urban,Group_B,8.5
STU10711,22,Male,-1,80.35,78.46,8.26,0,0,,0.0,Ireland,2486904,University_77,978,STEM,Father,45,817,1587212,Salaried,MNC,41047,31.03,None,0,0.0,203964,Mortgaged,Stable,Yes,Meets Criteria,Semi-Urban,Group_B,8.5
STU10712,28,Male,799,81.18,74.64,7.84,0,0,IELTS,7.5,Canada,3124866,University_16,120,Management,Father,50,681,656491,Self-Employed,MNC,14035,25.65,Property,6020937,51.9,345861,Mortgaged,Improving,Yes,Meets Criteria,Urban,Group_A,9.5
STU10713,23,Female,-1,64.29,64.28,5.98,0,0,TOEFL,86.0,Australia,4023854,University_24,394,STEM,Father,51,815,768436,Salaried,Public,11107,17.34,Property,6668083,60.34,214271,Mortgaged,Stable,Yes,Meets Criteria,Urban,Group_C,9.35
STU10714,22,Male,741,70.54,68.83,5.97,0,0,GRE,334.0,USA,3635543,University_72,838,STEM,Father,51,850,1911675,Salaried,Public,31132,19.54,None,0,0.0,654107,Owned,Stable,Yes,Meets Criteria,Urban,Group_B,8.5
STU10715,21,Male,-1,88.2,92.4,8.99,0,0,GMAT,742.0,Australia,3964302,University_85,920,Management,Father,43,696,714102,Self-Employed,MNC,16548,27.81,Property,4774047,83.04,578957,Owned,Declining,No,Declining CIBIL Trend with borderline score,Rural,Group_A,10.0
STU10716,30,Female,690,60.62,61.78,6.11,1,0,,0.0,USA,4612493,University_97,36,Management,Father,52,681,4122940,Salaried,MNC,41033,11.94,Property,9100545,50.68,289938,Owned,Improving,Yes,Meets Criteria,Semi-Urban,Group_B,10.5
STU10717,23,Female,704,94.19,88.04,8.5,0,0,GRE,323.0,Canada,3834097,University_38,675,Arts,Father,52,763,473324,Salaried,Govt,9104,23.08,Property,6732985,56.94,658055,Owned,Stable,Yes,Meets Criteria,Rural,Group_A,9.0
STU10718,22,Female,695,80.84,83.5,8.31,1,0,GRE,292.0,Australia,3221424,University_25,146,STEM,Mother,47,705,1081455,Salaried,Private,21706,24.09,Fixed Deposit,4422473,72.84,486507,Mortgaged,Improving,Yes,Meets Criteria,Urban,Group_C,10.35
STU10719,23,Female,735,68.19,59.97,6.27,0,1,IELTS,7.5,UK,4451611,University_21,410,STEM,Father,51,671,3066106,Self-Employed,Public,69143,27.06,Property,8690254,51.23,260202,Mortgaged,Declining,No,Declining CIBIL Trend with borderline score,Semi-Urban,Group_A,9.5
STU10720,23,Female,718,70.56,65.15,7.06,0,0,TOEFL,92.0,Germany,2280133,University_73,674,Arts,Father,54,780,1144024,Salaried,Private,16004,16.79,None,0,0.0,270947,Owned,Stable,Yes,Meets Criteria,Rural,Group_B,9.0
STU10721,25,Male,790,91.28,85.16,9.38,0,1,IELTS,6.0,Canada,2996565,University_69,113,STEM,Father,56,790,3706165,Salaried,MNC,8148,2.64,None,0,0.0,781274,Owned,Stable,Yes,Meets Criteria,Urban,Group_B,8.5
STU10722,26,Male,711,70.89,69.98,7.89,0,0,TOEFL,94.0,Ireland,2455538,University_13,387,Management,Father,50,746,455051,Self-Employed,Public,11872,31.31,None,0,0.0,239502,Rented,Improving,No,High Unsecured Loan (2455538) vs Income (455051),Urban,Group_A,8.5
STU10723,24,Female,-1,71.2,64.87,7.26,0,1,GRE,321.0,UK,3520508,University_45,718,Management,Mother,54,722,4313336,Salaried,Govt,38971,10.84,Property,4503620,78.17,160293,Mortgaged,Improving,Yes,Meets Criteria,Semi-Urban,Group_A,8.5
STU10724,30,Female,671,75.82,67.25,7.66,0,1,TOEFL,114.0,Australia,3674407,University_52,489,STEM,Father,60,682,3086581,Self-Employed,Govt,977,0.38,Property,5918927,62.08,273044,Rented,Declining,No,Declining CIBIL Trend with borderline score,Semi-Urban,Group_A,10.5
STU10725,21,Male,734,64.47,69.82,5.96,0,0,IELTS,7.0,Canada,3573903,University_32,695,Medical,Father,51,757,1760049,Salaried,Public,10742,7.32,Property,7108482,50.28,601431,Owned,Stable,Yes,Meets Criteria,Semi-Urban,Group_B,8.5
STU10726,22,Female,-1,74.2,76.48,8.42,0,0,GRE,304.0,Australia,3319469,University_12,971,Medical,Father,47,754,1455857,Salaried,Public,41018,33.81,None,0,0.0,775506,Owned,Stable,Yes,Meets Criteria,Urban,Group_A,8.5
STU10727,22,Female,-1,68.33,71.56,5.99,2,0,,0.0,Australia,2962672,University_96,293,Medical,Father,51,776,2044857,Self-Employed,Govt,65583,38.49,Property,4560105,64.97,643392,Owned,Stable,Yes,Meets Criteria,Semi-Urban,Group_B,8.5
STU10728,23,Male,-1,85.02,90.44,9.33,0,0,GRE,333.0,Ireland,3119126,University_90,128,STEM,Mother,50,653,723111,Self-Employed,Private,4584,7.61,Property,5817537,53.62,117644,Owned,Improving,Yes,Meets Criteria,Urban,Group_A,9.5
STU10729,25,Male,-1,86.96,87.67,8.01,0,0,GRE,332.0,Canada,3895146,University_68,701,STEM,Father,55,660,1740892,Self-Employed,Govt,55978,38.59,None,0,0.0,658946,Mortgaged,Improving,Yes,Meets Criteria,Urban,Group_A,9.5
STU10730,24,Male,728,65.75,62.24,6.55,0,0,,0.0,Canada,2707196,University_64,389,Management,Father,47,745,2474936,Salaried,Private,27880,13.52,None,0,0.0,371897,Rented,Improving,Yes,Meets Criteria,Urban,Group_B,8.5
STU10731,22,Male,719,93.39,84.87,8.78,0,0,GRE,306.0,UK,3717950,University_95,647,STEM,Father,52,750,514013,Salaried,Private,15815,36.92,None,0,0.0,784206,Rented,Stable,No,High Unsecured Loan (3717950) vs Income (514013),Semi-Urban,Group_A,8.5
STU10732,24,Male,-1,83.87,84.5,8.39,0,0,IELTS,7.5,Australia,2962795,University_1,631,STEM,Mother,52,734,1425687,Salaried,Public,16818,14.16,Fixed Deposit,3567571,83.05,305200,Mortgaged,Improving,Yes,Meets Criteria,Semi-Urban,Group_C,9.35
STU10733,23,Female,-1,67.19,73.52,7.0,2,2,IELTS,8.0,Ireland,2715464,University_20,421,STEM,Father,45,774,814493,Salaried,Private,4225,6.22,Property,4685008,57.96,347078,Mortgaged,Stable,Yes,Meets Criteria,Urban,Group_C,9.35
STU10734,24,Male,710,71.35,73.29,6.96,0,0,IELTS,7.0,UK,3542607,University_57,673,Management,Father,58,762,1139392,Salaried,Govt,5312,5.59,None,0,0.0,565040,Rented,Stable,No,High Unsecured Loan (3542607) vs Income (1139392),Urban,Group_B,8.5
STU10735,22,Male,700,78.83,68.75,6.86,0,2,,0.0,UK,3427630,University_51,432,Arts,Father,54,734,2132568,Salaried,Govt,11395,6.41,None,0,0.0,318658,Rented,Improving,Yes,Meets Criteria,Rural,Group_B,9.0
STU10736,25,Male,711,98.53,85.57,9.11,0,0,GMAT,676.0,Germany,2351848,University_92,131,STEM,Father,51,842,1638601,Salaried,Public,27411,20.07,Fixed Deposit,4559878,51.58,517737,Mortgaged,Stable,Yes,Meets Criteria,Urban,Group_C,9.35
STU10737,22,Female,716,59.91,58.61,6.06,0,0,TOEFL,112.0,UK,3382930,University_88,243,STEM,Father,43,823,1517522,Self-Employed,MNC,21734,17.19,Property,5675438,59.61,118418,Mortgaged,Stable,Yes,Meets Criteria,Semi-Urban,Group_A,8.5
STU10738,22,Female,755,73.64,70.65,7.58,0,0,TOEFL,89.0,USA,4912647,University_24,256,Medical,Father,47,846,460303,Salaried,Govt,13259,34.57,Property,9802723,50.12,369369,Rented,Stable,Yes,Meets Criteria,Urban,Group_A,8.5
STU10739,23,Female,785,82.59,90.22,9.18,0,0,GRE,334.0,Ireland,2948893,University_79,186,STEM,Father,47,801,729728,Salaried,MNC,15433,25.38,Property,4079815,72.28,248722,Rented,Stable,Yes,Meets Criteria,Urban,Group_A,8.5
STU10740,23,Female,701,71.01,70.09,6.25,0,0,TOEFL,92.0,Ireland,2258210,University_7,390,STEM,Father,50,784,1442664,Salaried,MNC,33669,28.01,Property,4480513,50.4,342548,Owned,Stable,Yes,Meets Criteria,Urban,Group_B,8.5
STU10741,24,Female,-1,72.27,72.73,7.47,0,0,TOEFL,99.0,Germany,1772446,University_47,288,STEM,Father,50,832,1676766,Salaried,MNC,13803,9.88,Fixed Deposit,3396157,52.19,300580,Mortgaged,Stable,Yes,Meets Criteria,Urban,Group_A,8.5
STU10742,22,Female,705,64.92,59.84,5.93,0,1,TOEFL,97.0,Germany,2443124,University_13,442,STEM,Father,45,714,1830303,Self-Employed,Govt,22182,14.54,None,0,0.0,429141,Mortgaged,Improving,Yes,Meets Criteria,Semi-Urban,Group_B,8.5
STU10743,24,Female,-1,68.38,68.59,6.99,0,0,IELTS,6.5,UK,3916435,University_95,830,Management,Father,50,840,708759,Self-Employed,Private,12494,21.15,None,0,0.0,499642,Rented,Stable,No,High Unsecured Loan (3916435) vs Income (708759),Urban,Group_C,9.35
STU10744,25,Male,680,77.66,80.27,8.78,0,0,GRE,298.0,Canada,3471017,University_78,124,Management,Father,46,800,743070,Salaried,MNC,20246,32.7,None,0,0.0,312299,Rented,Stable,No,High Unsecured Loan (3471017) vs Income (743070),Urban,Group_C,10.35
STU10745,24,Female,-1,90.02,77.26,8.43,1,1,,0.0,Ireland,2530329,University_93,486,Management,Father,57,701,679737,Salaried,Public,16331,28.83,Property,3125080,80.97,311019,Rented,Improving,Yes,Meets Criteria,Rural,Group_B,9.0
STU10746,21,Male,753,75.3,84.67,8.43,0,0,IELTS,8.0,Australia,4284181,University_47,460,Management,Father,52,833,1046267,Salaried,MNC,31766,36.43,Property,5373077,79.73,549357,Mortgaged,Stable,Yes,Meets Criteria,Urban,Group_A,8.5
STU10747,23,Male,767,90.5,83.27,9.19,0,1,GRE,334.0,Canada,3917082,University_38,47,STEM,Father,53,665,763752,Salaried,Public,4841,7.61,Property,7252974,54.01,629072,Mortgaged,Improving,Yes,Meets Criteria,Urban,Group_B,9.5
STU10748,24,Male,787,78.68,72.1,7.75,0,1,IELTS,8.0,Canada,3147078,University_100,400,Management,Mother,51,805,1369365,Salaried,MNC,9445,8.28,None,0,0.0,113775,Mortgaged,Stable,Yes,Meets Criteria,Rural,Group_B,9.0
STU10749,23,Male,-1,63.07,70.25,7.3,0,0,IELTS,8.0,UK,4125140,University_91,738,STEM,Father,52,716,1436298,Salaried,Public,40813,34.1,Property,5928201,69.59,391558,Owned,Improving,Yes,Meets Criteria,Semi-Urban,Group_A,8.5
STU10750,25,Male,720,61.93,66.58,6.3,0,0,IELTS,6.5,Australia,4236546,University_36,950,STEM,Father,48,719,908046,Salaried,Public,19444,25.7,Property,5927802,71.47,330172,Mortgaged,Improving,Yes,Meets Criteria,Urban,Group_A,8.5
STU10751,25,Male,768,68.22,67.98,7.31,0,0,IELTS,7.0,Australia,2999874,University_91,906,Management,Father,54,717,1080204,Salaried,MNC,14703,16.33,None,0,0.0,751185,Owned,Improving,Yes,Meets Criteria,Rural,Group_C,9.85
STU10752,26,Female,-1,78.63,73.24,6.4,0,0,,0.0,Germany,1978605,University_94,989,STEM,Father,51,695,1336845,Self-Employed,MNC,43296,38.86,None,0,0.0,673492,Mortgaged,Improving,Yes,Meets Criteria,Semi-Urban,Group_B,9.5
STU10753,22,Male,734,96.04,96.07,8.6,1,0,TOEFL,104.0,USA,5302181,University_33,891,Management,Father,53,812,4534793,Salaried,Private,83270,22.03,Fixed Deposit,9827473,53.95,341356,Mortgaged,Stable,Yes,Meets Criteria,Urban,Group_B,8.5
STU10754,23,Female,-1,67.79,74.17,7.76,0,0,IELTS,7.5,UK,3621477,University_30,748,Management,Sister,32,744,1111080,Salaried,Private,33412,36.09,None,0,0.0,208242,Owned,Improving,No,High Unsecured Loan (3621477) vs Income (1111080),Urban,Group_C,9.35
STU10755,24,Female,713,63.22,73.38,6.33,0,0,GRE,321.0,USA,5298039,University_24,664,STEM,Father,49,655,1450454,Salaried,Private,7876,6.52,Property,7110961,74.51,523345,Rented,Improving,Yes,Meets Criteria,Semi-Urban,Group_B,9.5
STU10756,28,Female,737,74.28,74.32,7.69,1,0,GRE,331.0,Germany,2495123,University_13,742,STEM,Father,57,685,824723,Salaried,Govt,16585,24.13,None,0,0.0,506230,Rented,Declining,No,Declining CIBIL Trend with borderline score; High Unsecured Loan (2495123) vs Income (824723),Semi-Urban,Group_B,9.5
STU10757,23,Female,-1,68.17,66.72,7.9,0,0,TOEFL,82.0,Germany,1791030,University_99,86,STEM,Father,48,686,728930,Salaried,Private,14569,23.98,None,0,0.0,119852,Rented,Improving,Yes,Meets Criteria,Urban,Group_A,9.5
STU10758,22,Male,713,83.54,84.06,7.25,0,0,TOEFL,88.0,UK,4167114,University_73,914,STEM,Mother,50,691,561158,Self-Employed,Private,6205,13.27,Property,5515636,75.55,168589,Owned,Declining,No,Declining CIBIL Trend with borderline score,Rural,Group_A,10.0
STU10759,25,Male,-1,75.32,79.46,7.16,3,0,IELTS,6.0,UK,3532729,University_38,106,Management,Father,54,756,1097450,Self-Employed,MNC,44,0.05,None,0,0.0,345208,Owned,Stable,No,High Unsecured Loan (3532729) vs Income (1097450),Semi-Urban,Group_A,8.5
STU10760,24,Female,753,67.58,67.1,6.61,0,0,TOEFL,104.0,Ireland,2901707,University_92,843,Medical,Father,59,678,1831423,Salaried,Private,10351,6.78,None,0,0.0,225485,Owned,Improving,Yes,Meets Criteria,Urban,Group_B,9.5
STU10761,28,Female,678,72.39,63.41,6.73,0,0,GRE,297.0,Australia,3399110,University_11,918,STEM,Mother,49,804,479221,Self-Employed,Public,2844,7.12,Property,5521461,61.56,738738,Rented,Stable,Yes,Meets Criteria,Urban,Group_B,9.5
STU10762,23,Male,673,77.64,85.39,7.99,0,0,IELTS,7.0,UK,3945287,University_14,278,Management,Sister,33,819,593521,Self-Employed,Private,18456,37.31,None,0,0.0,190079,Mortgaged,Stable,No,High Unsecured Loan (3945287) vs Income (593521),Urban,Group_C,10.35
STU10763,22,Male,800,69.06,57.3,6.49,0,0,TOEFL,100.0,Germany,1804135,University_58,739,STEM,Mother,55,772,941167,Self-Employed,Private,3550,4.53,None,0,0.0,558217,Owned,Stable,Yes,Meets Criteria,Semi-Urban,Group_A,8.5
STU10764,23,Male,743,64.71,78.28,6.61,1,0,TOEFL,104.0,Ireland,2540817,University_64,435,Management,Father,51,827,1668105,Salaried,MNC,33459,24.07,Property,4342976,58.5,254935,Mortgaged,Stable,Yes,Meets Criteria,Urban,Group_B,8.5
STU10765,23,Male,-1,88.87,82.75,8.53,1,0,,0.0,Australia,3595827,University_69,505,Medical,Father,52,787,1282586,Salaried,Govt,16443,15.38,None,0,0.0,719184,Rented,Stable,Yes,Meets Criteria,Semi-Urban,Group_B,8.5
STU10766,30,Female,791,76.32,78.06,7.89,1,0,GRE,334.0,Germany,1753290,University_47,3,STEM,Father,54,654,1560005,Salaried,Govt,29035,22.33,None,0,0.0,250082,Rented,Declining,No,Declining CIBIL Trend with borderline score,Semi-Urban,Group_B,9.5
STU10767,22,Male,714,62.03,69.52,6.98,0,0,IELTS,6.5,Germany,1927545,University_19,856,STEM,Father,56,791,1683063,Salaried,Public,13604,9.7,None,0,0.0,345496,Rented,Stable,Yes,Meets Criteria,Rural,Group_B,9.0
STU10768,23,Male,-1,58.74,71.11,6.72,0,0,IELTS,7.5,Germany,2295788,University_90,989,Arts,Mother,50,745,913421,Self-Employed,MNC,21355,28.05,Fixed Deposit,3972167,57.8,187353,Owned,Improving,Yes,Meets Criteria,Urban,Group_A,8.5
STU10769,25,Male,761,93.18,80.58,8.56,0,0,,0.0,UK,3492708,University_10,13,Arts,Mother,55,756,2627960,Salaried,Public,67049,30.62,None,0,0.0,602584,Mortgaged,Stable,Yes,Meets Criteria,Semi-Urban,Group_B,8.5
STU10770,24,Male,745,67.12,73.43,6.63,0,0,,0.0,Ireland,2940362,University_57,801,Management,Father,55,827,406925,Salaried,Public,3889,11.47,Property,3895126,75.49,783662,Mortgaged,Stable,Yes,Meets Criteria,Urban,Group_A,8.5
STU10771,23,Male,704,75.73,75.53,7.91,0,1,TOEFL,107.0,UK,4502237,University_59,568,STEM,Father,55,716,1999708,Self-Employed,Public,33453,20.07,Property,7957623,56.58,554250,Rented,Improving,Yes,Meets Criteria,Semi-Urban,Group_A,8.5
STU10772,25,Female,-1,87.02,84.32,8.86,1,0,GRE,298.0,USA,4937642,University_52,634,Medical,Mother,46,706,3645388,Salaried,Govt,22321,7.35,Property,8871938,55.65,696462,Rented,Improving,Yes,Meets Criteria,Urban,Group_B,8.5
STU10773,24,Male,827,92.5,87.28,8.49,0,0,,0.0,Germany,2219188,University_49,169,STEM,Mother,45,745,739029,Self-Employed,Govt,10450,16.97,None,0,0.0,393031,Mortgaged,Improving,No,High Unsecured Loan (2219188) vs Income (739029),Urban,Group_B,8.5
STU10774,24,Male,763,63.57,69.81,6.32,1,1,IELTS,6.5,Germany,1917053,University_70,110,STEM,Father,46,704,823021,Self-Employed,Public,20754,30.26,None,0,0.0,434135,Owned,Improving,Yes,Meets Criteria,Semi-Urban,Group_C,9.35
STU10775,22,Female,724,81.13,72.04,7.56,0,0,GRE,326.0,Germany,2154429,University_73,810,Management,Mother,50,661,2201532,Salaried,Govt,23085,12.58,Fixed Deposit,4211493,51.16,118890,Rented,Improving,Yes,Meets Criteria,Urban,Group_B,9.5
STU10776,23,Female,695,91.93,85.05,8.23,0,0,GRE,315.0,Australia,3924990,University_17,720,Management,Mother,54,674,1494825,Salaried,MNC,20294,16.29,None,0,0.0,638040,Rented,Declining,No,Declining CIBIL Trend with borderline score,Urban,Group_B,10.5
STU10777,27,Female,712,81.69,70.42,8.2,0,0,,0.0,Germany,2080640,University_5,298,Management,Father,50,688,757760,Self-Employed,MNC,11697,18.52,None,0,0.0,766359,Mortgaged,Improving,Yes,Meets Criteria,Semi-Urban,Group_B,9.5
STU10778,23,Male,661,87.06,86.82,9.38,0,0,TOEFL,89.0,USA,4983886,University_21,987,Management,Father,52,782,1897413,Salaried,Govt,58834,37.21,Property,7341923,67.88,247570,Owned,Stable,Yes,Meets Criteria,Semi-Urban,Group_B,9.5
STU10779,23,Male,-1,70.58,78.01,7.16,0,0,IELTS,7.5,Australia,3224319,University_79,622,STEM,Father,45,689,1988878,Salaried,Govt,41619,25.11,None,0,0.0,631690,Mortgaged,Improving,Yes,Meets Criteria,Semi-Urban,Group_A,9.5
STU10780,22,Male,-1,58.15,69.42,6.26,0,0,GRE,295.0,USA,4498042,University_59,322,STEM,Father,45,725,484658,Self-Employed,Govt,1101,2.73,Fixed Deposit,7472189,60.2,480533,Mortgaged,Improving,Yes,Meets Criteria,Semi-Urban,Group_A,8.5
STU10781,24,Male,711,67.79,64.05,7.19,0,0,GRE,306.0,USA,4973663,University_57,666,Management,Sister,29,681,698180,Salaried,MNC,11363,19.53,Property,7414625,67.08,410548,Owned,Improving,Yes,Meets Criteria,Urban,Group_A,9.5
STU10782,26,Female,-1,79.88,80.79,6.9,0,0,,0.0,Australia,3408094,University_80,975,STEM,Father,52,745,975093,Self-Employed,Govt,22173,27.29,None,0,0.0,640519,Owned,Improving,No,High Unsecured Loan (3408094) vs Income (975093),Urban,Group_B,8.5
STU10783,27,Male,-1,81.66,83.37,6.91,0,0,IELTS,6.0,Germany,2302475,University_32,717,STEM,Father,61,793,404164,Salaried,Private,2082,6.18,None,0,0.0,220412,Mortgaged,Stable,No,High Unsecured Loan (2302475) vs Income (404164),Urban,Group_A,8.5
STU10784,23,Female,-1,66.09,69.71,6.48,0,0,IELTS,7.5,Ireland,3104091,University_86,96,STEM,Father,49,769,645623,Salaried,Public,13826,25.7,Property,5960168,52.08,597433,Owned,Stable,Yes,Meets Criteria,Urban,Group_A,8.5
STU10785,24,Female,663,68.55,71.34,7.14,0,0,IELTS,7.5,UK,3695111,University_43,67,STEM,Father,50,737,1819835,Salaried,Govt,12898,8.5,Property,6625436,55.77,229879,Mortgaged,Improving,Yes,Meets Criteria,Rural,Group_A,10.0
STU10786,23,Male,-1,63.93,65.69,7.04,0,0,GRE,330.0,Australia,3187397,University_73,33,Arts,Mother,53,848,1597516,Salaried,Govt,3322,2.5,None,0,0.0,489052,Mortgaged,Stable,Yes,Meets Criteria,Semi-Urban,Group_C,9.35
STU10787,22,Male,-1,93.37,81.89,8.19,0,0,TOEFL,81.0,Australia,4251808,University_88,434,Management,Sister,29,714,1169321,Salaried,Public,3258,3.34,Property,5337750,79.66,534745,Rented,Improving,Yes,Meets Criteria,Urban,Group_A,8.5
STU10788,25,Female,-1,70.56,64.22,6.37,0,0,IELTS,6.5,Canada,3523930,University_34,189,STEM,Mother,59,663,2387727,Salaried,Public,71230,35.8,None,0,0.0,559350,Mortgaged,Improving,Yes,Meets Criteria,Urban,Group_B,9.5
STU10789,22,Male,693,88.35,86.88,9.8,0,1,IELTS,7.5,Ireland,2673539,University_89,803,Arts,Father,45,828,1716003,Salaried,Private,20288,14.19,Property,4690246,57.0,518040,Rented,Stable,Yes,Meets Criteria,Rural,Group_A,10.0
STU10790,22,Male,-1,88.1,93.1,8.27,0,2,GRE,332.0,Australia,3713024,University_19,332,STEM,Mother,53,837,3327562,Salaried,MNC,1573,0.57,Property,7118612,52.16,264650,Rented,Stable,Yes,Meets Criteria,Urban,Group_B,8.5
STU10791,28,Female,-1,74.73,81.86,8.01,1,0,GRE,306.0,USA,4537245,University_1,462,Management,Mother,62,682,1742311,Self-Employed,Public,37106,25.56,Property,7544084,60.14,148258,Mortgaged,Declining,No,Declining CIBIL Trend with borderline score,Semi-Urban,Group_A,9.5
STU10792,23,Male,677,80.19,87.82,8.9,0,0,,0.0,Australia,3745358,University_28,357,STEM,Father,47,698,830139,Salaried,Private,10245,14.81,Property,5584461,67.07,426611,Rented,Improving,Yes,Meets Criteria,Urban,Group_A,10.5
STU10793,23,Female,739,83.08,80.55,7.98,0,0,IELTS,7.5,Germany,2027805,University_46,361,Management,Father,57,788,1693071,Salaried,Private,29525,20.93,None,0,0.0,462139,Rented,Stable,Yes,Meets Criteria,Semi-Urban,Group_B,8.5
STU10794,23,Female,714,89.67,88.39,9.11,0,0,TOEFL,90.0,Canada,3356447,University_49,292,Medical,Father,57,818,4887991,Salaried,Public,110840,27.21,Property,5730414,58.57,760511,Mortgaged,Stable,Yes,Meets Criteria,Urban,Group_A,8.5
STU10795,22,Female,-1,96.73,84.63,8.45,2,0,,0.0,USA,5107022,University_12,666,STEM,Brother,25,807,1662516,Salaried,Private,5745,4.15,Property,9192409,55.56,764128,Mortgaged,Stable,Yes,Meets Criteria,Rural,Group_A,9.0
STU10796,23,Female,-1,84.31,89.48,9.15,0,0,,0.0,UK,3414827,University_38,873,STEM,Father,50,704,1267412,Self-Employed,Public,32820,31.07,None,0,0.0,688381,Owned,Improving,Yes,Meets Criteria,Rural,Group_A,9.0
STU10797,22,Female,-1,69.37,73.48,6.83,0,0,IELTS,7.5,Germany,2026865,University_83,721,STEM,Father,55,839,1630071,Self-Employed,Private,413,0.3,None,0,0.0,502842,Owned,Stable,Yes,Meets Criteria,Semi-Urban,Group_A,8.5
STU10798,23,Male,850,65.97,74.91,6.57,0,0,IELTS,7.5,Germany,2245572,University_1,922,STEM,Mother,58,756,868524,Salaried,Public,449,0.62,None,0,0.0,270825,Rented,Stable,Yes,Meets Criteria,Semi-Urban,Group_A,8.5
STU10799,22,Female,697,88.01,91.34,8.5,0,0,GMAT,593.0,Ireland,3195893,University_56,248,STEM,Mother,51,750,1204039,Salaried,MNC,24733,24.65,Property,4840672,66.02,164086,Mortgaged,Stable,Yes,Meets Criteria,Rural,Group_A,10.0
STU10800,28,Male,723,81.96,73.73,7.88,3,0,GRE,315.0,Australia,4182006,University_67,163,STEM,Mother,55,709,452207,Self-Employed,Public,10702,28.4,Property,5441058,76.86,234122,Owned,Improving,Yes,Meets Criteria,Semi-Urban,Group_B,8.5
STU10801,23,Male,780,78.19,83.74,8.61,0,0,IELTS,8.0,Australia,3109036,University_42,209,STEM,Mother,45,673,853772,Self-Employed,Public,12448,17.5,None,0,0.0,769443,Owned,Declining,No,Declining CIBIL Trend with borderline score; High Unsecured Loan (3109036) vs Income (853772),Urban,Group_B,9.5
STU10802,24,Male,748,73.22,83.41,8.66,0,0,GRE,295.0,Canada,3394767,University_4,761,Management,Father,56,683,3902982,Salaried,Govt,82543,25.38,None,0,0.0,485517,Mortgaged,Declining,No,Declining CIBIL Trend with borderline score,Semi-Urban,Group_B,9.5
STU10803,25,Female,-1,70.38,63.92,6.35,0,1,TOEFL,95.0,UK,4580205,University_49,789,STEM,Father,50,818,908526,Salaried,Govt,8327,11.0,Property,8922151,51.34,767916,Rented,Stable,Yes,Meets Criteria,Semi-Urban,Group_A,8.5
STU10804,23,Female,702,82.84,75.7,8.1,0,0,GRE,328.0,Australia,3056665,University_19,290,STEM,Mother,48,696,2389136,Salaried,Private,6162,3.1,None,0,0.0,488952,Rented,Improving,Yes,Meets Criteria,Urban,Group_C,10.35
STU10805,23,Male,676,74.09,67.05,6.78,0,0,TOEFL,84.0,Ireland,2387119,University_54,385,Arts,Father,58,730,1745561,Salaried,MNC,47045,32.34,None,0,0.0,298540,Mortgaged,Improving,Yes,Meets Criteria,Semi-Urban,Group_A,9.5
STU10806,30,Female,788,57.98,63.81,6.44,1,1,TOEFL,82.0,UK,3556907,University_44,356,STEM,Father,58,807,1946058,Salaried,Govt,325,0.2,None,0,0.0,657093,Rented,Stable,Yes,Meets Criteria,Rural,Group_A,9.0
STU10807,21,Male,744,64.46,71.73,7.07,0,1,GRE,323.0,Canada,3315503,University_20,222,Management,Father,55,743,2481458,Self-Employed,Govt,74325,35.94,Property,4056843,81.73,255295,Rented,Improving,Yes,Meets Criteria,Rural,Group_B,9.0
STU10808,23,Male,-1,72.51,75.69,6.56,0,0,GRE,320.0,Canada,2902993,University_12,357,STEM,Father,55,791,741796,Salaried,MNC,7277,11.77,Property,5214227,55.67,629885,Rented,Stable,Yes,Meets Criteria,Urban,Group_A,8.5
STU10809,26,Male,-1,82.28,81.92,7.18,0,0,IELTS,6.5,Canada,3546915,University_92,288,Management,Father,53,676,1453442,Salaried,MNC,8025,6.63,None,0,0.0,325830,Rented,Declining,No,Declining CIBIL Trend with borderline score,Urban,Group_A,9.5
STU10810,22,Male,742,82.88,75.99,8.08,0,0,TOEFL,100.0,Ireland,2832743,University_78,393,Management,Mother,49,701,697345,Salaried,Public,8203,14.12,Property,5434095,52.13,177388,Owned,Improving,Yes,Meets Criteria,Rural,Group_B,9.0
STU10811,23,Female,707,60.52,67.69,6.88,0,0,TOEFL,98.0,UK,4374521,University_83,974,Arts,Father,52,740,3670620,Salaried,Private,3663,1.2,Property,5879021,74.41,448355,Rented,Improving,Yes,Meets Criteria,Semi-Urban,Group_C,9.35
STU10812,27,Male,754,84.09,79.82,8.86,1,0,IELTS,7.0,UK,3603666,University_41,126,STEM,Father,48,731,822862,Salaried,Govt,19660,28.67,None,0,0.0,334156,Mortgaged,Improving,No,High Unsecured Loan (3603666) vs Income (822862),Urban,Group_B,8.5
STU10813,23,Male,709,76.85,75.51,7.3,0,0,,0.0,Canada,3014370,University_28,540,Management,Father,47,676,1976416,Salaried,Govt,18317,11.12,Fixed Deposit,5083202,59.3,188458,Mortgaged,Improving,Yes,Meets Criteria,Rural,Group_B,10.0
STU10814,22,Female,-1,81.91,82.45,7.87,0,0,GRE,310.0,UK,3692892,University_7,822,STEM,Sister,32,777,424532,Salaried,Private,14013,39.61,None,0,0.0,551699,Owned,Stable,No,High Unsecured Loan (3692892) vs Income (424532),Rural,Group_C,9.85
STU10815,24,Male,-1,65.37,67.6,6.74,0,0,IELTS,6.5,UK,4328375,University_37,19,STEM,Brother,27,768,3192717,Self-Employed,Public,13947,5.24,Property,8541973,50.67,148805,Rented,Stable,Yes,Meets Criteria,Urban,Group_A,8.5
STU10816,26,Male,818,83.13,92.21,8.36,0,0,IELTS,6.0,UK,4754148,University_54,741,STEM,Father,51,720,566298,Self-Employed,Public,14227,30.15,Property,7227614,65.78,693480,Mortgaged,Improving,Yes,Meets Criteria,Semi-Urban,Group_A,8.5
STU10817,24,Female,749,73.58,70.3,7.48,0,0,GRE,319.0,Germany,2094402,University_83,991,STEM,Father,59,681,596034,Salaried,Public,18630,37.51,Property,2685431,77.99,344896,Rented,Declining,No,Declining CIBIL Trend with borderline score,Urban,Group_A,9.5
STU10818,28,Male,756,81.84,94.67,9.27,0,0,IELTS,7.5,Canada,2938770,University_12,196,STEM,Father,60,744,1927342,Salaried,MNC,63574,39.58,Property,5722632,51.35,165040,Rented,Improving,Yes,Meets Criteria,Urban,Group_A,8.5
STU10819,22,Male,-1,74.56,64.45,7.7,0,1,,0.0,UK,3486070,University_43,705,STEM,Mother,52,747,541511,Salaried,MNC,12611,27.95,None,0,0.0,254455,Mortgaged,Improving,No,High Unsecured Loan (3486070) vs Income (541511),Urban,Group_A,8.5
STU10820,22,Male,-1,74.3,77.29,7.47,2,0,TOEFL,106.0,USA,4746426,University_86,126,Management,Father,51,785,1304415,Salaried,Private,25126,23.11,Fixed Deposit,8206642,57.84,404169,Rented,Stable,Yes,Meets Criteria,Semi-Urban,Group_C,9.35
STU10821,22,Female,741,85.42,79.56,8.97,3,0,,0.0,Canada,3579023,University_46,572,STEM,Mother,56,712,1231786,Salaried,MNC,28534,27.8,Fixed Deposit,4509982,79.36,628631,Rented,Improving,Yes,Meets Criteria,Urban,Group_B,8.5
STU10822,23,Female,707,71.43,68.4,6.72,0,0,IELTS,7.5,Australia,3030529,University_27,834,STEM,Mother,53,844,676637,Salaried,Public,11591,20.56,Property,4396349,68.93,436972,Owned,Stable,Yes,Meets Criteria,Urban,Group_B,8.5
STU10823,22,Male,-1,86.08,88.97,7.78,0,0,TOEFL,88.0,Germany,1863779,University_47,395,Management,Sister,32,808,1876813,Salaried,Private,12701,8.12,Property,2833249,65.78,181973,Rented,Stable,Yes,Meets Criteria,Urban,Group_A,8.5
STU10824,28,Male,-1,65.8,67.94,7.64,0,0,GMAT,715.0,Germany,1765734,University_60,898,Management,Father,50,840,2462209,Salaried,Govt,19743,9.62,None,0,0.0,593232,Mortgaged,Stable,Yes,Meets Criteria,Urban,Group_B,8.5
STU10825,25,Male,-1,61.04,70.54,6.74,0,0,,0.0,Ireland,2446825,University_71,87,Management,Father,51,760,1244735,Salaried,MNC,6249,6.02,None,0,0.0,636584,Mortgaged,Stable,Yes,Meets Criteria,Rural,Group_C,9.85
STU10826,23,Female,755,71.04,74.33,7.17,2,0,GRE,331.0,Germany,2001318,University_55,199,Management,Father,48,698,3689014,Salaried,Public,21721,7.07,None,0,0.0,399329,Rented,Improving,Yes,Meets Criteria,Urban,Group_B,9.5
STU10827,24,Male,-1,78.29,77.39,8.11,0,0,IELTS,6.5,USA,5326149,University_29,118,STEM,Father,45,659,701586,Self-Employed,Private,6224,10.65,Property,6671949,79.83,215939,Mortgaged,Improving,Yes,Meets Criteria,Urban,Group_A,9.5
STU10828,22,Male,-1,76.5,73.76,6.93,0,0,IELTS,7.5,Australia,3025878,University_94,844,Management,Father,57,827,3125194,Salaried,Private,51583,19.81,Property,4045064,74.8,323464,Rented,Stable,Yes,Meets Criteria,Semi-Urban,Group_B,8.5
STU10829,25,Male,744,84.69,78.43,7.42,0,0,GRE,301.0,Australia,3604665,University_90,638,Management,Father,53,839,1440312,Salaried,Private,40931,34.1,None,0,0.0,360210,Owned,Stable,Yes,Meets Criteria,Urban,Group_A,8.5
STU10830,23,Male,671,65.5,67.26,7.8,0,1,GRE,299.0,USA,5332037,University_86,486,STEM,Mother,50,735,410919,Self-Employed,MNC,2431,7.1,Property,7523854,70.87,190716,Mortgaged,Improving,Yes,Meets Criteria,Urban,Group_A,9.5
STU10831,26,Male,671,88.17,84.29,8.99,0,0,IELTS,8.0,USA,3601811,University_32,484,Management,Mother,48,661,409117,Salaried,MNC,7735,22.69,None,0,0.0,414777,Rented,Improving,No,High Unsecured Loan (3601811) vs Income (409117),Urban,Group_A,10.5
STU10832,24,Male,-1,87.94,82.57,8.23,0,0,GRE,296.0,UK,3527987,University_95,344,STEM,Father,52,775,1535642,Salaried,Public,50665,39.59,Fixed Deposit,4959896,71.13,620125,Mortgaged,Stable,Yes,Meets Criteria,Urban,Group_B,8.5
STU10833,28,Female,-1,69.49,75.02,6.71,0,0,TOEFL,101.0,UK,4857505,University_100,680,Management,Father,62,802,1815766,Salaried,Private,6824,4.51,Property,8493965,57.19,780879,Mortgaged,Stable,Yes,Meets Criteria,Urban,Group_B,8.5
STU10834,24,Male,702,65.59,62.74,7.43,0,0,GRE,312.0,Canada,3297138,University_32,592,Arts,Father,56,828,1703287,Salaried,MNC,20406,14.38,Property,5919985,55.7,313258,Owned,Stable,Yes,Meets Criteria,Urban,Group_A,8.5
STU10835,27,Male,-1,88.29,84.24,8.67,0,0,GRE,330.0,Ireland,2893105,University_58,982,Management,Father,62,784,1166902,Salaried,Govt,10319,10.61,Fixed Deposit,5043414,57.36,457283,Rented,Stable,Yes,Meets Criteria,Urban,Group_A,8.5
STU10836,23,Female,700,86.85,76.82,7.55,0,0,GRE,327.0,UK,4233730,University_44,855,Management,Sister,27,760,1754263,Salaried,Public,33135,22.67,Property,7764747,54.53,473853,Owned,Stable,Yes,Meets Criteria,Rural,Group_B,9.0
STU10837,23,Female,736,58.43,72.21,6.05,0,0,IELTS,6.5,UK,4238952,University_38,639,STEM,Father,52,820,1141012,Salaried,Govt,11548,12.15,Fixed Deposit,6064278,69.9,419043,Mortgaged,Stable,Yes,Meets Criteria,Urban,Group_A,8.5
STU10838,22,Female,701,71.88,81.0,7.05,0,0,,0.0,Germany,2090227,University_1,441,Management,Mother,48,819,400336,Self-Employed,Govt,665,1.99,Property,2738563,76.33,407025,Owned,Stable,Yes,Meets Criteria,Semi-Urban,Group_A,8.5
STU10839,23,Male,-1,86.09,92.94,8.7,0,0,IELTS,6.0,Canada,3581420,University_19,751,Management,Father,47,760,969278,Salaried,Private,9395,11.63,Property,4389779,81.59,481858,Rented,Stable,Yes,Meets Criteria,Semi-Urban,Group_A,8.5
STU10840,26,Male,681,88.91,85.69,9.39,0,0,GRE,296.0,USA,5207460,University_39,612,Medical,Mother,51,694,1982600,Self-Employed,MNC,28801,17.43,Property,9898058,52.61,716252,Owned,Declining,No,Declining CIBIL Trend with borderline score,Urban,Group_B,10.5
STU10841,23,Male,717,78.49,77.53,8.38,0,0,IELTS,7.0,USA,4148992,University_39,581,Medical,Mother,58,810,641777,Salaried,Govt,11676,21.83,Property,6226694,66.63,568115,Rented,Stable,Yes,Meets Criteria,Semi-Urban,Group_A,8.5
STU10842,23,Female,662,65.79,63.86,7.32,0,0,IELTS,7.0,UK,4146876,University_55,478,Medical,Father,50,755,1767383,Self-Employed,Private,1630,1.11,Property,6830432,60.71,551365,Mortgaged,Stable,Yes,Meets Criteria,Urban,Group_A,9.5
STU10843,22,Female,661,86.9,82.21,8.13,0,1,GRE,322.0,UK,3986826,University_80,557,STEM,Father,57,794,553796,Salaried,Govt,988,2.14,Property,7479627,53.3,242053,Owned,Stable,Yes,Meets Criteria,Rural,Group_A,10.0
STU10844,28,Female,-1,67.18,79.2,8.02,1,2,GMAT,667.0,Ireland,3066333,University_11,57,Management,Father,53,816,456124,Self-Employed,MNC,5070,13.34,None,0,0.0,212130,Owned,Stable,No,High Unsecured Loan (3066333) vs Income (456124),Urban,Group_C,9.35
STU10845,25,Female,737,82.32,84.93,7.38,0,0,IELTS,8.0,Canada,3530225,University_95,735,Medical,Father,46,829,507512,Salaried,Govt,8733,20.65,None,0,0.0,699351,Rented,Stable,No,High Unsecured Loan (3530225) vs Income (507512),Urban,Group_B,8.5
STU10846,23,Female,-1,84.64,80.57,8.73,0,0,IELTS,6.5,Ireland,2484963,University_40,737,Medical,Father,58,651,1817025,Salaried,Public,37773,24.95,None,0,0.0,320449,Owned,Improving,Yes,Meets Criteria,Urban,Group_B,9.5
STU10847,23,Male,-1,58.44,67.5,6.03,0,1,IELTS,6.0,Australia,3235976,University_14,486,STEM,Mother,44,779,632687,Salaried,Govt,8239,15.63,Property,6280497,51.52,424492,Mortgaged,Stable,Yes,Meets Criteria,Rural,Group_A,9.0
STU10848,25,Male,751,72.27,73.04,8.22,0,1,IELTS,7.0,Canada,3724626,University_88,450,STEM,Father,59,818,4588551,Salaried,Govt,18843,4.93,None,0,0.0,263350,Rented,Stable,Yes,Meets Criteria,Urban,Group_B,8.5
STU10849,23,Male,731,57.78,66.82,5.93,2,0,TOEFL,112.0,Ireland,2960997,University_70,206,Management,Brother,33,772,1408250,Self-Employed,Public,13587,11.58,Property,3790122,78.12,727363,Owned,Stable,Yes,Meets Criteria,Semi-Urban,Group_A,8.5
STU10850,23,Male,713,70.15,71.81,7.8,0,0,TOEFL,109.0,Canada,3190303,University_55,152,STEM,Father,44,722,639642,Salaried,MNC,2561,4.8,None,0,0.0,518346,Rented,Improving,No,High Unsecured Loan (3190303) vs Income (639642),Urban,Group_B,8.5
STU10851,24,Male,751,72.93,82.17,8.23,0,0,IELTS,7.5,Australia,2941389,University_46,986,Management,Father,47,769,1761230,Salaried,Private,16256,11.08,None,0,0.0,276004,Owned,Stable,Yes,Meets Criteria,Semi-Urban,Group_C,9.35
STU10852,21,Male,695,82.93,73.18,8.36,1,2,GMAT,684.0,Germany,2008124,University_9,179,STEM,Father,52,688,1537919,Salaried,Govt,33625,26.24,Property,3314445,60.59,591801,Rented,Declining,No,Declining CIBIL Trend with borderline score,Urban,Group_B,10.5
STU10853,26,Male,-1,88.26,80.63,8.79,0,0,IELTS,7.0,Canada,3858989,University_9,939,Management,Father,60,815,4028973,Self-Employed,Public,50566,15.06,Property,6087176,63.4,299136,Rented,Stable,Yes,Meets Criteria,Rural,Group_C,9.85
STU10854,23,Male,-1,86.19,83.91,8.02,1,2,GMAT,583.0,Ireland,2913590,University_76,979,Management,Father,53,739,1646776,Salaried,Govt,3709,2.7,None,0,0.0,140955,Mortgaged,Improving,Yes,Meets Criteria,Urban,Group_B,8.5
STU10855,24,Female,793,61.22,61.37,7.38,0,0,IELTS,7.5,Canada,3067230,University_30,791,Arts,Father,57,837,524055,Salaried,MNC,1841,4.22,Property,5841859,52.5,512740,Rented,Stable,Yes,Meets Criteria,Urban,Group_A,8.5
STU10856,23,Female,-1,83.98,78.64,8.69,0,0,GRE,297.0,UK,3422862,University_96,75,Management,Father,51,845,596252,Salaried,Private,12054,24.26,Fixed Deposit,6409457,53.4,292522,Owned,Stable,Yes,Meets Criteria,Urban,Group_C,9.35
STU10857,26,Male,791,64.97,60.23,6.78,1,0,,0.0,Germany,2147433,University_26,259,STEM,Father,54,762,755912,Self-Employed,Public,7208,11.44,None,0,0.0,320965,Rented,Stable,Yes,Meets Criteria,Urban,Group_A,8.5
STU10858,24,Male,794,72.07,71.99,6.27,0,1,,0.0,Germany,2168970,University_81,983,STEM,Father,55,674,1226854,Salaried,Govt,1359,1.33,None,0,0.0,257390,Mortgaged,Improving,Yes,Meets Criteria,Semi-Urban,Group_B,9.5
STU10859,22,Female,-1,87.19,87.92,9.0,0,0,GMAT,568.0,Ireland,2527968,University_88,748,Management,Mother,57,836,736714,Self-Employed,Govt,12969,21.12,Fixed Deposit,3418089,73.96,327553,Mortgaged,Stable,Yes,Meets Criteria,Urban,Group_A,8.5
STU10860,22,Female,-1,79.22,77.39,8.14,2,0,IELTS,8.0,Ireland,3081695,University_9,450,Medical,Mother,49,810,1588778,Salaried,Govt,46285,34.96,Property,5101197,60.41,243370,Mortgaged,Stable,Yes,Meets Criteria,Semi-Urban,Group_A,8.5
STU10861,23,Male,800,72.03,78.0,7.13,0,1,IELTS,8.0,UK,3915945,University_29,842,Management,Father,48,714,604695,Salaried,Private,14175,28.13,Property,4912013,79.72,275531,Mortgaged,Improving,Yes,Meets Criteria,Urban,Group_A,8.5
STU10862,22,Female,686,65.87,70.04,7.12,0,0,GRE,322.0,Ireland,2497218,University_80,59,Arts,Mother,51,828,1032521,Self-Employed,Govt,20057,23.31,Property,4868430,51.29,385831,Owned,Stable,Yes,Meets Criteria,Urban,Group_A,9.5
STU10863,24,Male,733,60.97,59.81,6.09,0,0,GMAT,745.0,UK,3459778,University_27,561,STEM,Father,58,837,1491241,Self-Employed,Public,45938,36.97,Property,5987730,57.78,175356,Rented,Stable,Yes,Meets Criteria,Urban,Group_B,8.5
STU10864,25,Male,-1,63.16,76.29,7.56,0,0,TOEFL,82.0,UK,3941020,University_10,973,STEM,Mother,52,803,787600,Salaried,MNC,16078,24.5,None,0,0.0,194508,Rented,Stable,No,High Unsecured Loan (3941020) vs Income (787600),Urban,Group_B,8.5
STU10865,23,Male,720,71.31,80.21,7.09,0,1,IELTS,7.5,Ireland,2708212,University_84,359,STEM,Mother,50,772,559078,Salaried,MNC,14564,31.26,None,0,0.0,348818,Owned,Stable,No,High Unsecured Loan (2708212) vs Income (559078),Semi-Urban,Group_A,8.5
STU10866,24,Female,652,83.33,94.66,8.59,0,0,IELTS,8.0,Ireland,3089118,University_88,701,STEM,Father,56,654,689667,Self-Employed,MNC,11084,19.29,Property,4663640,66.24,505552,Mortgaged,Declining,No,Declining CIBIL Trend with borderline score,Urban,Group_A,10.5
STU10867,25,Male,-1,82.31,82.27,7.79,0,1,IELTS,7.5,USA,3812386,University_79,926,Medical,Brother,33,740,1206105,Self-Employed,Private,13794,13.72,Property,7374888,51.69,359739,Mortgaged,Improving,Yes,Meets Criteria,Urban,Group_B,8.5
STU10868,27,Male,-1,70.79,65.37,7.32,0,0,IELTS,8.0,Germany,2157160,University_2,895,Medical,Mother,59,713,429823,Self-Employed,Public,1097,3.06,None,0,0.0,242871,Owned,Improving,No,High Unsecured Loan (2157160) vs Income (429823),Rural,Group_A,9.0
STU10869,22,Female,-1,72.4,72.87,7.72,0,0,GRE,305.0,Germany,2518394,University_17,621,Medical,Mother,49,772,744762,Salaried,MNC,3038,4.89,None,0,0.0,190534,Owned,Stable,No,High Unsecured Loan (2518394) vs Income (744762),Rural,Group_B,9.0
STU10870,27,Male,759,70.66,69.93,7.35,0,0,TOEFL,102.0,Ireland,3129451,University_29,455,Arts,Father,59,727,592378,Self-Employed,Private,15405,31.21,Property,4488091,69.73,795395,Owned,Improving,Yes,Meets Criteria,Urban,Group_B,8.5
STU10871,26,Male,681,74.82,81.27,7.84,0,0,GRE,293.0,UK,3942347,University_53,723,Management,Father,56,774,546687,Self-Employed,MNC,1429,3.14,None,0,0.0,253792,Owned,Stable,No,High Unsecured Loan (3942347) vs Income (546687),Urban,Group_B,9.5
STU10872,26,Female,-1,88.06,84.82,8.85,0,0,TOEFL,87.0,Canada,3131554,University_19,37,Management,Father,50,828,1723329,Self-Employed,Public,37333,26.0,None,0,0.0,585804,Mortgaged,Stable,Yes,Meets Criteria,Semi-Urban,Group_B,8.5
STU10873,22,Male,764,68.18,59.69,6.45,0,0,GRE,309.0,Ireland,3053353,University_11,62,STEM,Mother,47,806,601293,Salaried,MNC,9928,19.81,None,0,0.0,511172,Owned,Stable,No,High Unsecured Loan (3053353) vs Income (601293),Urban,Group_A,8.5
STU10874,24,Male,-1,67.21,69.63,6.93,0,0,,0.0,UK,4084222,University_7,677,STEM,Father,49,658,4271422,Salaried,Private,108635,30.52,Property,7963330,51.29,748309,Rented,Declining,No,Declining CIBIL Trend with borderline score,Urban,Group_B,9.5
STU10875,22,Female,-1,82.68,90.06,8.16,0,0,IELTS,8.0,Germany,1861897,University_4,350,STEM,Father,54,809,3820647,Self-Employed,Public,110256,34.63,Property,3399991,54.76,169893,Rented,Stable,Yes,Meets Criteria,Urban,Group_A,8.5
STU10876,23,Female,-1,87.52,93.51,9.32,0,0,IELTS,7.0,USA,5145325,University_69,475,STEM,Brother,32,796,4383636,Salaried,Public,112369,30.76,Property,7245032,71.02,509812,Owned,Stable,Yes,Meets Criteria,Semi-Urban,Group_A,8.5
STU10877,22,Female,759,91.24,79.35,7.76,1,0,GMAT,754.0,UK,4506765,University_36,88,Management,Mother,46,847,684585,Salaried,MNC,6750,11.83,Property,7467106,60.35,150481,Rented,Stable,Yes,Meets Criteria,Semi-Urban,Group_B,8.5
STU10878,30,Male,-1,78.89,83.35,8.52,0,0,IELTS,8.0,Ireland,2173326,University_40,583,Management,Father,61,732,1354734,Salaried,Private,38275,33.9,None,0,0.0,575367,Owned,Improving,Yes,Meets Criteria,Urban,Group_A,8.5
STU10879,29,Male,759,55.65,56.07,6.09,0,0,IELTS,8.0,Ireland,2395269,University_8,594,Medical,Mother,51,720,719987,Self-Employed,Public,13234,22.06,Property,4701037,50.95,571834,Owned,Improving,Yes,Meets Criteria,Urban,Group_B,8.5
STU10880,24,Male,673,74.54,66.63,7.02,0,0,GRE,304.0,Canada,3472046,University_19,893,Management,Father,54,817,2207953,Salaried,Public,17124,9.31,Property,5984698,58.02,303205,Owned,Stable,Yes,Meets Criteria,Urban,Group_B,9.5
STU10881,24,Female,-1,88.44,84.23,7.62,0,0,TOEFL,94.0,Australia,2967570,University_92,266,STEM,Mother,49,654,1540998,Salaried,Public,27760,21.62,Property,3667282,80.92,356097,Rented,Declining,No,Declining CIBIL Trend with borderline score,Semi-Urban,Group_C,10.35
STU10882,22,Male,-1,66.65,72.15,7.32,2,0,IELTS,6.5,Canada,2909335,University_74,381,Medical,Father,56,824,618087,Self-Employed,Private,1470,2.85,Property,4483809,64.89,406835,Mortgaged,Stable,Yes,Meets Criteria,Urban,Group_C,9.35
STU10883,21,Male,768,64.85,61.15,7.04,0,0,GMAT,716.0,UK,3989522,University_38,637,Management,Father,42,691,1572386,Salaried,MNC,2338,1.78,Property,7756615,51.43,729946,Rented,Declining,No,Declining CIBIL Trend with borderline score,Urban,Group_A,9.5
STU10884,21,Male,653,61.36,62.88,6.89,0,1,GRE,322.0,Canada,3674176,University_92,353,STEM,Mother,45,746,868367,Salaried,MNC,19018,26.28,None,0,0.0,267364,Mortgaged,Improving,No,High Unsecured Loan (3674176) vs Income (868367),Semi-Urban,Group_A,9.5
STU10885,25,Female,-1,81.4,67.61,6.76,0,0,GRE,304.0,Germany,2154938,University_74,646,STEM,Father,54,837,1676778,Self-Employed,Private,30124,21.56,None,0,0.0,237131,Owned,Stable,Yes,Meets Criteria,Urban,Group_B,8.5
STU10886,23,Male,767,88.05,88.83,8.68,0,0,GRE,310.0,USA,4084528,University_74,301,STEM,Father,58,712,1489302,Self-Employed,MNC,12066,9.72,Property,7409802,55.12,489547,Mortgaged,Improving,Yes,Meets Criteria,Semi-Urban,Group_A,8.5
STU10887,24,Female,729,79.9,70.41,7.23,0,0,GMAT,737.0,Canada,3904043,University_53,371,STEM,Brother,28,740,1975364,Salaried,Public,33294,20.23,None,0,0.0,489895,Mortgaged,Improving,Yes,Meets Criteria,Urban,Group_B,8.5
STU10888,26,Female,833,72.98,81.32,7.3,0,0,IELTS,6.5,UK,4915204,University_32,796,Management,Father,61,754,1089701,Salaried,MNC,21995,24.22,Property,9027680,54.45,468163,Owned,Stable,Yes,Meets Criteria,Urban,Group_B,8.5
STU10889,22,Male,-1,65.64,70.73,7.92,0,0,GRE,326.0,UK,4190256,University_99,203,Arts,Father,57,696,1752253,Self-Employed,Public,906,0.62,Property,5433216,77.12,386169,Mortgaged,Improving,Yes,Meets Criteria,Urban,Group_B,9.5
STU10890,22,Male,-1,88.64,85.01,7.95,0,0,GRE,292.0,UK,4760882,University_4,707,Arts,Father,45,668,1077617,Self-Employed,Public,18495,20.6,Property,7729043,61.6,516967,Owned,Declining,No,Declining CIBIL Trend with borderline score,Semi-Urban,Group_A,9.5
STU10891,22,Male,704,71.67,73.99,7.63,0,0,GMAT,580.0,Australia,3365003,University_44,606,Medical,Father,52,807,2452028,Salaried,Govt,81254,39.76,None,0,0.0,157435,Mortgaged,Stable,Yes,Meets Criteria,Rural,Group_A,9.0
STU10892,22,Female,-1,71.02,71.46,7.09,0,0,GRE,330.0,Canada,3233674,University_56,297,Arts,Father,55,772,4936490,Salaried,Public,22149,5.38,None,0,0.0,302362,Rented,Stable,Yes,Meets Criteria,Semi-Urban,Group_A,8.5
STU10893,23,Female,792,91.72,92.03,7.92,0,0,IELTS,6.0,Australia,3734716,University_48,691,Management,Mother,54,766,1595607,Self-Employed,MNC,17043,12.82,Fixed Deposit,5009665,74.55,726647,Owned,Stable,Yes,Meets Criteria,Urban,Group_A,8.5
STU10894,27,Female,685,84.8,87.8,8.85,0,0,IELTS,8.0,USA,4531819,University_68,594,Arts,Mother,56,759,1398228,Self-Employed,Private,15044,12.91,Fixed Deposit,6593174,68.74,297082,Mortgaged,Stable,Yes,Meets Criteria,Semi-Urban,Group_C,10.35
STU10895,21,Male,768,70.43,69.49,6.72,0,0,,0.0,Canada,3208309,University_36,589,STEM,Brother,29,675,1528437,Salaried,MNC,14509,11.39,Property,4154249,77.23,397150,Owned,Declining,No,Declining CIBIL Trend with borderline score,Urban,Group_A,9.5
STU10896,22,Female,712,81.45,72.49,8.19,0,0,GRE,328.0,USA,4956243,University_30,683,STEM,Father,47,686,2402553,Self-Employed,Govt,16565,8.27,Property,9273289,53.45,287054,Rented,Declining,No,Declining CIBIL Trend with borderline score,Urban,Group_A,9.5
STU10897,21,Female,653,73.55,86.31,8.1,0,0,GRE,302.0,Ireland,2167198,University_4,379,Management,Mother,45,722,4395641,Salaried,Govt,62491,17.06,Property,3371856,64.27,242307,Owned,Improving,Yes,Meets Criteria,Rural,Group_A,10.0
STU10898,21,Female,-1,84.36,81.58,9.05,0,0,GRE,297.0,Germany,2053300,University_56,506,STEM,Father,46,672,471732,Salaried,Private,15615,39.72,Property,3665770,56.01,232119,Mortgaged,Declining,No,Declining CIBIL Trend with borderline score,Urban,Group_B,9.5
STU10899,27,Female,-1,96.11,95.22,8.74,0,0,IELTS,6.0,USA,4188808,University_65,344,Management,Father,52,766,1875513,Salaried,Private,42016,26.88,Fixed Deposit,5274843,79.41,440102,Rented,Stable,Yes,Meets Criteria,Urban,Group_B,8.5
STU10900,23,Male,-1,82.34,83.27,9.23,0,0,GRE,323.0,UK,3893445,University_72,677,STEM,Father,57,810,418683,Self-Employed,Private,13246,37.96,Property,6625973,58.76,367859,Owned,Stable,Yes,Meets Criteria,Urban,Group_A,8.5
STU10901,22,Male,717,85.67,75.89,7.55,0,0,TOEFL,110.0,Germany,1807203,University_24,752,STEM,Father,50,722,1076388,Self-Employed,Govt,7124,7.94,None,0,0.0,203020,Owned,Improving,Yes,Meets Criteria,Urban,Group_A,8.5
STU10902,22,Male,-1,96.38,94.77,8.36,0,0,IELTS,6.0,Germany,2092180,University_79,214,Management,Father,54,695,420349,Salaried,Govt,5859,16.73,Property,2950934,70.9,508763,Rented,Improving,Yes,Meets Criteria,Urban,Group_A,9.5
STU10903,23,Male,730,82.08,79.78,8.24,0,0,GRE,301.0,Germany,2417427,University_30,897,STEM,Mother,48,821,1817245,Salaried,MNC,29695,19.61,None,0,0.0,770631,Mortgaged,Stable,Yes,Meets Criteria,Semi-Urban,Group_A,8.5
STU10904,22,Female,700,81.09,77.37,7.62,0,0,IELTS,7.0,Australia,3484215,University_58,334,Management,Brother,28,819,3782015,Salaried,MNC,14600,4.63,None,0,0.0,597310,Owned,Stable,Yes,Meets Criteria,Urban,Group_B,8.5
STU10905,23,Male,690,80.03,80.79,7.67,0,2,TOEFL,110.0,USA,5112217,University_63,616,STEM,Mother,50,825,523134,Self-Employed,Private,505,1.16,Property,7230408,70.7,335555,Owned,Stable,Yes,Meets Criteria,Rural,Group_B,10.0
STU10906,23,Female,750,75.7,72.12,7.74,1,1,GMAT,655.0,Ireland,2582688,University_57,436,Arts,Father,50,716,428643,Self-Employed,Govt,3833,10.73,Property,4603769,56.1,466349,Mortgaged,Improving,Yes,Meets Criteria,Semi-Urban,Group_A,8.5
STU10907,23,Female,781,84.18,85.7,8.81,1,2,IELTS,6.5,UK,4260502,University_100,641,STEM,Father,45,807,4561678,Salaried,Private,50130,13.19,Property,7174553,59.38,130887,Owned,Stable,Yes,Meets Criteria,Urban,Group_A,8.5
STU10908,27,Female,-1,83.83,89.2,9.52,0,0,TOEFL,101.0,USA,5242011,University_99,785,STEM,Mother,56,666,903212,Salaried,Public,15614,20.74,Property,7808909,67.13,318079,Owned,Declining,No,Declining CIBIL Trend with borderline score,Urban,Group_C,10.35
STU10909,21,Female,-1,97.13,90.49,9.53,0,1,GRE,308.0,UK,4706159,University_48,340,Management,Sister,30,705,1959623,Salaried,MNC,47901,29.33,Property,9186474,51.23,147827,Owned,Improving,Yes,Meets Criteria,Urban,Group_B,8.5
STU10910,30,Male,702,85.55,85.18,8.95,0,0,GRE,292.0,Canada,2847168,University_39,25,STEM,Mother,54,811,1318645,Salaried,Govt,1484,1.35,None,0,0.0,239648,Owned,Stable,Yes,Meets Criteria,Semi-Urban,Group_B,8.5
STU10911,22,Female,-1,85.06,85.4,9.17,1,0,IELTS,7.0,Australia,4121256,University_10,76,Medical,Father,51,834,768830,Salaried,Public,19538,30.5,Property,6315017,65.26,125457,Rented,Stable,Yes,Meets Criteria,Urban,Group_A,8.5
STU10912,25,Male,845,88.98,82.19,9.09,1,0,TOEFL,105.0,Australia,3159769,University_78,880,Management,Father,50,850,569726,Salaried,MNC,8074,17.01,Fixed Deposit,5671111,55.72,426831,Mortgaged,Stable,Yes,Meets Criteria,Semi-Urban,Group_B,8.5
STU10913,24,Female,-1,66.26,67.19,7.31,1,0,GMAT,670.0,Australia,3422276,University_55,96,Management,Father,48,754,694123,Salaried,MNC,6445,11.14,None,0,0.0,408239,Rented,Stable,No,High Unsecured Loan (3422276) vs Income (694123),Urban,Group_A,8.5
STU10914,25,Female,-1,90.23,85.9,8.25,1,1,TOEFL,111.0,Canada,3600375,University_48,782,STEM,Father,54,832,1027131,Salaried,MNC,15484,18.09,Fixed Deposit,5984916,60.16,136101,Owned,Stable,Yes,Meets Criteria,Semi-Urban,Group_B,8.5
STU10915,23,Female,750,84.84,85.29,7.98,1,0,IELTS,7.0,USA,4198383,University_81,1000,STEM,Father,45,674,1976262,Salaried,MNC,11149,6.77,Property,7942761,52.86,623604,Mortgaged,Declining,No,Declining CIBIL Trend with borderline score,Urban,Group_C,10.35
STU10916,22,Male,-1,74.06,78.85,8.54,0,0,IELTS,8.0,Canada,3594402,University_73,779,STEM,Father,46,665,1834773,Salaried,Govt,15413,10.08,Fixed Deposit,5208877,69.01,464280,Mortgaged,Improving,Yes,Meets Criteria,Urban,Group_A,9.5
STU10917,26,Female,669,66.43,65.08,6.92,0,0,IELTS,7.0,Canada,3551324,University_97,576,Management,Mother,59,775,1944183,Salaried,Public,32391,19.99,Fixed Deposit,6987514,50.82,357190,Owned,Stable,Yes,Meets Criteria,Rural,Group_A,10.0
STU10918,24,Male,791,76.09,77.16,7.99,1,2,TOEFL,85.0,Germany,2453833,University_55,717,STEM,Mother,46,746,1066931,Salaried,Public,26918,30.28,None,0,0.0,279966,Rented,Improving,Yes,Meets Criteria,Semi-Urban,Group_A,8.5
STU10919,25,Male,-1,72.42,73.56,8.36,1,0,IELTS,6.0,USA,3670311,University_55,508,Management,Father,48,810,675035,Salaried,MNC,10962,19.49,None,0,0.0,683660,Rented,Stable,No,High Unsecured Loan (3670311) vs Income (675035),Urban,Group_A,8.5
STU10920,23,Male,703,71.43,73.51,7.14,0,0,GRE,333.0,Australia,3270394,University_42,630,Management,Father,58,745,695599,Salaried,Public,15076,26.01,None,0,0.0,258391,Owned,Improving,No,High Unsecured Loan (3270394) vs Income (695599),Rural,Group_A,9.0
STU10921,22,Female,-1,73.98,75.75,7.8,0,0,TOEFL,103.0,Ireland,2720930,University_33,484,Management,Sister,32,703,1492432,Self-Employed,Govt,46120,37.08,Property,4832655,56.3,251913,Mortgaged,Improving,Yes,Meets Criteria,Urban,Group_A,8.5
STU10922,23,Male,671,83.17,70.88,7.7,0,1,GRE,299.0,USA,4446888,University_1,320,STEM,Father,55,698,1217895,Self-Employed,Private,28175,27.76,Property,7249250,61.34,457115,Mortgaged,Declining,No,Declining CIBIL Trend with borderline score,Rural,Group_B,11.0
STU10923,27,Male,762,63.86,59.18,6.21,0,0,GRE,325.0,Germany,2422008,University_45,644,Management,Father,48,699,1375838,Self-Employed,Govt,13033,11.37,Property,4672558,51.83,556867,Mortgaged,Improving,Yes,Meets Criteria,Semi-Urban,Group_B,9.5
STU10924,28,Male,-1,77.12,81.9,7.86,2,0,,0.0,Ireland,2435129,University_70,657,Medical,Father,59,701,2324959,Salaried,Public,45928,23.71,None,0,0.0,217978,Mortgaged,Improving,Yes,Meets Criteria,Urban,Group_A,8.5
STU10925,22,Female,743,64.17,69.95,6.34,1,0,TOEFL,113.0,Australia,3725736,University_99,393,Management,Father,48,797,4483741,Self-Employed,Public,90388,24.19,None,0,0.0,755804,Owned,Stable,Yes,Meets Criteria,Urban,Group_C,9.35
STU10926,23,Male,-1,82.16,77.58,8.68,1,1,GMAT,605.0,UK,3513448,University_79,151,Management,Mother,46,692,649280,Salaried,Public,18928,34.98,None,0,0.0,449044,Mortgaged,Declining,No,Declining CIBIL Trend with borderline score; High Unsecured Loan (3513448) vs Income (649280),Urban,Group_A,9.5
STU10927,24,Male,759,82.66,89.55,8.85,0,2,GRE,332.0,Ireland,2669424,University_39,513,Management,Father,57,680,3009875,Salaried,Public,56198,22.41,Property,4009068,66.58,514257,Owned,Declining,No,Declining CIBIL Trend with borderline score,Urban,Group_C,10.35
STU10928,26,Male,790,73.91,77.06,7.72,0,0,,0.0,USA,5189914,University_28,979,STEM,Father,49,812,1382457,Salaried,Public,32780,28.45,Property,9715004,53.42,697712,Owned,Stable,Yes,Meets Criteria,Semi-Urban,Group_A,8.5
STU10929,24,Male,706,81.54,79.98,7.81,0,0,IELTS,7.5,Ireland,2864259,University_23,26,Management,Father,58,743,1777432,Self-Employed,Public,45664,30.83,None,0,0.0,472798,Mortgaged,Improving,Yes,Meets Criteria,Urban,Group_C,9.35
STU10930,30,Female,-1,80.06,85.25,9.18,0,0,GRE,302.0,Canada,3144843,University_23,956,STEM,Brother,33,700,1727111,Salaried,MNC,20782,14.44,Property,4264126,73.75,724663,Rented,Improving,Yes,Meets Criteria,Urban,Group_B,8.5
STU10931,24,Female,-1,65.72,69.84,6.81,0,0,GRE,290.0,Canada,3440942,University_5,663,STEM,Father,49,814,650994,Self-Employed,Public,8642,15.93,Property,6870151,50.09,375329,Owned,Stable,Yes,Meets Criteria,Semi-Urban,Group_B,8.5
STU10932,23,Female,735,88.33,86.11,8.67,0,0,TOEFL,110.0,UK,5035349,University_81,466,Management,Father,51,694,648223,Self-Employed,MNC,16204,30.0,Property,8650924,58.21,682089,Mortgaged,Improving,Yes,Meets Criteria,Rural,Group_C,10.85
STU10933,23,Female,663,56.58,69.56,5.84,2,2,TOEFL,91.0,Germany,2411567,University_17,85,STEM,Mother,50,680,2235083,Salaried,MNC,33032,17.73,None,0,0.0,175352,Rented,Improving,Yes,Meets Criteria,Urban,Group_A,10.5
STU10934,26,Female,-1,77.3,68.59,7.72,1,0,GMAT,717.0,UK,4391526,University_3,341,Arts,Father,60,822,3327415,Salaried,MNC,99571,35.91,Property,5864315,74.89,725354,Rented,Stable,Yes,Meets Criteria,Urban,Group_C,9.35
STU10935,23,Male,-1,82.16,76.88,8.66,0,0,TOEFL,106.0,UK,4767364,University_86,63,Medical,Father,45,699,799136,Salaried,MNC,13359,20.06,Property,8500999,56.08,198047,Owned,Declining,No,Declining CIBIL Trend with borderline score,Urban,Group_A,9.5
STU10936,23,Female,-1,60.85,69.31,7.05,0,0,GRE,316.0,USA,3911342,University_96,863,STEM,Brother,26,729,543530,Self-Employed,MNC,10156,22.42,Property,5061947,77.27,598900,Mortgaged,Improving,Yes,Meets Criteria,Urban,Group_A,8.5
STU10937,24,Female,772,81.37,94.04,8.14,0,0,,0.0,Ireland,3151451,University_24,748,STEM,Father,46,697,1465849,Self-Employed,Private,28884,23.65,Fixed Deposit,6216591,50.69,287561,Rented,Improving,Yes,Meets Criteria,Rural,Group_A,10.0
STU10938,22,Male,-1,81.92,84.28,7.99,0,0,GRE,305.0,Germany,1938537,University_88,658,STEM,Father,57,698,1078366,Salaried,MNC,11160,12.42,None,0,0.0,507735,Rented,Declining,No,Declining CIBIL Trend with borderline score,Urban,Group_B,9.5
STU10939,24,Male,790,67.8,72.09,6.98,1,0,TOEFL,92.0,USA,4091038,University_26,182,STEM,Father,49,716,765721,Self-Employed,Private,11220,17.58,Fixed Deposit,5211694,78.5,482405,Rented,Improving,Yes,Meets Criteria,Semi-Urban,Group_A,8.5
STU10940,28,Female,724,77.49,73.75,7.84,1,2,IELTS,6.5,Australia,2932892,University_75,395,STEM,Mother,51,787,698168,Salaried,Private,4902,8.43,None,0,0.0,564928,Mortgaged,Stable,No,High Unsecured Loan (2932892) vs Income (698168),Urban,Group_B,8.5
STU10941,23,Male,694,84.61,78.71,7.95,0,2,,0.0,USA,5343282,University_71,850,STEM,Father,55,718,447583,Salaried,Public,7657,20.53,Property,7312695,73.07,338856,Rented,Improving,Yes,Meets Criteria,Semi-Urban,Group_B,9.5
STU10942,22,Male,-1,69.5,70.76,7.89,0,0,IELTS,6.5,Germany,2079176,University_60,601,STEM,Father,48,745,695577,Salaried,Private,8762,15.12,Property,3473705,59.85,145494,Owned,Improving,Yes,Meets Criteria,Semi-Urban,Group_B,8.5
STU10943,22,Male,791,85.48,89.08,7.62,0,1,GMAT,657.0,Germany,2079416,University_44,664,STEM,Father,57,675,2784803,Self-Employed,MNC,84764,36.53,None,0,0.0,431153,Rented,Declining,No,Declining CIBIL Trend with borderline score,Semi-Urban,Group_B,9.5
STU10944,22,Male,770,71.8,69.33,8.11,0,0,TOEFL,109.0,Australia,3734747,University_89,446,STEM,Mother,54,752,1793153,Salaried,MNC,49855,33.36,None,0,0.0,374843,Owned,Stable,Yes,Meets Criteria,Urban,Group_A,8.5
STU10945,30,Male,792,71.26,76.37,7.07,0,0,GMAT,609.0,USA,4973711,University_65,111,STEM,Mother,57,759,1364891,Salaried,Public,43402,38.16,Property,7563025,65.76,139942,Owned,Stable,Yes,Meets Criteria,Urban,Group_A,8.5
STU10946,29,Male,-1,62.42,64.43,6.89,1,0,IELTS,8.0,Canada,2901970,University_73,770,STEM,Mother,52,683,1498661,Self-Employed,MNC,39393,31.54,None,0,0.0,166413,Rented,Improving,Yes,Meets Criteria,Urban,Group_A,9.5
STU10947,23,Male,-1,88.75,95.6,9.61,0,0,,0.0,UK,4130638,University_22,472,STEM,Sister,26,818,1109312,Salaried,Govt,7410,8.02,Property,5525367,74.76,432465,Owned,Stable,Yes,Meets Criteria,Rural,Group_A,9.0
STU10948,28,Female,-1,60.95,60.46,5.88,0,1,GRE,305.0,Germany,1809475,University_72,866,STEM,Father,61,745,810370,Salaried,Public,12894,19.09,None,0,0.0,471456,Rented,Improving,Yes,Meets Criteria,Rural,Group_A,9.0
STU10949,27,Male,662,79.43,79.61,8.28,0,0,IELTS,7.5,UK,4756662,University_91,249,STEM,Sister,31,749,467372,Salaried,MNC,4959,12.73,Property,9266976,51.33,529308,Rented,Improving,Yes,Meets Criteria,Semi-Urban,Group_A,9.5
STU10950,24,Female,748,69.06,74.93,7.79,0,0,GRE,328.0,Ireland,2585358,University_10,356,Arts,Father,52,821,788198,Salaried,Govt,25490,38.81,None,0,0.0,138202,Mortgaged,Stable,No,High Unsecured Loan (2585358) vs Income (788198),Semi-Urban,Group_A,8.5
STU10951,22,Female,-1,70.78,73.17,6.72,0,0,IELTS,7.0,USA,4502620,University_1,626,STEM,Mother,52,842,608761,Salaried,Govt,18558,36.58,Fixed Deposit,7728575,58.26,254787,Mortgaged,Stable,Yes,Meets Criteria,Semi-Urban,Group_C,9.35
STU10952,23,Male,713,63.81,67.17,6.57,0,0,TOEFL,91.0,USA,4366280,University_37,319,STEM,Mother,50,822,1808001,Salaried,MNC,2098,1.39,Property,8587644,50.84,552223,Mortgaged,Stable,Yes,Meets Criteria,Urban,Group_B,8.5
STU10953,22,Female,672,70.14,72.42,6.69,0,2,TOEFL,85.0,Canada,3097098,University_94,104,STEM,Father,53,753,2051274,Self-Employed,Public,11000,6.44,None,0,0.0,244993,Rented,Stable,Yes,Meets Criteria,Rural,Group_A,10.0
STU10954,24,Female,-1,78.0,79.06,7.95,0,0,IELTS,7.5,USA,4360422,University_7,311,STEM,Mother,51,716,4659681,Salaried,Private,18010,4.64,Property,8048031,54.18,582142,Mortgaged,Improving,Yes,Meets Criteria,Urban,Group_B,8.5
STU10955,22,Female,-1,81.78,80.74,8.27,0,0,TOEFL,103.0,Australia,3040807,University_23,435,Management,Father,51,844,1604199,Salaried,Private,46538,34.81,Property,3843602,79.11,117294,Rented,Stable,Yes,Meets Criteria,Urban,Group_A,8.5
STU10956,30,Male,-1,79.13,73.97,6.81,0,2,,0.0,Germany,2362781,University_94,894,Management,Father,58,761,901804,Salaried,Private,13970,18.59,Property,2910652,81.18,623405,Mortgaged,Stable,Yes,Meets Criteria,Urban,Group_A,8.5
STU10957,27,Female,708,79.35,76.31,6.98,0,0,,0.0,Australia,3365944,University_38,786,STEM,Father,61,656,1938227,Salaried,Govt,17265,10.69,Property,4828755,69.71,547319,Mortgaged,Improving,Yes,Meets Criteria,Urban,Group_B,9.5
STU10958,30,Male,702,72.87,68.94,7.01,0,0,,0.0,Germany,2294799,University_69,757,STEM,Father,57,713,491872,Self-Employed,Public,1378,3.36,None,0,0.0,209166,Owned,Improving,No,High Unsecured Loan (2294799) vs Income (491872),Urban,Group_B,8.5
STU10959,22,Male,-1,60.95,66.18,7.22,0,2,IELTS,7.0,UK,4992712,University_89,633,STEM,Mother,46,837,1897983,Salaried,Public,36002,22.76,Property,6153581,81.14,452452,Rented,Stable,Yes,Meets Criteria,Semi-Urban,Group_A,8.5
STU10960,22,Female,747,65.29,67.01,6.83,2,1,TOEFL,86.0,Ireland,2572466,University_93,81,Management,Father,48,813,1433311,Salaried,Govt,20187,16.9,None,0,0.0,133470,Mortgaged,Stable,Yes,Meets Criteria,Urban,Group_C,9.35
STU10961,25,Female,-1,71.72,71.34,7.17,0,0,GMAT,570.0,USA,5106335,University_56,989,STEM,Father,47,699,1997254,Self-Employed,Govt,17374,10.44,Property,7366200,69.32,649009,Rented,Improving,Yes,Meets Criteria,Semi-Urban,Group_C,10.35
STU10962,23,Male,719,84.28,92.61,8.62,0,0,IELTS,7.5,UK,3721551,University_56,282,Medical,Father,55,826,1189470,Salaried,Govt,10976,11.07,None,0,0.0,157964,Owned,Stable,No,High Unsecured Loan (3721551) vs Income (1189470),Urban,Group_B,8.5
STU10963,24,Male,777,69.68,71.23,6.7,1,0,GRE,303.0,Australia,2906955,University_54,673,Management,Father,47,720,3120103,Salaried,Private,48095,18.5,Property,5326142,54.58,775695,Rented,Improving,Yes,Meets Criteria,Urban,Group_B,8.5
STU10964,27,Male,790,61.29,68.55,6.12,0,0,TOEFL,98.0,Ireland,2946417,University_78,847,Management,Father,55,800,3764816,Salaried,Private,79660,25.39,Property,4310612,68.35,517937,Mortgaged,Stable,Yes,Meets Criteria,Urban,Group_B,8.5
STU10965,23,Female,-1,77.63,74.41,7.41,1,0,,0.0,Australia,4064585,University_20,474,Management,Father,57,840,661606,Salaried,Public,4645,8.42,Property,7146273,56.88,519008,Rented,Stable,Yes,Meets Criteria,Urban,Group_A,8.5
STU10966,22,Female,682,77.0,75.66,6.83,0,0,GRE,321.0,Canada,3380949,University_45,86,STEM,Brother,28,841,677658,Salaried,Private,8339,14.77,None,0,0.0,415998,Owned,Stable,No,High Unsecured Loan (3380949) vs Income (677658),Semi-Urban,Group_A,9.5
STU10967,24,Female,796,74.58,64.9,7.38,0,0,GRE,300.0,Australia,3778941,University_73,442,Arts,Father,51,845,849091,Salaried,Private,21266,30.05,None,0,0.0,407677,Rented,Stable,No,High Unsecured Loan (3778941) vs Income (849091),Urban,Group_A,8.5
STU10968,25,Male,721,92.17,82.95,8.54,0,0,IELTS,7.5,Ireland,2815691,University_16,100,Management,Father,52,705,1243140,Salaried,Private,41111,39.68,None,0,0.0,708469,Mortgaged,Improving,Yes,Meets Criteria,Semi-Urban,Group_B,8.5
STU10969,24,Male,-1,76.65,75.18,7.84,0,0,GRE,315.0,Canada,3366092,University_46,770,Medical,Brother,30,757,1384854,Self-Employed,Govt,14744,12.78,Property,5017293,67.09,220770,Owned,Stable,Yes,Meets Criteria,Urban,Group_B,8.5
STU10970,22,Female,835,95.95,92.97,8.63,0,1,IELTS,8.0,Australia,3646812,University_29,880,STEM,Father,49,776,1772899,Salaried,Public,16918,11.45,Fixed Deposit,7073503,51.56,274592,Mortgaged,Stable,Yes,Meets Criteria,Semi-Urban,Group_A,8.5
STU10971,26,Female,672,67.05,79.45,7.84,0,0,GRE,331.0,USA,3910087,University_13,393,STEM,Father,56,817,3753639,Self-Employed,MNC,121899,38.97,Property,5975531,65.43,777331,Mortgaged,Stable,Yes,Meets Criteria,Rural,Group_C,10.85
STU10972,21,Male,-1,59.23,65.02,6.34,1,0,GRE,295.0,Germany,2183637,University_94,419,Management,Mother,42,733,1324164,Salaried,Private,7347,6.66,None,0,0.0,765879,Mortgaged,Improving,Yes,Meets Criteria,Semi-Urban,Group_C,9.35
STU10973,23,Male,-1,70.52,74.71,8.03,0,0,GRE,331.0,Canada,3153927,University_66,885,STEM,Father,47,691,640002,Salaried,MNC,7873,14.76,Property,5991578,52.64,293722,Rented,Declining,No,Declining CIBIL Trend with borderline score,Urban,Group_B,9.5
STU10974,26,Male,760,96.94,87.96,8.75,0,2,GRE,291.0,Australia,3178090,University_60,471,STEM,Father,50,825,1730409,Salaried,Private,57086,39.59,None,0,0.0,295469,Rented,Stable,Yes,Meets Criteria,Urban,Group_B,8.5
STU10975,23,Male,-1,91.69,85.85,9.32,0,0,GRE,311.0,Canada,3791152,University_21,251,Arts,Father,51,834,436617,Salaried,Govt,100,0.27,None,0,0.0,143892,Owned,Stable,No,High Unsecured Loan (3791152) vs Income (436617),Urban,Group_C,9.35
STU10976,24,Male,-1,81.56,83.26,8.25,1,0,GMAT,648.0,USA,3726658,University_54,981,STEM,Father,49,833,1926887,Salaried,MNC,7770,4.84,Property,6787277,54.91,788522,Mortgaged,Stable,Yes,Meets Criteria,Semi-Urban,Group_A,8.5
STU10977,23,Female,768,83.02,88.86,7.73,0,0,TOEFL,105.0,Australia,4072763,University_93,788,STEM,Father,44,743,3675329,Salaried,Govt,87794,28.66,Property,6554084,62.14,791186,Mortgaged,Improving,Yes,Meets Criteria,Urban,Group_B,8.5
STU10978,22,Female,706,69.72,70.05,7.18,0,0,GRE,327.0,Australia,3965152,University_15,740,Medical,Brother,27,743,616474,Salaried,Govt,13491,26.26,None,0,0.0,258845,Owned,Improving,No,High Unsecured Loan (3965152) vs Income (616474),Urban,Group_A,8.5
STU10979,25,Male,731,82.02,80.32,8.85,0,0,IELTS,6.0,Ireland,2654901,University_91,504,STEM,Father,58,712,1345259,Salaried,Private,15355,13.7,Property,4649674,57.1,456723,Owned,Improving,Yes,Meets Criteria,Semi-Urban,Group_B,8.5
STU10980,25,Male,750,72.38,72.64,6.9,0,0,IELTS,6.5,Australia,3093154,University_37,27,Arts,Brother,31,744,1981828,Self-Employed,Govt,23961,14.51,Property,4432411,69.78,275992,Owned,Improving,Yes,Meets Criteria,Urban,Group_A,8.5
STU10981,24,Male,-1,76.6,82.73,8.21,0,0,GRE,299.0,Canada,3621727,University_89,132,Arts,Father,47,805,1413067,Self-Employed,Private,40467,34.37,None,0,0.0,379804,Mortgaged,Stable,Yes,Meets Criteria,Semi-Urban,Group_C,9.35
STU10982,24,Male,-1,74.52,77.28,7.86,1,0,GRE,327.0,Ireland,2173032,University_47,739,STEM,Father,53,840,670961,Self-Employed,Private,9076,16.23,Property,3682785,59.01,288687,Mortgaged,Stable,Yes,Meets Criteria,Urban,Group_C,9.35
STU10983,25,Female,694,83.12,81.83,8.22,0,0,IELTS,7.5,USA,5157735,University_63,664,STEM,Father,48,784,1810938,Salaried,MNC,10587,7.02,Property,9891023,52.15,124923,Mortgaged,Stable,Yes,Meets Criteria,Urban,Group_A,9.5
STU10984,24,Female,-1,76.03,78.43,7.82,0,0,IELTS,6.5,Australia,3280774,University_100,747,Medical,Father,57,680,740785,Salaried,Public,4863,7.88,None,0,0.0,633019,Mortgaged,Declining,No,Declining CIBIL Trend with borderline score; High Unsecured Loan (3280774) vs Income (740785),Semi-Urban,Group_B,9.5
STU10985,23,Female,758,81.66,72.27,8.33,0,0,IELTS,8.0,USA,5216642,University_95,208,STEM,Sister,31,820,868872,Salaried,Public,11541,15.94,Fixed Deposit,6672460,78.18,455521,Rented,Stable,Yes,Meets Criteria,Urban,Group_C,9.35
STU10986,25,Female,714,65.32,65.04,6.81,2,0,IELTS,6.0,Germany,2495167,University_8,458,STEM,Father,55,783,530008,Salaried,Private,4322,9.79,None,0,0.0,301558,Rented,Stable,No,High Unsecured Loan (2495167) vs Income (530008),Semi-Urban,Group_B,8.5
STU10987,26,Male,-1,85.45,79.37,8.6,0,0,GRE,319.0,UK,3658083,University_78,273,STEM,Father,55,721,991595,Self-Employed,Govt,24562,29.72,None,0,0.0,176761,Mortgaged,Improving,No,High Unsecured Loan (3658083) vs Income (991595),Urban,Group_C,9.35
STU10988,23,Male,666,71.59,74.09,7.95,0,0,GRE,327.0,Germany,2080917,University_13,550,Arts,Father,58,850,907129,Salaried,Public,9641,12.75,None,0,0.0,774698,Rented,Stable,Yes,Meets Criteria,Urban,Group_B,9.5
STU10989,23,Male,-1,64.37,63.82,6.43,0,0,IELTS,6.0,Canada,3355926,University_28,613,Management,Sister,33,726,1993971,Salaried,Private,638,0.38,None,0,0.0,560631,Owned,Improving,Yes,Meets Criteria,Semi-Urban,Group_A,8.5
STU10990,29,Female,664,83.24,86.24,8.54,2,0,IELTS,8.0,Germany,2314656,University_1,258,Management,Father,62,754,1367790,Self-Employed,Govt,22459,19.7,Property,3104475,74.56,641935,Rented,Stable,Yes,Meets Criteria,Semi-Urban,Group_A,9.5
STU10991,22,Female,711,84.7,74.92,8.34,0,0,GMAT,613.0,Australia,3371244,University_87,575,Management,Father,51,729,1722839,Self-Employed,Private,6401,4.46,None,0,0.0,301029,Owned,Improving,Yes,Meets Criteria,Semi-Urban,Group_A,8.5
STU10992,24,Female,762,68.6,62.84,6.26,1,0,GRE,301.0,Germany,1735069,University_56,690,Management,Father,49,674,3858909,Salaried,Public,44047,13.7,Property,3035619,57.16,301528,Rented,Improving,Yes,Meets Criteria,Urban,Group_B,9.5
STU10993,24,Male,-1,62.44,64.28,6.54,0,0,GMAT,628.0,Ireland,2505617,University_68,484,Management,Mother,46,825,1429275,Salaried,Public,44190,37.1,Fixed Deposit,3428269,73.09,272107,Mortgaged,Stable,Yes,Meets Criteria,Semi-Urban,Group_A,8.5
STU10994,22,Male,741,71.19,71.48,7.25,1,0,TOEFL,90.0,Ireland,2511735,University_67,486,STEM,Mother,53,802,3748644,Salaried,MNC,97434,31.19,None,0,0.0,392468,Rented,Stable,Yes,Meets Criteria,Urban,Group_B,8.5
STU10995,25,Female,679,90.07,95.83,8.75,2,2,GRE,299.0,Ireland,2490730,University_94,363,STEM,Mother,59,840,1461330,Salaried,Public,21905,17.99,None,0,0.0,555957,Mortgaged,Stable,Yes,Meets Criteria,Urban,Group_B,9.5
STU10996,24,Female,822,73.06,78.24,7.29,0,0,IELTS,7.5,Germany,1977034,University_18,999,STEM,Father,52,846,1375055,Self-Employed,Govt,892,0.78,None,0,0.0,322035,Rented,Stable,Yes,Meets Criteria,Rural,Group_B,9.0
STU10997,22,Male,-1,72.01,65.68,6.69,0,0,IELTS,7.0,Ireland,2621698,University_49,334,STEM,Mother,51,793,787457,Self-Employed,Govt,5235,7.98,Property,3596927,72.89,637374,Mortgaged,Stable,Yes,Meets Criteria,Urban,Group_C,9.35
STU10998,24,Male,756,82.29,84.34,8.56,0,0,TOEFL,110.0,Australia,4235751,University_76,482,STEM,Father,45,849,745725,Salaried,Private,9695,15.6,Property,8335048,50.82,620699,Rented,Stable,Yes,Meets Criteria,Rural,Group_C,9.85
STU10999,30,Male,-1,77.3,71.29,6.34,1,0,GRE,293.0,Ireland,2850798,University_36,551,Management,Sister,38,762,3192170,Self-Employed,Private,11814,4.44,None,0,0.0,250807,Rented,Stable,Yes,Meets Criteria,Urban,Group_A,8.5
STU11000,22,Female,795,71.88,68.21,6.96,0,0,GRE,299.0,USA,4661654,University_74,205,Management,Father,51,672,1719101,Salaried,MNC,14052,9.81,Property,7729891,60.31,383383,Mortgaged,Improving,Yes,Meets Criteria,Urban,Group_B,9.5
STU11001,23,Female,-1,83.96,82.04,7.38,0,0,IELTS,6.0,Ireland,3100383,University_90,729,STEM,Father,55,730,1557554,Self-Employed,MNC,46991,36.2,Property,4826280,64.24,335247,Owned,Improving,Yes,Meets Criteria,Urban,Group_B,8.5
STU11002,23,Female,673,68.05,70.07,6.76,0,0,GRE,335.0,Ireland,2439747,University_78,766,Management,Sister,26,685,2499921,Salaried,MNC,53518,25.69,None,0,0.0,558088,Owned,Declining,No,Declining CIBIL Trend with borderline score,Rural,Group_B,11.0
STU11003,25,Male,800,91.15,91.66,8.01,0,0,IELTS,8.0,Germany,1993718,University_73,448,Arts,Father,46,779,3371832,Self-Employed,Public,88807,31.61,None,0,0.0,625909,Mortgaged,Stable,Yes,Meets Criteria,Semi-Urban,Group_C,9.35
STU11004,21,Male,-1,68.49,64.49,6.46,0,0,GMAT,573.0,USA,5353609,University_100,116,STEM,Father,50,690,1876889,Salaried,Govt,52946,33.85,Property,6800069,78.73,601202,Rented,Improving,Yes,Meets Criteria,Semi-Urban,Group_A,9.5
STU11005,23,Male,728,77.37,75.6,8.48,2,0,GRE,307.0,Germany,2071200,University_95,156,Management,Father,54,734,953147,Self-Employed,Public,5772,7.27,Property,3438562,60.23,586102,Owned,Improving,Yes,Meets Criteria,Semi-Urban,Group_A,8.5
STU11006,23,Female,717,89.53,92.66,9.18,0,0,GRE,315.0,Canada,3398653,University_1,639,Medical,Father,57,749,839577,Salaried,MNC,238,0.34,None,0,0.0,448044,Owned,Improving,No,High Unsecured Loan (3398653) vs Income (839577),Semi-Urban,Group_C,9.35
STU11007,23,Female,704,72.35,68.28,7.1,0,1,IELTS,8.0,USA,4423955,University_86,206,Management,Mother,56,797,3487491,Salaried,Private,103839,35.73,Property,7838910,56.44,714877,Rented,Stable,Yes,Meets Criteria,Semi-Urban,Group_A,8.5
STU11008,23,Female,-1,71.17,62.67,6.23,0,0,TOEFL,81.0,Ireland,2736095,University_6,799,Management,Father,46,788,582724,Salaried,Private,18543,38.19,None,0,0.0,453367,Rented,Stable,No,High Unsecured Loan (2736095) vs Income (582724),Urban,Group_B,8.5
STU11009,23,Male,-1,95.04,90.99,8.41,0,0,,0.0,UK,3634325,University_35,239,STEM,Father,58,705,1545212,Salaried,MNC,1405,1.09,Fixed Deposit,6912886,52.57,570996,Rented,Improving,Yes,Meets Criteria,Urban,Group_C,9.35
STU11010,25,Male,665,85.65,86.68,9.12,1,0,TOEFL,93.0,Australia,3427799,University_58,450,STEM,Father,52,700,1231243,Salaried,MNC,31642,30.84,Fixed Deposit,5731875,59.8,240704,Rented,Improving,Yes,Meets Criteria,Urban,Group_A,9.5
STU11011,24,Male,661,91.68,92.75,9.18,2,0,IELTS,6.5,UK,4631098,University_16,964,Management,Brother,34,839,1551600,Salaried,MNC,38773,29.99,Property,6731317,68.8,310258,Rented,Stable,Yes,Meets Criteria,Rural,Group_C,10.85
STU11012,23,Female,726,96.55,89.95,8.84,0,0,GRE,297.0,Australia,4240651,University_3,8,Management,Sister,32,757,3679015,Salaried,MNC,117920,38.46,Property,5428257,78.12,487898,Mortgaged,Stable,Yes,Meets Criteria,Rural,Group_A,9.0
STU11013,23,Male,789,86.61,92.81,8.46,0,0,IELTS,6.0,UK,4452726,University_50,897,Management,Mother,51,654,1376122,Salaried,MNC,33468,29.18,Property,8539727,52.14,157573,Owned,Declining,No,Declining CIBIL Trend with borderline score,Urban,Group_B,9.5
STU11014,22,Male,668,83.08,80.56,8.82,0,0,IELTS,6.5,USA,4851126,University_98,40,Management,Father,43,802,1240037,Salaried,Private,35809,34.65,Property,8386441,57.84,499759,Mortgaged,Stable,Yes,Meets Criteria,Semi-Urban,Group_B,9.5
STU11015,23,Male,729,69.81,70.03,8.15,0,0,IELTS,6.5,Canada,3619396,University_86,186,Management,Mother,49,678,485130,Salaried,Govt,484,1.2,Fixed Deposit,4934183,73.35,533262,Owned,Declining,No,Declining CIBIL Trend with borderline score,Rural,Group_C,10.85
STU11016,23,Male,-1,87.39,77.74,7.86,0,0,IELTS,6.0,Australia,3357478,University_61,36,STEM,Father,55,686,1654914,Self-Employed,Public,2565,1.86,None,0,0.0,505351,Owned,Improving,Yes,Meets Criteria,Urban,Group_A,9.5
STU11017,22,Female,747,80.83,75.33,7.32,1,2,IELTS,6.5,Canada,2761603,University_9,116,Management,Father,50,768,1670480,Salaried,Govt,47672,34.25,None,0,0.0,672799,Rented,Stable,Yes,Meets Criteria,Semi-Urban,Group_B,8.5
STU11018,22,Male,-1,81.07,80.35,6.82,0,1,GRE,320.0,Canada,3259722,University_33,132,STEM,Father,48,818,4264866,Salaried,Public,51972,14.62,Property,5511823,59.14,211080,Owned,Stable,Yes,Meets Criteria,Rural,Group_B,9.0
STU11019,24,Female,-1,80.56,82.11,7.23,0,2,TOEFL,94.0,UK,4224753,University_19,231,STEM,Father,55,671,789643,Salaried,Public,2494,3.79,Property,6434598,65.66,754889,Mortgaged,Improving,Yes,Meets Criteria,Urban,Group_B,9.5
STU11020,21,Male,713,66.25,73.44,6.7,0,0,,0.0,USA,4878828,University_60,685,STEM,Father,51,783,1884028,Self-Employed,Private,36246,23.09,Property,9303272,52.44,248104,Rented,Stable,Yes,Meets Criteria,Semi-Urban,Group_B,8.5
STU11021,23,Male,-1,70.46,67.02,7.59,0,0,GRE,292.0,Ireland,2967770,University_50,648,STEM,Mother,44,700,1182044,Salaried,Govt,564,0.57,None,0,0.0,775458,Rented,Improving,Yes,Meets Criteria,Urban,Group_A,8.5
STU11022,23,Male,-1,67.95,58.45,6.09,0,0,TOEFL,110.0,Canada,3278675,University_45,193,STEM,Father,54,797,612681,Salaried,Govt,9233,18.08,Property,4497912,72.89,761493,Owned,Stable,Yes,Meets Criteria,Rural,Group_A,9.0
STU11023,24,Female,683,73.14,75.57,8.29,0,2,GRE,311.0,UK,3926587,University_24,262,Medical,Brother,32,774,1951129,Salaried,Public,29677,18.25,None,0,0.0,211191,Mortgaged,Stable,Yes,Meets Criteria,Rural,Group_A,10.0
STU11024,23,Male,735,92.14,84.63,9.24,0,0,TOEFL,107.0,Australia,3804901,University_70,130,STEM,Father,45,708,639826,Salaried,MNC,17703,33.2,None,0,0.0,236120,Mortgaged,Improving,No,High Unsecured Loan (3804901) vs Income (639826),Rural,Group_B,9.0
STU11025,21,Male,-1,75.95,84.61,7.61,2,0,GMAT,661.0,Australia,3676749,University_11,990,Management,Father,55,779,1182966,Self-Employed,MNC,15676,15.9,None,0,0.0,645722,Rented,Stable,No,High Unsecured Loan (3676749) vs Income (1182966),Urban,Group_A,8.5
STU11026,25,Male,674,69.46,70.89,6.22,0,0,IELTS,7.0,Australia,3636827,University_100,156,STEM,Father,55,785,1901100,Salaried,Public,2978,1.88,Property,5915390,61.48,675661,Owned,Stable,Yes,Meets Criteria,Rural,Group_A,10.0
STU11027,27,Female,679,90.77,78.31,7.82,0,0,IELTS,6.5,Germany,2213322,University_80,232,STEM,Father,61,842,775435,Salaried,MNC,3930,6.08,None,0,0.0,749280,Mortgaged,Stable,Yes,Meets Criteria,Semi-Urban,Group_C,10.35
STU11028,24,Female,-1,70.75,68.45,8.23,0,1,,0.0,Australia,3457256,University_50,923,Arts,Father,53,757,649847,Salaried,MNC,10137,18.72,Property,4525188,76.4,424565,Rented,Stable,Yes,Meets Criteria,Urban,Group_A,8.5
STU11029,26,Female,-1,58.78,63.35,5.97,0,0,IELTS,8.0,UK,4357894,University_9,61,STEM,Mother,59,755,1094238,Salaried,Private,5244,5.75,Property,8096762,53.82,364240,Owned,Stable,Yes,Meets Criteria,Semi-Urban,Group_C,9.35
STU11030,30,Female,-1,69.13,73.02,7.56,0,0,GMAT,613.0,UK,4761672,University_10,232,STEM,Mother,55,685,1641882,Self-Employed,Public,6757,4.94,Property,8531601,55.81,269222,Owned,Declining,No,Declining CIBIL Trend with borderline score,Urban,Group_B,9.5
STU11031,27,Male,-1,63.31,65.31,6.61,0,0,IELTS,6.0,USA,4537116,University_68,106,STEM,Mother,60,810,4510067,Salaried,Public,70824,18.84,Property,7841666,57.86,423337,Rented,Stable,Yes,Meets Criteria,Semi-Urban,Group_B,8.5
STU11032,22,Male,-1,87.79,88.82,8.2,1,1,TOEFL,101.0,Australia,4140339,University_6,391,Management,Father,56,715,1036638,Salaried,MNC,21662,25.08,Property,6379138,64.9,286638,Mortgaged,Improving,Yes,Meets Criteria,Urban,Group_A,8.5
STU11033,24,Female,-1,91.66,93.2,9.27,0,0,GRE,304.0,Germany,2119185,University_12,750,STEM,Father,54,803,590080,Salaried,Govt,4746,9.65,None,0,0.0,628554,Rented,Stable,No,High Unsecured Loan (2119185) vs Income (590080),Urban,Group_A,8.5
STU11034,22,Female,-1,94.55,86.43,8.97,0,0,GRE,307.0,Ireland,3069710,University_94,283,STEM,Mother,57,714,1864984,Self-Employed,Private,20442,13.15,None,0,0.0,373453,Mortgaged,Improving,Yes,Meets Criteria,Urban,Group_B,8.5
STU11035,23,Female,-1,85.74,86.01,9.66,0,0,TOEFL,95.0,Germany,2172058,University_29,606,Management,Father,50,820,1357327,Salaried,Private,4703,4.16,None,0,0.0,621560,Owned,Stable,Yes,Meets Criteria,Semi-Urban,Group_B,8.5
STU11036,23,Male,-1,84.38,77.46,7.96,0,0,TOEFL,104.0,Australia,2940625,University_14,605,STEM,Mother,57,814,2413461,Self-Employed,MNC,46308,23.02,None,0,0.0,233179,Mortgaged,Stable,Yes,Meets Criteria,Urban,Group_B,8.5
STU11037,23,Female,797,70.86,72.8,7.12,0,0,IELTS,7.5,Canada,3588141,University_6,356,STEM,Father,54,762,3932497,Salaried,MNC,75155,22.93,None,0,0.0,658159,Owned,Stable,Yes,Meets Criteria,Semi-Urban,Group_A,8.5
STU11038,23,Female,-1,62.1,68.2,6.73,0,0,IELTS,7.5,USA,4804323,University_4,222,STEM,Father,53,696,412658,Salaried,MNC,8672,25.22,Property,7029540,68.34,416474,Owned,Declining,No,Declining CIBIL Trend with borderline score,Urban,Group_B,9.5
STU11039,23,Male,702,89.99,91.8,8.29,0,0,IELTS,7.0,Ireland,2540568,University_32,284,STEM,Mother,51,850,425060,Self-Employed,Public,4597,12.98,Property,4469579,56.84,775643,Owned,Stable,Yes,Meets Criteria,Urban,Group_B,8.5
STU11040,30,Male,683,80.47,86.44,9.1,0,0,TOEFL,100.0,Australia,3946614,University_97,357,Management,Mother,63,694,4096466,Salaried,Private,116974,34.27,None,0,0.0,459976,Rented,Improving,Yes,Meets Criteria,Urban,Group_B,10.5
STU11041,23,Female,-1,73.63,77.63,8.0,0,0,GRE,310.0,UK,4752187,University_13,937,Management,Mother,55,673,4682055,Salaried,Govt,63373,16.24,Property,8066551,58.91,780538,Rented,Improving,Yes,Meets Criteria,Semi-Urban,Group_B,9.5
STU11042,28,Female,723,80.73,90.54,8.5,0,0,IELTS,7.0,Canada,3703784,University_47,773,Arts,Sister,33,693,569219,Self-Employed,Public,302,0.64,Property,5006893,73.97,435611,Rented,Declining,No,Declining CIBIL Trend with borderline score,Urban,Group_B,9.5
STU11043,24,Female,764,84.41,87.36,8.41,0,0,GRE,315.0,Australia,3770598,University_10,204,STEM,Father,46,673,4984942,Self-Employed,Public,99361,23.92,Property,7169967,52.59,534292,Rented,Declining,No,Declining CIBIL Trend with borderline score,Semi-Urban,Group_B,9.5
STU11044,25,Female,-1,82.75,85.67,8.59,0,1,GRE,298.0,USA,5258264,University_14,866,Management,Mother,57,725,1995601,Salaried,Private,64574,38.83,Property,7672170,68.54,345745,Mortgaged,Improving,Yes,Meets Criteria,Rural,Group_A,9.0
STU11045,23,Male,756,83.47,82.11,9.47,0,1,GRE,291.0,Australia,3592069,University_89,225,STEM,Mother,47,707,630873,Salaried,MNC,13624,25.91,None,0,0.0,336458,Rented,Improving,No,High Unsecured Loan (3592069) vs Income (630873),Semi-Urban,Group_B,8.5
STU11046,24,Female,668,59.03,55.68,6.46,0,0,IELTS,7.5,Germany,2028201,University_71,582,Arts,Father,48,755,1190192,Salaried,Govt,33638,33.92,None,0,0.0,719113,Mortgaged,Stable,Yes,Meets Criteria,Urban,Group_A,9.5
STU11047,24,Female,-1,75.62,80.52,7.28,3,0,IELTS,7.0,Australia,3897714,University_47,823,STEM,Father,57,717,1704533,Salaried,Private,21035,14.81,Fixed Deposit,7483775,52.08,356106,Owned,Improving,Yes,Meets Criteria,Urban,Group_A,8.5
STU11048,22,Male,-1,69.96,78.98,6.66,0,0,,0.0,USA,5147900,University_90,253,STEM,Father,55,787,1070040,Salaried,Govt,3446,3.86,Property,9955953,51.71,642103,Owned,Stable,Yes,Meets Criteria,Rural,Group_A,9.0
STU11049,22,Male,740,73.97,81.38,7.83,0,0,GRE,312.0,Australia,3913292,University_83,1000,Management,Father,51,707,1775777,Salaried,Private,15930,10.76,None,0,0.0,165785,Rented,Improving,Yes,Meets Criteria,Urban,Group_A,8.5
STU11050,22,Male,758,81.02,80.11,8.79,0,0,GRE,300.0,Ireland,2183884,University_58,573,STEM,Father,53,664,3457954,Salaried,Public,54938,19.06,Fixed Deposit,3854658,56.66,176874,Rented,Improving,Yes,Meets Criteria,Rural,Group_A,10.0
STU11051,24,Male,787,79.95,69.77,6.94,0,0,GRE,291.0,Germany,2279434,University_63,442,Medical,Mother,56,845,1079670,Salaried,Private,35492,39.45,None,0,0.0,335657,Owned,Stable,Yes,Meets Criteria,Urban,Group_A,8.5
STU11052,23,Female,734,76.64,78.68,7.35,0,0,TOEFL,112.0,Canada,3889073,University_19,785,Management,Mother,52,824,1459468,Salaried,Public,41971,34.51,Property,7687572,50.59,165544,Owned,Stable,Yes,Meets Criteria,Rural,Group_B,9.0
STU11053,24,Female,791,86.45,89.25,7.87,0,0,TOEFL,84.0,USA,4553589,University_94,166,STEM,Father,56,699,530442,Salaried,MNC,17323,39.19,Property,8282920,54.98,298052,Mortgaged,Declining,No,Declining CIBIL Trend with borderline score,Semi-Urban,Group_C,10.35
STU11054,27,Female,-1,80.51,94.0,9.1,0,0,GRE,311.0,Germany,1754848,University_52,588,Management,Father,59,825,1612544,Salaried,Govt,43265,32.2,Property,2641103,66.44,607452,Mortgaged,Stable,Yes,Meets Criteria,Rural,Group_A,9.0
STU11055,24,Male,667,83.16,85.09,8.31,0,0,GMAT,660.0,Australia,4145852,University_64,93,STEM,Father,47,716,3683711,Salaried,Private,24632,8.02,Property,6139843,67.52,788664,Rented,Improving,Yes,Meets Criteria,Urban,Group_C,10.35
STU11056,24,Male,731,64.22,58.86,6.13,1,0,GMAT,705.0,Germany,1731156,University_72,61,STEM,Mother,55,745,1000258,Salaried,MNC,5618,6.74,Property,3411900,50.74,664823,Mortgaged,Improving,Yes,Meets Criteria,Semi-Urban,Group_B,8.5
STU11057,27,Female,651,60.91,55.55,6.87,1,0,TOEFL,103.0,Ireland,3088107,University_23,194,STEM,Father,58,808,661200,Salaried,Govt,4006,7.27,None,0,0.0,338981,Mortgaged,Stable,No,High Unsecured Loan (3088107) vs Income (661200),Urban,Group_A,9.5
STU11058,22,Male,744,68.16,60.23,6.35,0,0,,0.0,Ireland,2351082,University_57,724,STEM,Father,56,847,1172228,Salaried,Private,19823,20.29,Property,4353002,54.01,576727,Owned,Stable,Yes,Meets Criteria,Urban,Group_A,8.5
STU11059,24,Male,-1,56.49,63.97,7.03,0,0,GRE,297.0,Ireland,3031781,University_40,958,STEM,Mother,49,677,1532020,Salaried,Private,34880,27.32,None,0,0.0,728771,Mortgaged,Improving,Yes,Meets Criteria,Semi-Urban,Group_B,9.5
STU11060,23,Male,766,61.52,62.92,6.24,0,0,IELTS,8.0,UK,4905598,University_59,951,STEM,Father,54,790,603867,Salaried,Public,15782,31.36,Property,9591468,51.15,691395,Mortgaged,Stable,Yes,Meets Criteria,Rural,Group_B,9.0
STU11061,22,Male,-1,60.66,59.08,7.14,0,0,,0.0,UK,4184490,University_52,43,STEM,Father,48,665,1807521,Self-Employed,Govt,48857,32.44,Property,8066585,51.87,729848,Owned,Improving,Yes,Meets Criteria,Rural,Group_B,10.0
STU11062,27,Male,-1,65.76,67.92,6.28,0,0,GRE,323.0,Germany,2152917,University_90,545,Management,Mother,56,750,4291689,Salaried,Public,92013,25.73,Property,3070165,70.12,252056,Rented,Stable,Yes,Meets Criteria,Semi-Urban,Group_A,8.5
STU11063,23,Male,757,82.3,87.3,8.4,0,0,IELTS,7.5,UK,3498413,University_4,504,Medical,Brother,27,732,4354066,Salaried,Govt,70260,19.36,None,0,0.0,517695,Rented,Improving,Yes,Meets Criteria,Urban,Group_A,8.5
STU11064,23,Female,789,81.72,74.24,8.02,0,1,GRE,293.0,Germany,2123142,University_6,193,Management,Father,45,728,1998051,Salaried,Govt,36150,21.71,None,0,0.0,782066,Mortgaged,Improving,Yes,Meets Criteria,Urban,Group_A,8.5
STU11065,23,Male,740,85.19,77.89,8.17,0,0,GRE,302.0,Canada,3104330,University_69,54,Management,Father,57,825,627438,Salaried,Private,15446,29.54,None,0,0.0,659437,Owned,Stable,No,High Unsecured Loan (3104330) vs Income (627438),Semi-Urban,Group_A,8.5
STU11066,24,Male,672,80.48,70.93,7.35,0,0,IELTS,7.5,Ireland,3185961,University_29,730,Medical,Father,50,668,1226998,Salaried,Private,20256,19.81,None,0,0.0,708889,Mortgaged,Declining,No,Declining CIBIL Trend with borderline score,Urban,Group_A,10.5
STU11067,25,Male,-1,74.45,88.04,7.73,2,2,GMAT,726.0,Canada,2793556,University_38,5,Management,Mother,60,711,745817,Salaried,Govt,20227,32.54,Property,5210102,53.62,295658,Mortgaged,Improving,Yes,Meets Criteria,Urban,Group_A,8.5
STU11068,25,Male,699,85.37,92.36,8.05,0,0,GRE,299.0,Canada,3430352,University_80,685,Management,Father,50,758,4853787,Self-Employed,Private,92309,22.82,Property,6486777,52.88,766608,Mortgaged,Stable,Yes,Meets Criteria,Urban,Group_B,9.5
STU11069,25,Female,739,74.33,72.2,6.52,0,0,IELTS,6.0,Ireland,2609158,University_53,387,Management,Father,50,698,1823865,Salaried,Private,15407,10.14,Property,3152759,82.76,524678,Owned,Declining,No,Declining CIBIL Trend with borderline score,Urban,Group_C,10.35
STU11070,23,Female,755,82.62,85.82,7.92,0,0,IELTS,6.0,Australia,3046000,University_63,69,Management,Father,46,787,1486563,Salaried,MNC,8293,6.69,None,0,0.0,378958,Rented,Stable,Yes,Meets Criteria,Urban,Group_A,8.5
STU11071,23,Female,787,86.88,80.72,8.07,1,0,GRE,326.0,Canada,2985178,University_98,123,STEM,Sister,32,701,445352,Salaried,Govt,8235,22.19,None,0,0.0,632156,Owned,Improving,No,High Unsecured Loan (2985178) vs Income (445352),Urban,Group_C,9.35
STU11072,25,Male,675,73.75,65.85,6.05,0,0,GRE,304.0,USA,3668456,University_50,189,Medical,Father,47,845,941349,Self-Employed,Govt,7585,9.67,None,0,0.0,755210,Rented,Stable,No,High Unsecured Loan (3668456) vs Income (941349),Urban,Group_A,9.5
STU11073,26,Female,797,70.28,77.1,6.88,0,0,GRE,322.0,USA,4980222,University_25,787,Management,Father,50,835,1466730,Self-Employed,Govt,2139,1.75,Property,6032886,82.55,270128,Mortgaged,Stable,Yes,Meets Criteria,Urban,Group_B,8.5
STU11074,24,Male,743,84.55,83.42,8.77,0,2,IELTS,6.0,Canada,3156531,University_20,970,STEM,Father,49,779,433370,Self-Employed,Private,3253,9.01,Property,5371692,58.76,462204,Mortgaged,Stable,Yes,Meets Criteria,Rural,Group_A,9.0
STU11075,28,Male,734,77.02,83.24,8.93,0,0,,0.0,UK,4370788,University_37,571,Management,Mother,51,686,4294802,Self-Employed,MNC,138031,38.57,Property,5443250,80.3,178295,Mortgaged,Declining,No,Declining CIBIL Trend with borderline score,Urban,Group_B,9.5
STU11076,22,Female,752,70.8,81.35,8.14,0,0,IELTS,7.0,Canada,3128891,University_19,924,Management,Brother,26,825,522506,Self-Employed,Private,102,0.23,Property,3763232,83.14,171255,Mortgaged,Stable,Yes,Meets Criteria,Urban,Group_C,9.35
STU11077,28,Female,699,79.86,81.43,8.75,0,0,TOEFL,114.0,Germany,1742096,University_84,844,Management,Mother,63,771,1998506,Salaried,Private,42953,25.79,Property,2484184,70.13,755974,Mortgaged,Stable,Yes,Meets Criteria,Semi-Urban,Group_B,9.5
STU11078,22,Male,-1,80.26,70.17,7.4,1,0,IELTS,7.0,Canada,3095593,University_82,466,Medical,Father,50,689,1752576,Salaried,Private,31339,21.46,None,0,0.0,487629,Mortgaged,Declining,No,Declining CIBIL Trend with borderline score,Urban,Group_A,9.5
STU11079,23,Female,678,68.89,61.95,7.38,1,0,GMAT,615.0,Germany,2420827,University_48,758,Arts,Father,44,760,557211,Salaried,MNC,2674,5.76,None,0,0.0,592273,Rented,Stable,No,High Unsecured Loan (2420827) vs Income (557211),Rural,Group_B,10.0
STU11080,21,Female,752,84.44,79.73,8.24,0,2,,0.0,UK,4771427,University_46,214,STEM,Mother,48,757,619008,Salaried,Public,9503,18.42,Property,7452250,64.03,517311,Mortgaged,Stable,Yes,Meets Criteria,Semi-Urban,Group_A,8.5
STU11081,29,Male,759,70.8,71.89,7.68,0,0,GRE,303.0,Germany,1886645,University_92,196,STEM,Father,59,699,782366,Salaried,MNC,17194,26.37,Property,3198053,58.99,595884,Mortgaged,Declining,No,Declining CIBIL Trend with borderline score,Urban,Group_C,10.35
STU11082,26,Female,-1,82.91,77.57,8.11,0,0,GRE,303.0,Canada,3158535,University_61,112,STEM,Father,55,816,1748584,Salaried,Public,17504,12.01,None,0,0.0,763887,Mortgaged,Stable,Yes,Meets Criteria,Urban,Group_B,8.5
STU11083,26,Male,802,59.78,64.8,5.89,0,0,IELTS,7.5,USA,5286819,University_56,185,STEM,Mother,54,656,1232964,Salaried,Private,15862,15.44,Property,9165202,57.68,396596,Owned,Improving,Yes,Meets Criteria,Rural,Group_A,10.0
STU11084,24,Male,795,86.96,85.04,8.4,0,1,IELTS,6.5,Australia,3096983,University_41,480,Medical,Sister,30,839,1073794,Self-Employed,Public,27296,30.5,None,0,0.0,620326,Owned,Stable,Yes,Meets Criteria,Rural,Group_B,9.0
STU11085,22,Male,790,84.76,81.27,8.27,0,0,IELTS,6.0,Canada,3532570,University_9,88,STEM,Father,43,652,910631,Salaried,MNC,10062,13.26,None,0,0.0,204316,Rented,Improving,No,High Unsecured Loan (3532570) vs Income (910631),Urban,Group_B,9.5
STU11086,22,Male,740,88.3,94.1,9.73,0,0,IELTS,7.0,Germany,2386169,University_47,639,Medical,Father,57,730,1736624,Salaried,Public,27501,19.0,None,0,0.0,293729,Owned,Improving,Yes,Meets Criteria,Semi-Urban,Group_A,8.5
STU11087,29,Female,737,76.13,66.49,7.73,0,0,GRE,300.0,UK,4057512,University_69,933,Management,Father,59,754,1131939,Salaried,Govt,21192,22.47,Property,6909723,58.72,404895,Owned,Stable,Yes,Meets Criteria,Urban,Group_B,8.5
STU11088,26,Female,-1,89.25,90.34,8.57,0,0,GMAT,587.0,Ireland,3141919,University_13,774,STEM,Father,47,684,599727,Salaried,Govt,9451,18.91,Property,4968957,63.23,130923,Owned,Declining,No,Declining CIBIL Trend with borderline score,Rural,Group_A,10.0
STU11089,23,Female,775,87.91,89.61,8.44,0,0,IELTS,6.5,Germany,2055760,University_3,994,Management,Father,51,821,697157,Salaried,Public,7990,13.75,None,0,0.0,466281,Rented,Stable,Yes,Meets Criteria,Urban,Group_B,8.5
STU11090,23,Male,-1,97.93,85.67,8.67,0,1,TOEFL,99.0,Ireland,2891563,University_20,114,Management,Father,58,821,1213416,Salaried,Govt,38893,38.46,Property,4211731,68.65,197108,Mortgaged,Stable,Yes,Meets Criteria,Rural,Group_B,9.0
STU11091,22,Male,695,85.07,73.32,8.65,1,0,GRE,316.0,Germany,2513029,University_47,872,STEM,Mother,47,699,4153452,Salaried,Govt,38799,11.21,Property,4061922,61.87,134583,Mortgaged,Improving,Yes,Meets Criteria,Semi-Urban,Group_B,10.5
STU11092,22,Female,-1,83.28,70.47,7.33,0,0,GMAT,628.0,UK,3802030,University_56,346,STEM,Father,43,719,793214,Self-Employed,Govt,26310,39.8,None,0,0.0,798592,Mortgaged,Improving,No,High Unsecured Loan (3802030) vs Income (793214),Semi-Urban,Group_B,8.5
STU11093,30,Male,-1,69.95,77.01,7.07,0,0,GRE,329.0,Germany,1688969,University_74,20,Management,Sister,37,747,1218681,Salaried,Govt,36744,36.18,Fixed Deposit,2540232,66.49,147731,Mortgaged,Improving,Yes,Meets Criteria,Urban,Group_B,8.5
STU11094,22,Female,788,85.61,80.19,8.72,0,0,IELTS,7.5,Germany,2022043,University_44,136,Medical,Father,48,834,537147,Salaried,Public,9890,22.09,Property,3217200,62.85,389626,Owned,Stable,Yes,Meets Criteria,Urban,Group_A,8.5
STU11095,24,Male,710,96.18,83.67,9.24,0,0,TOEFL,100.0,Germany,2403642,University_15,24,STEM,Father,57,682,1024500,Self-Employed,Public,8297,9.72,Property,3224932,74.53,178114,Mortgaged,Improving,Yes,Meets Criteria,Urban,Group_B,9.5
STU11096,23,Female,-1,71.64,71.3,7.26,0,0,GRE,290.0,USA,4901592,University_95,827,Medical,Father,49,808,947604,Self-Employed,Govt,4935,6.25,Property,8337123,58.79,593145,Mortgaged,Stable,Yes,Meets Criteria,Urban,Group_A,8.5
STU11097,27,Female,730,92.99,82.79,8.3,0,0,GMAT,730.0,Australia,3079749,University_96,949,Management,Father,49,697,2384634,Self-Employed,Govt,57092,28.73,None,0,0.0,206034,Rented,Declining,No,Declining CIBIL Trend with borderline score,Urban,Group_B,9.5
STU11098,24,Male,700,78.27,71.14,7.87,1,1,IELTS,7.5,Canada,3062934,University_68,198,STEM,Father,52,700,1838721,Salaried,Public,37108,24.22,None,0,0.0,305103,Rented,Improving,Yes,Meets Criteria,Semi-Urban,Group_A,8.5
STU11099,27,Male,710,73.78,76.62,6.46,2,0,GRE,301.0,Ireland,2708191,University_11,181,Arts,Father,51,717,475441,Salaried,Govt,13917,35.13,None,0,0.0,713386,Rented,Improving,No,High Unsecured Loan (2708191) vs Income (475441),Urban,Group_A,8.5
STU11100,26,Female,-1,94.68,94.72,8.53,1,0,TOEFL,91.0,UK,4785675,University_97,234,Management,Father,49,751,733078,Salaried,Private,20429,33.44,Property,6878812,69.57,542308,Rented,Stable,Yes,Meets Criteria,Urban,Group_B,8.5
STU11101,22,Male,764,77.49,77.98,7.94,0,1,IELTS,6.5,USA,4554991,University_84,912,STEM,Father,53,714,1390242,Salaried,Govt,34955,30.17,Property,5701585,79.89,175832,Mortgaged,Improving,Yes,Meets Criteria,Rural,Group_A,9.0
STU11102,25,Female,-1,83.36,70.72,8.12,0,0,GRE,317.0,Canada,2745536,University_98,921,STEM,Father,57,764,825164,Self-Employed,Private,26877,39.09,Property,4776136,57.48,443864,Rented,Stable,Yes,Meets Criteria,Rural,Group_B,9.0
STU11103,22,Male,725,91.86,88.61,8.72,0,1,TOEFL,84.0,Ireland,2774737,University_94,860,STEM,Father,48,765,587754,Salaried,MNC,14540,29.69,None,0,0.0,613787,Mortgaged,Stable,No,High Unsecured Loan (2774737) vs Income (587754),Rural,Group_A,9.0
STU11104,25,Male,-1,70.62,73.45,7.43,1,0,GRE,302.0,Ireland,2406360,University_22,44,Arts,Father,57,740,3718543,Self-Employed,Private,57630,18.6,Fixed Deposit,3776330,63.72,532829,Rented,Improving,Yes,Meets Criteria,Rural,Group_A,9.0
STU11105,24,Male,709,88.03,83.35,9.21,0,0,TOEFL,104.0,Canada,3193868,University_4,895,Arts,Father,47,731,3599949,Salaried,Public,118769,39.59,None,0,0.0,772902,Mortgaged,Improving,Yes,Meets Criteria,Urban,Group_B,8.5
STU11106,22,Female,769,67.19,78.85,7.69,0,0,IELTS,6.5,Australia,3097495,University_24,223,STEM,Father,44,654,1620599,Salaried,Govt,25512,18.89,Property,4388258,70.59,317362,Owned,Declining,No,Declining CIBIL Trend with borderline score,Urban,Group_A,9.5
STU11107,30,Male,702,72.29,82.37,8.27,1,2,TOEFL,97.0,Germany,1871301,University_63,622,Arts,Father,62,777,626941,Self-Employed,Govt,9092,17.4,None,0,0.0,277584,Mortgaged,Stable,Yes,Meets Criteria,Semi-Urban,Group_A,8.5
STU11108,29,Female,-1,79.61,74.92,7.12,0,0,GMAT,632.0,Australia,3896674,University_78,297,Medical,Mother,52,710,1887925,Salaried,Private,59365,37.73,None,0,0.0,336915,Mortgaged,Improving,Yes,Meets Criteria,Semi-Urban,Group_B,8.5
STU11109,22,Male,703,84.07,79.19,7.48,1,1,GRE,309.0,Canada,3542955,University_55,627,STEM,Father,44,803,2542861,Salaried,Govt,44893,21.19,None,0,0.0,467666,Owned,Stable,Yes,Meets Criteria,Urban,Group_A,8.5
STU11110,24,Female,-1,88.85,89.7,8.23,0,0,GRE,320.0,USA,3713624,University_58,379,Medical,Father,51,713,509815,Salaried,Govt,16051,37.78,Property,6501164,57.12,437718,Owned,Improving,Yes,Meets Criteria,Semi-Urban,Group_B,8.5
STU11111,22,Female,731,97.06,94.27,9.08,0,0,IELTS,8.0,Australia,4023097,University_90,200,Management,Father,57,682,1474933,Salaried,Public,38426,31.26,Property,6669570,60.32,350047,Mortgaged,Declining,No,Declining CIBIL Trend with borderline score,Urban,Group_A,9.5
STU11112,22,Male,740,76.34,85.08,8.01,0,0,GRE,320.0,Australia,4162402,University_41,524,STEM,Father,57,674,601401,Self-Employed,Public,15038,30.01,Property,7071444,58.86,195257,Mortgaged,Declining,No,Declining CIBIL Trend with borderline score,Urban,Group_A,9.5
STU11113,24,Male,-1,77.82,84.38,8.51,0,0,GMAT,736.0,Germany,1903446,University_58,399,STEM,Father,57,699,544813,Self-Employed,Private,12928,28.48,Property,2838087,67.07,171888,Mortgaged,Improving,Yes,Meets Criteria,Urban,Group_B,9.5
STU11114,26,Female,-1,72.56,69.26,7.46,0,0,IELTS,8.0,Canada,3276970,University_19,803,Arts,Father,51,731,1816485,Salaried,Private,59658,39.41,None,0,0.0,744148,Rented,Improving,Yes,Meets Criteria,Semi-Urban,Group_A,8.5
STU11115,25,Female,768,73.16,63.82,7.49,0,0,,0.0,Australia,3751317,University_38,752,Medical,Father,46,838,2817651,Salaried,Public,49168,20.94,None,0,0.0,638617,Mortgaged,Stable,Yes,Meets Criteria,Semi-Urban,Group_A,8.5
STU11116,21,Male,686,68.09,72.96,7.52,0,0,TOEFL,99.0,Australia,3255822,University_19,304,STEM,Father,42,657,741644,Salaried,Public,15920,25.76,Property,5004649,65.06,496538,Mortgaged,Declining,No,Declining CIBIL Trend with borderline score,Urban,Group_A,10.5
STU11117,30,Female,759,93.17,84.97,8.4,0,0,GRE,300.0,Germany,2178829,University_98,322,Management,Father,52,720,639045,Self-Employed,Private,5878,11.04,None,0,0.0,746005,Mortgaged,Improving,No,High Unsecured Loan (2178829) vs Income (639045),Rural,Group_A,9.0
STU11118,23,Male,708,72.34,68.38,6.38,0,1,GRE,293.0,Canada,3785413,University_71,489,STEM,Mother,49,686,3322333,Self-Employed,MNC,92117,33.27,None,0,0.0,503246,Mortgaged,Declining,No,Declining CIBIL Trend with borderline score,Urban,Group_B,9.5
STU11119,28,Female,-1,80.94,81.2,7.74,0,0,GRE,310.0,USA,4703547,University_98,36,STEM,Brother,35,732,4372370,Salaried,Public,110255,30.26,Fixed Deposit,5792442,81.2,646565,Mortgaged,Improving,Yes,Meets Criteria,Urban,Group_A,8.5
STU11120,23,Male,657,87.39,84.13,9.06,0,0,IELTS,6.5,Canada,2840072,University_67,168,STEM,Father,55,710,2385287,Salaried,Govt,60002,30.19,None,0,0.0,484426,Mortgaged,Improving,Yes,Meets Criteria,Rural,Group_B,10.0
STU11121,22,Female,-1,71.33,76.41,7.25,1,0,GMAT,689.0,Ireland,2227122,University_54,658,STEM,Father,55,751,4913308,Salaried,Govt,25382,6.2,None,0,0.0,203819,Rented,Stable,Yes,Meets Criteria,Rural,Group_C,9.85
STU11122,25,Male,676,70.18,82.13,7.24,1,2,IELTS,6.5,Germany,1727471,University_88,572,STEM,Father,46,663,1272950,Salaried,Public,20311,19.15,Fixed Deposit,2131251,81.05,353967,Owned,Improving,Yes,Meets Criteria,Rural,Group_A,11.0
STU11123,22,Male,719,85.7,88.42,8.94,0,0,,0.0,USA,4741795,University_51,20,Management,Father,51,845,551854,Self-Employed,MNC,9054,19.69,Property,8230398,57.61,545094,Mortgaged,Stable,Yes,Meets Criteria,Semi-Urban,Group_C,9.35
STU11124,23,Male,820,60.04,57.58,6.05,0,0,GRE,321.0,Australia,2890299,University_90,83,STEM,Father,53,744,1867763,Self-Employed,MNC,55944,35.94,Property,3847980,75.11,333114,Rented,Improving,Yes,Meets Criteria,Semi-Urban,Group_A,8.5
STU11125,22,Female,-1,59.68,68.98,6.89,0,2,TOEFL,97.0,Germany,2147260,University_66,398,Management,Mother,45,701,795403,Salaried,Private,16110,24.3,Property,3151294,68.14,452945,Rented,Improving,Yes,Meets Criteria,Semi-Urban,Group_C,9.35
STU11126,22,Male,733,76.54,73.55,7.35,0,0,IELTS,8.0,Ireland,2991617,University_27,190,Arts,Father,44,660,1612546,Salaried,Govt,43250,32.19,None,0,0.0,325569,Owned,Declining,No,Declining CIBIL Trend with borderline score,Urban,Group_A,9.5
STU11127,23,Male,725,88.83,82.27,8.81,0,1,GMAT,604.0,Australia,4156779,University_39,370,Medical,Father,51,663,1281947,Salaried,Private,24222,22.67,Property,7929073,52.42,374589,Owned,Declining,No,Declining CIBIL Trend with borderline score,Urban,Group_B,9.5
STU11128,23,Male,677,74.98,73.58,7.3,0,0,IELTS,7.0,Australia,3177147,University_93,398,STEM,Father,55,733,1760254,Salaried,MNC,57749,39.37,Property,5342215,59.47,283284,Mortgaged,Improving,Yes,Meets Criteria,Urban,Group_B,9.5
STU11129,25,Female,762,78.36,81.33,7.94,0,1,IELTS,6.5,Ireland,2243888,University_14,906,Management,Father,46,657,904917,Salaried,Govt,25855,34.29,None,0,0.0,397552,Owned,Declining,No,Declining CIBIL Trend with borderline score,Urban,Group_A,9.5
STU11130,21,Male,650,69.82,72.63,6.65,0,0,GMAT,563.0,Canada,3125825,University_83,196,STEM,Father,48,839,595465,Salaried,Govt,1510,3.04,Property,4794983,65.19,133482,Rented,Stable,Yes,Meets Criteria,Semi-Urban,Group_B,9.5
STU11131,27,Male,738,91.59,82.64,8.21,0,0,GRE,303.0,UK,3562146,University_82,763,STEM,Father,58,657,1799304,Salaried,Govt,10470,6.98,Fixed Deposit,4595415,77.52,356208,Mortgaged,Improving,Yes,Meets Criteria,Urban,Group_B,9.5
STU11132,24,Male,708,89.79,89.46,8.51,1,0,GRE,334.0,Germany,2153113,University_9,749,Arts,Father,56,689,2903771,Salaried,Govt,6306,2.61,None,0,0.0,505758,Mortgaged,Declining,No,Declining CIBIL Trend with borderline score,Urban,Group_A,9.5
STU11133,24,Male,-1,63.36,68.35,6.21,0,1,GRE,290.0,Germany,2164478,University_6,673,STEM,Father,46,847,1388929,Self-Employed,Private,32866,28.4,Property,3842157,56.33,322544,Owned,Stable,Yes,Meets Criteria,Urban,Group_A,8.5
STU11134,23,Female,784,59.81,68.81,5.93,0,0,IELTS,7.5,UK,4721394,University_84,46,Management,Father,57,794,3825968,Self-Employed,Public,71283,22.36,Property,8320784,56.74,352767,Owned,Stable,Yes,Meets Criteria,Semi-Urban,Group_B,8.5
STU11135,24,Male,-1,87.6,80.76,7.78,0,1,TOEFL,103.0,Ireland,2652758,University_61,558,STEM,Father,47,745,1578615,Salaried,Public,38212,29.05,Property,4330928,61.25,446290,Owned,Improving,Yes,Meets Criteria,Urban,Group_B,8.5
STU11136,24,Male,-1,82.26,79.67,8.31,1,0,GRE,319.0,Ireland,3222193,University_99,300,STEM,Mother,47,822,1837065,Self-Employed,Public,41377,27.03,Property,4917906,65.52,562682,Mortgaged,Stable,Yes,Meets Criteria,Rural,Group_C,9.85
STU11137,23,Male,661,86.34,78.06,7.84,0,2,GRE,319.0,Ireland,2646830,University_70,883,STEM,Mother,54,692,889666,Salaried,MNC,10185,13.74,None,0,0.0,765425,Rented,Declining,No,Declining CIBIL Trend with borderline score,Urban,Group_B,10.5
STU11138,23,Male,668,81.07,85.44,7.54,0,0,GMAT,754.0,Canada,3397274,University_27,845,STEM,Father,55,751,2342857,Salaried,Public,64307,32.94,Property,6470374,52.51,635738,Owned,Stable,Yes,Meets Criteria,Urban,Group_C,10.35
STU11139,27,Male,719,57.82,56.32,7.03,1,0,GRE,332.0,USA,5296121,University_95,233,STEM,Mother,58,831,3404672,Self-Employed,Private,55516,19.57,Property,7734401,68.47,501456,Mortgaged,Stable,Yes,Meets Criteria,Semi-Urban,Group_B,8.5
STU11140,23,Female,770,90.95,95.4,8.64,0,0,GMAT,639.0,USA,4949687,University_89,770,STEM,Father,45,707,1751382,Salaried,MNC,9089,6.23,Property,8687464,56.98,307479,Owned,Improving,Yes,Meets Criteria,Semi-Urban,Group_A,8.5
STU11141,22,Male,791,66.92,62.59,5.66,2,0,,0.0,Germany,1801258,University_10,712,STEM,Father,47,711,796257,Self-Employed,Private,10779,16.24,Property,3350674,53.76,678293,Rented,Improving,Yes,Meets Criteria,Urban,Group_A,8.5
STU11142,23,Male,-1,88.42,77.01,7.44,0,0,IELTS,7.0,UK,3563406,University_24,848,STEM,Father,56,824,949603,Salaried,MNC,2121,2.68,None,0,0.0,584584,Owned,Stable,No,High Unsecured Loan (3563406) vs Income (949603),Semi-Urban,Group_B,8.5
STU11143,23,Male,665,73.02,73.7,7.81,0,0,TOEFL,99.0,USA,4217705,University_48,214,STEM,Mother,48,759,724669,Salaried,MNC,14244,23.59,Property,6675579,63.18,754667,Mortgaged,Stable,Yes,Meets Criteria,Semi-Urban,Group_B,9.5
STU11144,28,Female,725,63.63,56.73,6.11,1,0,IELTS,6.0,Australia,3248326,University_61,882,Management,Mother,61,748,1930402,Self-Employed,Govt,49533,30.79,None,0,0.0,553234,Mortgaged,Improving,Yes,Meets Criteria,Urban,Group_A,8.5
STU11145,25,Female,-1,84.96,80.92,9.02,1,0,IELTS,7.5,Australia,4312279,University_49,40,Management,Father,53,844,2364186,Salaried,Public,37422,18.99,Property,7050524,61.16,196994,Owned,Stable,Yes,Meets Criteria,Rural,Group_A,9.0
STU11146,24,Female,-1,74.82,71.83,6.38,0,0,GRE,314.0,Germany,2309203,University_31,619,STEM,Father,52,658,569278,Salaried,Govt,5879,12.39,None,0,0.0,583116,Mortgaged,Declining,No,Declining CIBIL Trend with borderline score; High Unsecured Loan (2309203) vs Income (569278),Semi-Urban,Group_C,10.35
STU11147,21,Female,677,74.84,83.67,8.23,0,0,GRE,333.0,Germany,2335901,University_65,456,STEM,Brother,25,778,1180074,Salaried,Govt,18219,18.53,Property,4105824,56.89,517034,Mortgaged,Stable,Yes,Meets Criteria,Semi-Urban,Group_B,9.5
STU11148,22,Male,718,75.34,83.4,8.51,0,0,TOEFL,111.0,Ireland,2347832,University_58,301,STEM,Father,56,691,420875,Salaried,Public,4072,11.61,Property,3439884,68.25,225002,Owned,Improving,Yes,Meets Criteria,Rural,Group_A,10.0
STU11149,22,Male,787,72.2,62.63,6.69,1,0,IELTS,6.0,Ireland,2578287,University_96,827,Management,Father,53,695,3580077,Salaried,Public,5235,1.75,None,0,0.0,301551,Rented,Improving,Yes,Meets Criteria,Rural,Group_B,10.0
STU11150,22,Female,-1,74.69,70.46,6.91,0,0,TOEFL,108.0,Australia,4044122,University_15,104,STEM,Father,45,685,1076822,Salaried,Public,26574,29.61,Property,7915713,51.09,700107,Rented,Improving,Yes,Meets Criteria,Semi-Urban,Group_A,9.5
STU11151,23,Male,653,73.64,78.63,6.85,0,0,GRE,323.0,Ireland,3129504,University_48,651,Arts,Mother,52,677,1677920,Salaried,MNC,26492,18.95,Fixed Deposit,4453665,70.27,694352,Mortgaged,Improving,Yes,Meets Criteria,Semi-Urban,Group_A,10.5
STU11152,22,Male,-1,77.07,77.37,8.92,3,0,IELTS,7.0,UK,4157370,University_65,942,STEM,Father,46,685,463444,Salaried,Private,372,0.96,Property,5276126,78.8,305864,Owned,Improving,Yes,Meets Criteria,Semi-Urban,Group_A,9.5
STU11153,25,Female,785,70.79,69.08,6.93,0,0,IELTS,7.5,Canada,2728200,University_85,190,STEM,Father,55,755,1042955,Salaried,Private,19456,22.39,None,0,0.0,353529,Rented,Stable,Yes,Meets Criteria,Semi-Urban,Group_A,8.5
STU11154,24,Female,675,61.42,69.94,5.96,0,0,GRE,293.0,UK,4217129,University_2,116,Management,Mother,53,820,1357607,Salaried,Public,26499,23.42,Property,5090437,82.84,253719,Owned,Stable,Yes,Meets Criteria,Semi-Urban,Group_B,9.5
STU11155,24,Male,690,95.53,94.64,8.55,1,0,GMAT,671.0,USA,4460895,University_28,102,Management,Father,47,749,1959794,Salaried,Private,41377,25.34,Property,7285186,61.23,184363,Mortgaged,Improving,Yes,Meets Criteria,Semi-Urban,Group_A,9.5
STU11156,24,Male,718,87.88,77.19,8.64,0,0,TOEFL,110.0,Australia,3619273,University_10,580,Arts,Father,47,713,1667191,Salaried,Govt,46668,33.59,None,0,0.0,489293,Owned,Improving,Yes,Meets Criteria,Urban,Group_B,8.5
STU11157,29,Female,678,85.94,91.12,8.05,3,0,GRE,310.0,USA,5005137,University_4,198,Management,Mother,60,835,1583669,Self-Employed,Public,20628,15.63,Property,8434402,59.34,345637,Owned,Stable,Yes,Meets Criteria,Rural,Group_C,10.85
STU11158,22,Female,-1,79.37,86.68,8.93,0,0,GRE,316.0,Germany,2222674,University_97,651,STEM,Father,45,711,1893159,Self-Employed,Govt,18150,11.5,None,0,0.0,188701,Rented,Improving,Yes,Meets Criteria,Rural,Group_A,9.0
STU11159,24,Female,-1,68.45,68.98,6.93,0,1,IELTS,6.5,UK,4658502,University_6,379,STEM,Mother,49,750,547237,Salaried,Govt,8473,18.58,Property,8597028,54.19,468070,Mortgaged,Stable,Yes,Meets Criteria,Urban,Group_B,8.5
STU11160,23,Female,738,89.17,93.88,9.29,0,0,IELTS,7.5,Canada,3315100,University_50,776,Medical,Father,57,826,1974799,Salaried,Govt,60787,36.94,None,0,0.0,744603,Rented,Stable,Yes,Meets Criteria,Semi-Urban,Group_B,8.5
STU11161,23,Male,-1,84.77,75.04,7.8,0,0,GRE,334.0,UK,4182654,University_44,546,Management,Mother,52,807,931983,Salaried,Govt,7816,10.06,Fixed Deposit,5916653,70.69,394427,Mortgaged,Stable,Yes,Meets Criteria,Urban,Group_C,9.35
STU11162,22,Female,-1,90.16,84.66,9.51,0,0,GRE,310.0,UK,4884125,University_73,196,STEM,Father,48,728,1202332,Salaried,MNC,33093,33.03,Property,7883648,61.95,541530,Rented,Improving,Yes,Meets Criteria,Urban,Group_A,8.5
STU11163,22,Male,735,69.28,72.8,7.44,0,0,GMAT,751.0,Canada,2823846,University_99,705,STEM,Mother,47,698,1558094,Salaried,Govt,37011,28.5,Property,4637665,60.89,324396,Owned,Improving,Yes,Meets Criteria,Semi-Urban,Group_B,9.5
STU11164,26,Male,809,75.05,83.32,8.56,0,0,TOEFL,95.0,UK,3705632,University_82,851,Medical,Father,52,696,1842192,Salaried,Public,23027,15.0,Fixed Deposit,5607748,66.08,393891,Rented,Improving,Yes,Meets Criteria,Urban,Group_B,9.5
STU11165,23,Male,-1,89.86,88.1,8.68,1,0,TOEFL,84.0,UK,3784259,University_49,833,STEM,Father,52,750,806852,Salaried,MNC,1789,2.66,Fixed Deposit,6999338,54.07,377188,Rented,Stable,Yes,Meets Criteria,Semi-Urban,Group_A,8.5
STU11166,22,Male,713,83.51,77.4,7.28,0,1,GMAT,695.0,USA,4356887,University_35,53,Arts,Brother,31,810,656670,Self-Employed,Private,13029,23.81,Property,6888650,63.25,515678,Mortgaged,Stable,Yes,Meets Criteria,Semi-Urban,Group_A,8.5
STU11167,23,Male,740,61.3,64.0,7.06,0,2,TOEFL,83.0,USA,3673862,University_9,285,STEM,Mother,45,790,680610,Salaried,Govt,6089,10.74,None,0,0.0,210548,Mortgaged,Stable,No,High Unsecured Loan (3673862) vs Income (680610),Urban,Group_B,8.5
STU11168,22,Female,745,78.68,88.97,8.41,0,0,IELTS,6.0,Ireland,2280346,University_80,737,STEM,Father,47,722,625340,Salaried,Govt,5016,9.63,Property,3138554,72.66,742984,Rented,Improving,Yes,Meets Criteria,Urban,Group_B,8.5
STU11169,23,Male,-1,76.12,80.41,8.47,0,0,GRE,299.0,UK,3398562,University_75,325,STEM,Father,56,706,2720759,Salaried,Govt,73071,32.23,Property,6321649,53.76,323008,Mortgaged,Improving,Yes,Meets Criteria,Urban,Group_A,8.5
STU11170,28,Male,-1,71.51,73.66,7.98,0,0,IELTS,8.0,USA,5361610,University_35,829,STEM,Mother,56,681,1000664,Salaried,Public,8211,9.85,Property,8177108,65.57,363781,Mortgaged,Declining,No,Declining CIBIL Trend with borderline score,Semi-Urban,Group_B,9.5
STU11171,25,Female,-1,71.27,71.39,7.21,0,0,GMAT,577.0,Australia,2884562,University_86,316,Management,Mother,52,798,1610976,Salaried,Govt,23958,17.85,None,0,0.0,353459,Rented,Stable,Yes,Meets Criteria,Rural,Group_A,9.0
STU11172,24,Male,-1,59.24,68.7,6.46,0,0,TOEFL,104.0,Australia,4104844,University_97,390,STEM,Father,45,788,542461,Self-Employed,MNC,3709,8.2,Property,7136882,57.52,567861,Owned,Stable,Yes,Meets Criteria,Semi-Urban,Group_B,8.5
STU11173,23,Female,-1,86.55,83.52,8.62,0,0,GRE,329.0,Germany,2005836,University_57,622,Medical,Brother,29,745,2606143,Self-Employed,MNC,61110,28.14,None,0,0.0,740145,Rented,Improving,Yes,Meets Criteria,Urban,Group_A,8.5
STU11174,23,Female,789,78.02,81.56,7.88,0,0,,0.0,Canada,3106310,University_36,255,Arts,Sister,30,709,3591504,Self-Employed,Public,71882,24.02,Fixed Deposit,4894831,63.46,135455,Owned,Improving,Yes,Meets Criteria,Semi-Urban,Group_C,9.35
STU11175,27,Male,787,86.72,93.52,8.98,1,0,IELTS,6.0,Australia,3439972,University_45,369,Medical,Father,54,655,1829613,Salaried,MNC,26608,17.45,Property,5353497,64.26,554740,Owned,Declining,No,Declining CIBIL Trend with borderline score,Urban,Group_A,9.5
STU11176,23,Female,761,73.34,72.16,8.18,0,0,,0.0,UK,3796563,University_21,173,Management,Mother,47,799,4705364,Salaried,Public,81115,20.69,None,0,0.0,666727,Owned,Stable,Yes,Meets Criteria,Semi-Urban,Group_A,8.5
STU11177,23,Male,675,95.06,85.85,9.18,0,0,GRE,295.0,Canada,3573378,University_21,95,Arts,Brother,26,714,441552,Self-Employed,Private,7730,21.01,Fixed Deposit,5017438,71.22,266268,Mortgaged,Improving,Yes,Meets Criteria,Urban,Group_A,9.5
STU11178,23,Male,-1,76.67,67.97,7.75,0,0,GMAT,608.0,USA,4337035,University_22,534,Management,Mother,45,709,993507,Self-Employed,Govt,20563,24.84,Fixed Deposit,7191182,60.31,294490,Owned,Improving,Yes,Meets Criteria,Semi-Urban,Group_A,8.5
STU11179,24,Male,736,85.57,84.86,7.5,1,0,IELTS,6.5,Germany,2186212,University_10,69,STEM,Father,57,675,1364227,Self-Employed,MNC,37165,32.69,None,0,0.0,297412,Owned,Declining,No,Declining CIBIL Trend with borderline score,Urban,Group_B,9.5
STU11180,27,Male,718,65.66,70.14,6.96,0,0,GMAT,589.0,Australia,3648466,University_24,252,Management,Father,60,652,1482577,Salaried,MNC,42273,34.22,None,0,0.0,395566,Mortgaged,Declining,No,Declining CIBIL Trend with borderline score,Rural,Group_A,10.0
STU11181,22,Female,715,86.91,92.82,8.53,0,0,GRE,300.0,Canada,2703814,University_20,867,STEM,Father,45,711,1570056,Salaried,Private,30033,22.95,Property,3848667,70.25,367728,Mortgaged,Improving,Yes,Meets Criteria,Urban,Group_B,8.5
STU11182,22,Female,708,61.9,63.98,6.99,0,0,TOEFL,82.0,Canada,2728537,University_49,140,STEM,Father,43,723,1766311,Salaried,Public,31139,21.16,Property,4343735,62.82,524205,Mortgaged,Improving,Yes,Meets Criteria,Semi-Urban,Group_A,8.5
STU11183,22,Male,820,77.3,79.12,8.57,0,0,,0.0,Canada,3885136,University_46,806,Management,Father,52,797,1649764,Salaried,MNC,41333,30.06,None,0,0.0,658898,Rented,Stable,Yes,Meets Criteria,Rural,Group_A,9.0
STU11184,25,Female,802,72.88,61.9,6.06,0,0,TOEFL,84.0,Germany,2183830,University_48,863,STEM,Father,50,679,4535020,Salaried,Public,136680,36.17,None,0,0.0,511156,Owned,Improving,Yes,Meets Criteria,Urban,Group_A,9.5
STU11185,25,Male,698,64.34,71.29,7.52,0,0,TOEFL,93.0,USA,4383967,University_82,769,STEM,Father,48,765,4476443,Salaried,Govt,117957,31.62,Property,7888423,55.57,790600,Owned,Stable,Yes,Meets Criteria,Rural,Group_A,10.0
STU11186,25,Female,788,69.03,80.4,8.04,1,0,GRE,306.0,Australia,3580957,University_60,730,Management,Father,53,745,1229272,Salaried,Public,18984,18.53,None,0,0.0,545997,Owned,Improving,Yes,Meets Criteria,Semi-Urban,Group_A,8.5
STU11187,22,Male,706,64.54,71.96,6.39,0,0,GRE,313.0,UK,3449240,University_60,932,Medical,Father,49,817,3817738,Salaried,Govt,9941,3.12,None,0,0.0,418230,Mortgaged,Stable,Yes,Meets Criteria,Urban,Group_A,8.5
STU11188,23,Male,745,87.91,80.24,9.44,0,1,GMAT,672.0,Canada,2729437,University_43,199,STEM,Father,48,779,1148013,Salaried,MNC,423,0.44,Property,3496523,78.06,698869,Mortgaged,Stable,Yes,Meets Criteria,Urban,Group_B,8.5
STU11189,24,Male,-1,63.46,66.37,7.09,0,0,GRE,291.0,Germany,2056621,University_43,818,Medical,Father,54,767,1527557,Self-Employed,Govt,31659,24.87,Property,2936734,70.03,163389,Owned,Stable,Yes,Meets Criteria,Semi-Urban,Group_A,8.5
STU11190,23,Male,766,85.82,83.95,7.91,0,0,GRE,322.0,Germany,1710370,University_100,562,Management,Father,55,841,1987724,Self-Employed,Govt,33522,20.24,Property,3418885,50.03,270778,Rented,Stable,Yes,Meets Criteria,Urban,Group_B,8.5
STU11191,29,Female,-1,88.66,92.9,8.96,0,2,IELTS,7.0,UK,3601838,University_98,937,Management,Father,53,673,1605075,Self-Employed,Private,14753,11.03,Property,4956813,72.66,156151,Owned,Improving,Yes,Meets Criteria,Semi-Urban,Group_B,9.5
STU11192,25,Female,-1,78.39,67.0,7.26,1,0,TOEFL,106.0,UK,4703112,University_20,438,Medical,Father,54,795,1335084,Self-Employed,MNC,44076,39.62,Property,6436174,73.07,179445,Rented,Stable,Yes,Meets Criteria,Urban,Group_A,8.5
STU11193,24,Male,670,84.75,88.01,8.18,0,0,IELTS,7.5,Canada,3847976,University_22,948,Management,Father,55,776,459893,Salaried,Govt,1225,3.2,None,0,0.0,591932,Rented,Stable,No,High Unsecured Loan (3847976) vs Income (459893),Semi-Urban,Group_B,9.5
STU11194,21,Male,-1,84.49,90.27,8.49,0,1,IELTS,7.5,Australia,4256162,University_34,591,STEM,Father,50,790,1493319,Salaried,MNC,31435,25.26,Property,6219216,68.44,273156,Owned,Stable,Yes,Meets Criteria,Urban,Group_C,9.35
STU11195,21,Male,785,86.21,83.26,7.96,2,0,GMAT,702.0,Ireland,3000559,University_32,232,Medical,Father,55,655,1709899,Salaried,Govt,27551,19.34,Fixed Deposit,4388386,68.38,643552,Owned,Improving,Yes,Meets Criteria,Rural,Group_B,10.0
STU11196,23,Female,738,80.83,76.04,8.42,0,0,GRE,309.0,UK,4706811,University_33,110,STEM,Father,57,687,1963949,Salaried,MNC,14639,8.94,Property,8598313,54.74,370820,Owned,Improving,Yes,Meets Criteria,Rural,Group_B,10.0
STU11197,28,Female,-1,71.23,70.41,7.71,0,0,,0.0,Ireland,2552032,University_96,410,STEM,Mother,55,795,3389209,Salaried,Public,33788,11.96,Property,3557520,71.74,763323,Owned,Stable,Yes,Meets Criteria,Rural,Group_A,9.0
STU11198,24,Male,711,93.4,95.08,9.73,0,0,GRE,293.0,Germany,2045923,University_56,158,Management,Father,51,771,2128327,Self-Employed,Govt,23680,13.35,Property,3061322,66.83,432969,Rented,Stable,Yes,Meets Criteria,Semi-Urban,Group_B,8.5
STU11199,23,Male,-1,75.26,69.45,7.64,0,0,TOEFL,93.0,Australia,3463657,University_31,294,STEM,Mother,47,806,1145809,Salaried,MNC,12837,13.44,Property,5813352,59.58,732273,Owned,Stable,Yes,Meets Criteria,Urban,Group_B,8.5
STU11200,22,Female,698,82.11,81.83,9.17,0,0,,0.0,Ireland,2322049,University_55,505,STEM,Mother,57,673,1118532,Self-Employed,Govt,36980,39.67,None,0,0.0,112188,Owned,Improving,Yes,Meets Criteria,Semi-Urban,Group_B,10.5
STU11201,23,Female,760,62.33,75.08,6.58,0,1,GMAT,725.0,Australia,4202040,University_90,366,Management,Mother,54,796,2367087,Salaried,Public,3190,1.62,Property,8043981,52.24,456178,Owned,Stable,Yes,Meets Criteria,Urban,Group_C,9.35
STU11202,21,Female,-1,72.94,59.23,5.86,0,0,IELTS,6.0,Canada,3724287,University_25,809,STEM,Father,44,750,4056720,Self-Employed,Public,14541,4.3,Fixed Deposit,6237049,59.71,755330,Mortgaged,Stable,Yes,Meets Criteria,Urban,Group_A,8.5
STU11203,29,Female,767,66.34,59.23,6.41,0,0,TOEFL,96.0,Australia,3106647,University_100,717,Management,Father,58,674,1841059,Self-Employed,Public,37219,24.26,None,0,0.0,407477,Owned,Improving,Yes,Meets Criteria,Urban,Group_A,9.5
STU11204,30,Male,654,71.88,69.24,7.39,0,0,IELTS,7.5,Germany,1981351,University_66,314,Medical,Mother,55,817,1641156,Salaried,MNC,22865,16.72,None,0,0.0,356546,Rented,Stable,Yes,Meets Criteria,Urban,Group_B,9.5
STU11205,27,Female,-1,91.53,88.82,8.2,0,0,,0.0,Australia,3544252,University_91,159,STEM,Mother,48,670,430800,Salaried,Govt,8439,23.51,None,0,0.0,233436,Mortgaged,Declining,No,Declining CIBIL Trend with borderline score; High Unsecured Loan (3544252) vs Income (430800),Semi-Urban,Group_B,9.5
STU11206,23,Male,718,64.96,60.47,5.93,0,0,,0.0,USA,4986660,University_89,328,Medical,Father,53,711,776774,Salaried,Private,12469,19.26,Property,7619140,65.45,785609,Mortgaged,Improving,Yes,Meets Criteria,Semi-Urban,Group_A,8.5
STU11207,22,Female,-1,85.12,85.99,7.96,0,2,GRE,335.0,Ireland,2386553,University_61,672,STEM,Father,43,743,1128270,Self-Employed,Private,14697,15.63,None,0,0.0,471848,Mortgaged,Improving,Yes,Meets Criteria,Urban,Group_A,8.5
STU11208,24,Male,658,69.08,68.52,6.23,0,0,IELTS,7.5,Ireland,2660584,University_51,803,Management,Father,56,732,1742906,Self-Employed,MNC,7721,5.32,None,0,0.0,452788,Rented,Improving,Yes,Meets Criteria,Urban,Group_A,9.5
STU11209,27,Male,-1,87.97,87.23,9.17,0,0,,0.0,Australia,3962180,University_90,189,Arts,Father,48,850,486077,Self-Employed,Private,15461,38.17,None,0,0.0,545998,Rented,Stable,No,High Unsecured Loan (3962180) vs Income (486077),Rural,Group_A,9.0
STU11210,24,Male,-1,70.93,62.81,5.84,0,1,TOEFL,88.0,USA,4032042,University_78,508,Management,Mother,49,701,777898,Self-Employed,MNC,4680,7.22,Property,4962473,81.25,119673,Mortgaged,Improving,Yes,Meets Criteria,Urban,Group_B,8.5
STU11211,22,Female,-1,84.62,85.95,7.95,0,1,GRE,290.0,Australia,3030620,University_99,845,Management,Father,51,701,1242629,Salaried,Private,6122,5.91,None,0,0.0,639511,Rented,Improving,Yes,Meets Criteria,Urban,Group_B,8.5
STU11212,25,Male,-1,69.06,71.13,7.21,0,0,,0.0,USA,5267840,University_26,446,STEM,Mother,58,837,882681,Salaried,MNC,13385,18.2,Property,9351921,56.33,683700,Rented,Stable,Yes,Meets Criteria,Urban,Group_A,8.5
STU11213,23,Male,687,82.5,71.83,7.62,0,0,GRE,316.0,UK,4350058,University_9,486,STEM,Father,57,756,1772121,Self-Employed,MNC,53996,36.56,Property,7338584,59.28,352163,Mortgaged,Stable,Yes,Meets Criteria,Semi-Urban,Group_A,9.5
STU11214,25,Female,-1,95.21,86.04,8.67,0,0,IELTS,6.0,Germany,2366058,University_86,927,Management,Mother,55,715,3655964,Salaried,MNC,32338,10.61,None,0,0.0,666524,Mortgaged,Improving,Yes,Meets Criteria,Semi-Urban,Group_A,8.5
STU11215,22,Male,-1,65.2,74.2,6.55,0,0,GRE,290.0,Ireland,2624411,University_10,822,Medical,Father,55,720,1922517,Self-Employed,MNC,52191,32.58,Property,4296782,61.08,546999,Mortgaged,Improving,Yes,Meets Criteria,Urban,Group_A,8.5
STU11216,25,Male,702,84.34,81.97,7.97,1,0,GRE,309.0,Germany,2325876,University_85,53,Management,Father,53,798,2895126,Salaried,MNC,51541,21.36,None,0,0.0,689190,Mortgaged,Stable,Yes,Meets Criteria,Urban,Group_B,8.5
STU11217,23,Female,686,91.22,92.27,8.42,0,0,GMAT,735.0,USA,4191457,University_70,672,Medical,Father,47,653,759181,Self-Employed,Private,10868,17.18,Property,6132184,68.35,367526,Mortgaged,Improving,Yes,Meets Criteria,Semi-Urban,Group_C,11.35
STU11218,23,Female,-1,83.71,85.35,9.46,0,0,GRE,306.0,Ireland,2342544,University_38,688,STEM,Mother,48,756,484862,Salaried,MNC,14642,36.24,None,0,0.0,324007,Owned,Stable,No,High Unsecured Loan (2342544) vs Income (484862),Semi-Urban,Group_B,8.5
STU11219,23,Female,793,61.38,73.89,6.46,0,0,TOEFL,114.0,USA,4844803,University_82,71,Management,Mother,45,689,2509360,Salaried,Govt,71352,34.12,Property,5826663,83.15,361187,Owned,Improving,Yes,Meets Criteria,Urban,Group_A,9.5
STU11220,24,Female,-1,68.53,68.36,6.1,1,0,IELTS,6.5,Australia,3043253,University_58,346,STEM,Father,46,778,1921121,Salaried,Private,29796,18.61,Property,3949162,77.06,754209,Mortgaged,Stable,Yes,Meets Criteria,Rural,Group_C,9.85
STU11221,26,Female,785,83.91,79.95,8.12,0,1,TOEFL,92.0,Germany,2138055,University_33,743,STEM,Father,47,808,981245,Salaried,Private,32450,39.68,None,0,0.0,280175,Rented,Stable,Yes,Meets Criteria,Urban,Group_B,8.5
STU11222,21,Male,668,73.09,75.61,6.82,0,0,IELTS,7.0,USA,3653620,University_50,812,Arts,Father,54,760,454300,Self-Employed,MNC,12224,32.29,None,0,0.0,532009,Rented,Stable,No,High Unsecured Loan (3653620) vs Income (454300),Urban,Group_B,9.5
STU11223,23,Male,777,69.34,67.28,6.88,0,0,IELTS,6.0,Ireland,3214228,University_96,233,Arts,Father,57,818,659194,Salaried,Govt,12249,22.3,Property,5034389,63.85,447865,Rented,Stable,Yes,Meets Criteria,Rural,Group_B,9.0
STU11224,23,Male,782,79.57,66.61,6.89,0,0,IELTS,8.0,USA,4239758,University_86,957,Management,Mother,49,816,1510360,Salaried,Private,20920,16.62,Property,7928412,53.48,440479,Owned,Stable,Yes,Meets Criteria,Urban,Group_A,8.5
STU11225,23,Male,709,70.2,66.48,6.6,0,0,GMAT,579.0,Canada,3422608,University_61,507,Management,Mother,52,791,1514507,Salaried,MNC,6045,4.79,Fixed Deposit,6327250,54.09,779075,Mortgaged,Stable,Yes,Meets Criteria,Semi-Urban,Group_A,8.5
STU11226,27,Male,-1,69.19,76.84,6.89,0,0,GRE,296.0,UK,3452253,University_39,681,STEM,Father,50,828,535413,Salaried,Govt,14557,32.63,Property,6902519,50.01,404301,Owned,Stable,Yes,Meets Criteria,Urban,Group_A,8.5
STU11227,29,Male,-1,71.38,66.31,7.32,0,0,GMAT,569.0,Ireland,2698150,University_95,308,STEM,Father,56,655,2109672,Self-Employed,MNC,69004,39.25,Property,3945243,68.39,207597,Mortgaged,Improving,Yes,Meets Criteria,Urban,Group_A,9.5
STU11228,23,Female,-1,95.06,90.13,9.39,0,2,GRE,313.0,USA,3804073,University_34,787,STEM,Father,49,731,1059475,Self-Employed,Govt,6449,7.3,Property,5211003,73.0,192668,Owned,Improving,Yes,Meets Criteria,Rural,Group_A,9.0
STU11229,21,Male,-1,66.09,74.57,7.02,0,1,IELTS,8.0,Australia,4194681,University_11,832,Management,Father,53,790,702703,Salaried,Public,20385,34.81,Property,6866070,61.09,689198,Rented,Stable,Yes,Meets Criteria,Urban,Group_B,8.5
STU11230,23,Female,834,77.36,75.21,6.45,0,0,GMAT,657.0,USA,3767341,University_43,276,Arts,Father,55,663,471770,Salaried,MNC,1081,2.75,Property,7380925,51.04,726881,Rented,Declining,No,Declining CIBIL Trend with borderline score,Rural,Group_B,10.0
STU11231,25,Female,-1,68.49,55.76,6.73,0,0,IELTS,7.5,Germany,2135250,University_34,163,STEM,Father,55,793,529801,Salaried,Public,1448,3.28,None,0,0.0,286559,Owned,Stable,No,High Unsecured Loan (2135250) vs Income (529801),Urban,Group_B,8.5
STU11232,23,Female,-1,74.33,71.06,6.21,0,0,IELTS,6.0,USA,4446568,University_94,726,Management,Mother,46,693,4862395,Salaried,Private,82609,20.39,Property,8856307,50.21,115543,Rented,Declining,No,Declining CIBIL Trend with borderline score,Urban,Group_A,9.5
STU11233,22,Female,737,74.79,82.61,8.23,0,0,IELTS,6.5,Ireland,2692065,University_31,61,Management,Brother,31,704,721523,Salaried,Govt,16039,26.68,None,0,0.0,311821,Mortgaged,Improving,No,High Unsecured Loan (2692065) vs Income (721523),Urban,Group_C,9.35
STU11234,28,Male,-1,84.14,81.79,9.44,0,0,,0.0,Australia,3472621,University_75,295,STEM,Father,53,713,1061408,Salaried,Public,25010,28.28,Property,4875557,71.23,744656,Rented,Improving,Yes,Meets Criteria,Semi-Urban,Group_C,9.35
STU11235,24,Male,713,56.76,63.9,6.62,0,0,TOEFL,88.0,Ireland,2782745,University_83,595,Arts,Sister,28,821,1321730,Salaried,Public,5835,5.3,None,0,0.0,152159,Rented,Stable,Yes,Meets Criteria,Urban,Group_B,8.5
STU11236,26,Male,729,96.12,95.91,9.52,0,0,TOEFL,88.0,Ireland,3202437,University_36,983,Arts,Father,48,797,805910,Self-Employed,MNC,17511,26.07,None,0,0.0,226155,Mortgaged,Stable,No,High Unsecured Loan (3202437) vs Income (805910),Rural,Group_C,9.85
STU11237,23,Male,-1,80.11,81.5,8.3,0,0,GRE,299.0,Australia,3091662,University_83,805,STEM,Father,45,744,3363617,Salaried,MNC,109569,39.09,None,0,0.0,507121,Rented,Improving,Yes,Meets Criteria,Urban,Group_B,8.5
STU11238,25,Male,734,74.69,80.51,8.34,0,0,TOEFL,89.0,Australia,3177765,University_46,193,STEM,Sister,31,775,1825326,Self-Employed,MNC,57749,37.97,Property,4925410,64.52,374357,Rented,Stable,Yes,Meets Criteria,Rural,Group_C,9.85
STU11239,29,Male,650,70.38,79.72,8.05,0,1,GRE,319.0,Germany,2120396,University_27,424,STEM,Father,51,723,1095065,Self-Employed,Public,10346,11.34,None,0,0.0,295660,Owned,Improving,Yes,Meets Criteria,Urban,Group_A,9.5
STU11240,22,Male,-1,67.99,79.57,7.57,0,0,IELTS,8.0,UK,4123440,University_39,660,STEM,Mother,46,765,2842737,Salaried,Private,65234,27.54,Property,5857315,70.4,609997,Owned,Stable,Yes,Meets Criteria,Rural,Group_A,9.0
STU11241,25,Female,799,70.29,69.66,6.51,1,1,IELTS,6.5,UK,4443970,University_50,225,Medical,Sister,30,678,1361357,Salaried,MNC,32728,28.85,Property,7188666,61.82,213635,Mortgaged,Improving,Yes,Meets Criteria,Semi-Urban,Group_A,9.5
STU11242,24,Male,684,88.61,85.51,8.69,0,0,IELTS,6.0,Ireland,2772528,University_14,248,Management,Father,59,722,532172,Salaried,Govt,14363,32.39,Property,5007711,55.37,692964,Owned,Improving,Yes,Meets Criteria,Semi-Urban,Group_A,9.5
STU11243,23,Male,828,86.1,86.06,8.16,0,0,,0.0,USA,5359413,University_1,153,Management,Father,44,733,1961555,Salaried,MNC,27443,16.79,Property,7894613,67.89,614385,Owned,Improving,Yes,Meets Criteria,Semi-Urban,Group_A,8.5
STU11244,23,Female,674,71.61,71.43,6.7,0,1,,0.0,Australia,3882278,University_35,601,STEM,Father,47,810,1642958,Salaried,Public,36683,26.79,None,0,0.0,740794,Rented,Stable,Yes,Meets Criteria,Semi-Urban,Group_B,9.5
STU11245,29,Male,-1,77.31,77.66,8.13,0,0,GRE,305.0,UK,3905521,University_44,366,Management,Mother,57,844,1305765,Self-Employed,Private,23176,21.3,Property,6227433,62.71,561750,Rented,Stable,Yes,Meets Criteria,Semi-Urban,Group_B,8.5
STU11246,24,Male,721,56.64,63.97,5.75,0,0,GRE,316.0,UK,4815806,University_27,479,STEM,Father,51,786,952262,Salaried,Govt,3257,4.1,Property,9592217,50.21,685215,Mortgaged,Stable,Yes,Meets Criteria,Urban,Group_B,8.5
STU11247,26,Male,806,79.86,79.77,8.21,0,0,GRE,292.0,Australia,3249297,University_76,419,STEM,Father,48,721,4697019,Salaried,Govt,92159,23.54,None,0,0.0,581688,Rented,Improving,Yes,Meets Criteria,Urban,Group_A,8.5
STU11248,22,Male,676,71.66,66.98,5.92,0,0,TOEFL,96.0,Germany,2344523,University_69,765,Management,Father,53,844,3011709,Salaried,MNC,4434,1.77,Property,4105722,57.1,677358,Owned,Stable,Yes,Meets Criteria,Rural,Group_B,10.0
STU11249,21,Female,671,85.16,74.81,8.73,3,0,TOEFL,93.0,Germany,2348406,University_43,103,STEM,Father,43,778,1280939,Self-Employed,Public,39487,36.99,Property,3339752,70.32,557852,Rented,Stable,Yes,Meets Criteria,Semi-Urban,Group_B,9.5
STU11250,24,Male,739,70.82,72.25,7.59,0,0,GMAT,556.0,USA,4930021,University_81,586,Arts,Father,45,820,1377258,Salaried,MNC,8839,7.7,Property,9159245,53.83,355597,Mortgaged,Stable,Yes,Meets Criteria,Semi-Urban,Group_A,8.5
STU11251,22,Female,844,59.05,68.77,5.93,1,1,GMAT,625.0,USA,4429539,University_85,461,STEM,Father,46,808,1082099,Self-Employed,Public,1135,1.26,Fixed Deposit,7887215,56.16,324081,Mortgaged,Stable,Yes,Meets Criteria,Urban,Group_B,8.5
STU11252,26,Male,-1,77.35,77.42,7.85,0,0,TOEFL,107.0,Germany,1809300,University_9,854,STEM,Mother,61,690,1793484,Self-Employed,Govt,22603,15.12,None,0,0.0,289699,Mortgaged,Declining,No,Declining CIBIL Trend with borderline score,Urban,Group_A,9.5
STU11253,23,Male,697,58.68,68.7,6.24,0,0,IELTS,6.0,Australia,3980761,University_28,75,STEM,Father,46,756,1027415,Salaried,Private,14884,17.38,Property,7005144,56.83,284261,Owned,Stable,Yes,Meets Criteria,Urban,Group_A,9.5
STU11254,24,Male,-1,70.79,71.31,7.31,0,0,GMAT,701.0,Germany,2435139,University_75,338,Management,Father,59,765,1130086,Salaried,MNC,31219,33.15,None,0,0.0,733136,Owned,Stable,Yes,Meets Criteria,Semi-Urban,Group_C,9.35
STU11255,23,Male,768,78.05,81.55,7.74,1,0,TOEFL,108.0,UK,3829014,University_34,621,STEM,Father,47,837,2084003,Salaried,Public,13634,7.85,Property,5500100,69.62,671457,Mortgaged,Stable,Yes,Meets Criteria,Urban,Group_A,8.5
STU11256,26,Male,-1,70.31,77.67,8.09,0,2,IELTS,6.5,Germany,2436697,University_30,755,Management,Father,58,786,2474648,Self-Employed,MNC,46198,22.4,None,0,0.0,523775,Owned,Stable,Yes,Meets Criteria,Urban,Group_B,8.5
STU11257,28,Male,-1,90.99,93.34,8.43,0,0,GMAT,682.0,Ireland,2354176,University_30,819,Management,Father,51,711,906448,Salaried,Govt,15361,20.34,Property,3968013,59.33,187775,Rented,Improving,Yes,Meets Criteria,Urban,Group_C,9.35
STU11258,22,Male,680,72.42,79.05,7.26,0,1,GRE,306.0,USA,4197736,University_18,848,Management,Mother,45,661,1696996,Salaried,Private,27746,19.62,Property,7851114,53.47,256499,Mortgaged,Improving,Yes,Meets Criteria,Urban,Group_B,10.5
STU11259,27,Female,778,77.3,78.18,8.26,0,1,GRE,317.0,Canada,3591614,University_70,83,STEM,Mother,59,844,3349905,Salaried,Private,51465,18.44,None,0,0.0,399733,Owned,Stable,Yes,Meets Criteria,Semi-Urban,Group_A,8.5
STU11260,24,Female,-1,89.85,85.28,8.5,0,0,GMAT,556.0,Ireland,2997328,University_89,25,STEM,Father,58,835,863644,Salaried,Public,2407,3.34,None,0,0.0,282935,Rented,Stable,No,High Unsecured Loan (2997328) vs Income (863644),Urban,Group_A,8.5
STU11261,25,Male,-1,89.85,86.51,7.9,0,0,IELTS,6.5,Canada,3274629,University_13,450,Arts,Father,58,787,4716012,Salaried,Govt,58406,14.86,Property,5992481,54.65,744252,Mortgaged,Stable,Yes,Meets Criteria,Semi-Urban,Group_A,8.5
STU11262,26,Male,-1,58.02,61.08,6.15,1,0,GRE,297.0,UK,4695078,University_65,662,STEM,Mother,51,842,1412658,Salaried,Private,12280,10.43,Property,5953510,78.86,265130,Mortgaged,Stable,Yes,Meets Criteria,Urban,Group_B,8.5
STU11263,23,Male,-1,81.66,80.16,8.04,0,0,IELTS,6.0,Australia,3096831,University_98,296,STEM,Father,52,809,422261,Salaried,Private,4421,12.56,None,0,0.0,601650,Rented,Stable,No,High Unsecured Loan (3096831) vs Income (422261),Urban,Group_A,8.5
STU11264,25,Female,-1,62.73,56.61,6.52,0,0,IELTS,6.0,UK,4472222,University_32,387,STEM,Father,51,812,579038,Salaried,Public,1711,3.55,Fixed Deposit,7956616,56.21,398441,Rented,Stable,Yes,Meets Criteria,Urban,Group_A,8.5
STU11265,29,Male,817,65.16,61.34,6.57,0,0,IELTS,7.0,Germany,2109813,University_42,379,STEM,Mother,60,662,1568000,Salaried,Public,16209,12.4,Fixed Deposit,2819107,74.84,714845,Rented,Declining,No,Declining CIBIL Trend with borderline score,Urban,Group_C,10.35
STU11266,23,Female,748,85.18,77.48,8.39,0,0,IELTS,7.5,USA,3974249,University_53,617,Arts,Mother,57,807,1970762,Self-Employed,Govt,30219,18.4,Property,5898030,67.38,127819,Owned,Stable,Yes,Meets Criteria,Urban,Group_B,8.5
STU11267,23,Male,798,83.28,87.81,8.76,0,0,IELTS,6.5,USA,3826380,University_8,275,Management,Father,56,662,1056714,Self-Employed,MNC,30477,34.61,None,0,0.0,375095,Owned,Declining,No,Declining CIBIL Trend with borderline score; High Unsecured Loan (3826380) vs Income (1056714),Urban,Group_A,9.5
STU11268,28,Female,817,67.06,66.67,5.88,0,0,GRE,330.0,UK,4591918,University_83,182,STEM,Mother,57,771,661329,Self-Employed,MNC,19408,35.22,Property,6425067,71.47,313272,Mortgaged,Stable,Yes,Meets Criteria,Semi-Urban,Group_B,8.5
STU11269,23,Female,-1,77.8,74.27,6.73,0,0,GRE,307.0,UK,3766941,University_87,68,Arts,Father,46,828,609758,Salaried,Govt,12582,24.76,Property,5409782,69.63,289171,Mortgaged,Stable,Yes,Meets Criteria,Urban,Group_B,8.5
STU11270,24,Male,-1,80.33,80.66,7.53,1,1,IELTS,7.0,Canada,2849342,University_32,901,Medical,Mother,51,843,1073701,Salaried,Public,13179,14.73,Property,5072349,56.17,663984,Rented,Stable,Yes,Meets Criteria,Semi-Urban,Group_A,8.5
STU11271,21,Female,705,66.06,73.09,6.26,1,0,,0.0,Germany,2413693,University_50,299,Management,Father,52,749,1128566,Salaried,MNC,13342,14.19,None,0,0.0,501816,Rented,Improving,Yes,Meets Criteria,Rural,Group_A,9.0
STU11272,24,Female,-1,90.72,78.36,8.38,0,0,GMAT,608.0,USA,4898023,University_48,349,STEM,Father,53,824,1192074,Salaried,Public,11675,11.75,Property,9636246,50.83,134394,Rented,Stable,Yes,Meets Criteria,Semi-Urban,Group_B,8.5
STU11273,23,Female,735,63.2,63.71,6.17,0,1,IELTS,7.0,Canada,3317133,University_68,518,STEM,Father,58,655,518419,Self-Employed,MNC,12628,29.23,Property,4958110,66.9,693102,Mortgaged,Declining,No,Declining CIBIL Trend with borderline score,Urban,Group_B,9.5
STU11274,23,Female,-1,83.7,88.38,8.01,0,0,IELTS,6.5,Australia,3550583,University_90,64,STEM,Mother,54,826,3425766,Salaried,MNC,4286,1.5,None,0,0.0,780125,Rented,Stable,Yes,Meets Criteria,Urban,Group_B,8.5
STU11275,23,Female,-1,69.52,60.31,7.05,2,0,IELTS,6.5,Canada,3920046,University_46,199,STEM,Father,57,784,1340472,Salaried,Govt,26234,23.48,Fixed Deposit,7474681,52.44,238115,Mortgaged,Stable,Yes,Meets Criteria,Urban,Group_A,8.5
STU11276,26,Male,700,88.95,88.94,7.82,0,0,IELTS,8.0,Ireland,2651123,University_60,739,Management,Mother,61,681,1941644,Salaried,Public,3128,1.93,Property,5250475,50.49,362807,Owned,Declining,No,Declining CIBIL Trend with borderline score,Urban,Group_A,9.5
STU11277,22,Female,825,67.92,65.13,5.98,0,0,IELTS,7.0,Ireland,3239399,University_6,904,Management,Father,49,658,2322293,Salaried,Public,74020,38.25,None,0,0.0,751597,Rented,Declining,No,Declining CIBIL Trend with borderline score,Rural,Group_A,10.0
STU11278,28,Male,747,81.52,75.06,7.6,3,0,GMAT,668.0,Ireland,3197599,University_53,798,Arts,Father,57,834,674975,Salaried,Govt,20065,35.67,None,0,0.0,121190,Owned,Stable,No,High Unsecured Loan (3197599) vs Income (674975),Urban,Group_A,8.5
STU11279,22,Male,-1,85.48,82.74,9.45,1,0,GRE,327.0,USA,3792142,University_100,425,STEM,Mother,44,790,467060,Salaried,Public,13040,33.5,None,0,0.0,659317,Owned,Stable,No,High Unsecured Loan (3792142) vs Income (467060),Urban,Group_A,8.5
STU11280,23,Female,651,67.99,69.42,7.29,0,0,GRE,306.0,Canada,3602624,University_77,123,Arts,Mother,55,756,401611,Salaried,Govt,11811,35.29,None,0,0.0,334082,Rented,Stable,No,High Unsecured Loan (3602624) vs Income (401611),Semi-Urban,Group_A,9.5
STU11281,29,Male,700,77.92,68.05,6.69,0,2,GRE,309.0,Ireland,2811986,University_16,892,STEM,Father,58,813,1401540,Salaried,Public,5085,4.35,Property,4031810,69.75,352587,Owned,Stable,Yes,Meets Criteria,Semi-Urban,Group_B,8.5
STU11282,24,Female,700,76.04,71.29,7.3,0,0,GRE,316.0,Canada,2897011,University_93,162,Arts,Father,48,805,1860850,Salaried,Private,9172,5.91,None,0,0.0,361807,Mortgaged,Stable,Yes,Meets Criteria,Semi-Urban,Group_C,9.35
STU11283,23,Male,-1,73.57,74.81,6.99,0,2,IELTS,6.0,Ireland,2911050,University_94,302,Medical,Father,46,783,1924294,Self-Employed,Private,26122,16.29,None,0,0.0,154935,Owned,Stable,Yes,Meets Criteria,Urban,Group_B,8.5
STU11284,23,Female,696,85.58,78.98,8.13,1,0,GRE,315.0,Australia,3497284,University_96,48,STEM,Father,52,827,450323,Salaried,Govt,1748,4.66,None,0,0.0,245042,Rented,Stable,No,High Unsecured Loan (3497284) vs Income (450323),Urban,Group_C,10.35
STU11285,22,Female,704,78.68,79.04,8.13,0,0,TOEFL,83.0,UK,4234031,University_27,370,Medical,Father,49,751,718466,Salaried,Govt,2116,3.53,Property,8031906,52.72,138594,Rented,Stable,Yes,Meets Criteria,Urban,Group_A,8.5
STU11286,25,Male,699,66.45,64.43,7.08,0,2,TOEFL,86.0,Canada,3897678,University_99,224,Medical,Father,50,737,3492314,Self-Employed,MNC,6059,2.08,Property,6017370,64.77,687022,Owned,Improving,Yes,Meets Criteria,Urban,Group_C,10.35
STU11287,24,Female,723,69.72,77.48,7.54,0,0,IELTS,8.0,Canada,3490279,University_19,637,Management,Father,48,784,1353194,Self-Employed,MNC,13098,11.62,Property,6877606,50.75,231455,Mortgaged,Stable,Yes,Meets Criteria,Urban,Group_A,8.5
STU11288,25,Female,680,72.44,76.03,7.89,0,0,GRE,302.0,Ireland,2530018,University_31,489,STEM,Father,59,820,1954039,Salaried,Govt,47981,29.47,Property,4105931,61.62,537249,Rented,Stable,Yes,Meets Criteria,Urban,Group_C,10.35
STU11289,23,Female,655,71.04,70.58,6.32,0,0,TOEFL,86.0,UK,4480603,University_58,708,Arts,Sister,26,805,2199193,Salaried,Public,37195,20.3,Property,8936797,50.14,719058,Mortgaged,Stable,Yes,Meets Criteria,Urban,Group_C,10.35
STU11290,23,Male,740,61.29,65.56,7.1,0,0,TOEFL,108.0,Ireland,3231245,University_75,827,STEM,Mother,46,753,1682352,Salaried,MNC,42991,30.66,Property,5357960,60.31,504126,Owned,Stable,Yes,Meets Criteria,Urban,Group_B,8.5
STU11291,23,Male,-1,90.94,93.54,9.07,0,0,GRE,328.0,UK,4613311,University_87,695,STEM,Sister,33,672,673789,Salaried,Public,6637,11.82,Property,7511446,61.42,493968,Mortgaged,Improving,Yes,Meets Criteria,Urban,Group_C,10.35
STU11292,26,Male,774,80.8,70.25,7.15,0,0,IELTS,6.0,Canada,3028617,University_99,513,Management,Father,61,729,698572,Salaried,Public,14408,24.75,None,0,0.0,313896,Owned,Improving,No,High Unsecured Loan (3028617) vs Income (698572),Semi-Urban,Group_B,8.5
STU11293,25,Male,722,83.34,94.3,9.38,0,0,GMAT,607.0,USA,4129976,University_19,795,STEM,Father,52,753,695653,Self-Employed,Public,12982,22.39,Property,8053549,51.28,537629,Mortgaged,Stable,Yes,Meets Criteria,Semi-Urban,Group_A,8.5
STU11294,27,Female,779,90.84,83.08,8.2,0,0,IELTS,6.0,UK,4128064,University_54,996,STEM,Sister,30,814,1726919,Salaried,Private,10011,6.96,Property,5666698,72.85,698942,Mortgaged,Stable,Yes,Meets Criteria,Semi-Urban,Group_A,8.5
STU11295,23,Male,742,70.94,66.73,7.18,0,0,TOEFL,103.0,Germany,2226159,University_67,142,Management,Father,54,793,2073398,Self-Employed,MNC,57776,33.44,None,0,0.0,408531,Mortgaged,Stable,Yes,Meets Criteria,Urban,Group_B,8.5
STU11296,22,Male,-1,93.3,94.24,9.31,1,0,IELTS,6.0,USA,5366876,University_89,580,Management,Father,52,761,1515842,Self-Employed,MNC,1512,1.2,Fixed Deposit,9894738,54.24,264394,Mortgaged,Stable,Yes,Meets Criteria,Urban,Group_A,8.5
STU11297,24,Female,701,78.1,82.86,7.92,1,0,IELTS,7.0,USA,3768295,University_71,392,STEM,Father,54,746,580731,Salaried,Public,7877,16.28,Fixed Deposit,4741432,79.48,337155,Owned,Improving,Yes,Meets Criteria,Urban,Group_B,8.5
STU11298,25,Female,751,83.98,73.33,8.43,0,0,GRE,299.0,UK,4647704,University_68,322,STEM,Father,55,736,1052049,Salaried,Public,8834,10.08,Property,6291284,73.88,390019,Rented,Improving,Yes,Meets Criteria,Semi-Urban,Group_C,9.35
STU11299,25,Male,701,74.85,83.19,7.59,0,0,TOEFL,112.0,UK,3816794,University_6,876,STEM,Brother,28,692,650828,Salaried,Public,16321,30.09,None,0,0.0,111025,Rented,Improving,No,High Unsecured Loan (3816794) vs Income (650828),Semi-Urban,Group_A,9.5
STU11300,27,Male,750,82.74,84.04,8.86,0,0,IELTS,7.5,USA,3712688,University_8,120,Management,Sister,36,778,1223748,Salaried,Govt,3061,3.0,Property,6440221,57.65,751613,Rented,Stable,Yes,Meets Criteria,Urban,Group_B,8.5
STU11301,23,Male,-1,79.59,77.86,6.58,0,0,IELTS,6.0,Canada,3135252,University_8,627,Management,Father,54,721,967992,Salaried,Govt,9455,11.72,None,0,0.0,745996,Mortgaged,Improving,No,High Unsecured Loan (3135252) vs Income (967992),Rural,Group_C,9.85
STU11302,26,Female,759,85.56,87.53,9.23,1,0,GMAT,711.0,USA,4539253,University_75,973,STEM,Father,54,814,3724426,Self-Employed,Govt,77837,25.08,Property,5629760,80.63,496254,Owned,Stable,Yes,Meets Criteria,Urban,Group_C,9.35
STU11303,23,Female,728,78.18,87.56,8.07,2,0,TOEFL,98.0,UK,4016439,University_8,732,Management,Father,51,685,1645613,Salaried,Public,41851,30.52,Property,6142407,65.39,246345,Rented,Declining,No,Declining CIBIL Trend with borderline score,Urban,Group_C,10.35
STU11304,27,Male,-1,78.06,81.22,7.43,0,0,IELTS,7.5,Ireland,2942987,University_61,945,STEM,Mother,54,662,484395,Self-Employed,Private,9129,22.62,None,0,0.0,741031,Mortgaged,Improving,No,High Unsecured Loan (2942987) vs Income (484395),Semi-Urban,Group_B,9.5
STU11305,22,Male,658,82.03,84.03,8.59,0,0,,0.0,Ireland,2736218,University_9,994,Management,Mother,46,700,2850045,Salaried,Private,43117,18.15,Fixed Deposit,3478689,78.66,249110,Mortgaged,Improving,Yes,Meets Criteria,Rural,Group_C,10.85
STU11306,30,Male,-1,88.34,94.35,8.62,0,0,GRE,312.0,Ireland,3149084,University_52,112,STEM,Father,58,789,965992,Salaried,Govt,14948,18.57,Fixed Deposit,4295141,73.32,282252,Rented,Stable,Yes,Meets Criteria,Semi-Urban,Group_B,8.5
STU11307,24,Female,-1,76.52,77.79,8.1,0,0,GRE,304.0,Canada,3630445,University_31,845,Management,Mother,53,821,1466383,Self-Employed,Govt,6469,5.29,None,0,0.0,629829,Mortgaged,Stable,Yes,Meets Criteria,Semi-Urban,Group_A,8.5
STU11308,27,Female,719,77.38,74.02,7.55,0,1,IELTS,6.0,Ireland,3122712,University_70,304,Medical,Brother,34,717,903147,Self-Employed,Govt,21855,29.04,Fixed Deposit,4168679,74.91,716922,Rented,Improving,Yes,Meets Criteria,Urban,Group_B,8.5
STU11309,26,Female,691,69.4,60.84,5.71,0,0,IELTS,6.0,Australia,3500870,University_37,55,STEM,Father,50,765,1229687,Salaried,MNC,27956,27.28,None,0,0.0,216551,Owned,Stable,Yes,Meets Criteria,Semi-Urban,Group_B,9.5
STU11310,23,Male,-1,74.96,80.87,8.05,1,0,GRE,321.0,UK,4481024,University_22,938,Medical,Father,46,669,407347,Salaried,Govt,11323,33.36,Property,7668152,58.44,625454,Mortgaged,Declining,No,Declining CIBIL Trend with borderline score,Urban,Group_A,9.5
STU11311,22,Female,-1,90.66,94.24,8.34,0,0,TOEFL,92.0,UK,3798645,University_54,176,Management,Mother,52,789,578330,Self-Employed,Public,14160,29.38,None,0,0.0,625171,Owned,Stable,No,High Unsecured Loan (3798645) vs Income (578330),Rural,Group_B,9.0
STU11312,23,Female,800,86.03,80.44,8.33,0,0,,0.0,Germany,2374120,University_70,249,Medical,Father,58,679,670165,Self-Employed,Govt,3958,7.09,Property,4143374,57.3,443910,Rented,Declining,No,Declining CIBIL Trend with borderline score,Urban,Group_B,9.5
STU11313,23,Male,752,59.31,67.13,7.03,0,0,GRE,291.0,UK,4187947,University_90,603,STEM,Father,52,834,733788,Salaried,Private,10485,17.15,Property,7306276,57.32,234775,Owned,Stable,Yes,Meets Criteria,Semi-Urban,Group_A,8.5
STU11314,22,Male,758,70.27,82.26,7.68,0,0,TOEFL,105.0,USA,4532899,University_19,881,Medical,Father,55,653,591410,Self-Employed,Public,15071,30.58,Property,6803398,66.63,260606,Owned,Declining,No,Declining CIBIL Trend with borderline score,Urban,Group_B,9.5
STU11315,22,Female,-1,70.14,60.24,6.7,0,0,GRE,310.0,Ireland,2887793,University_12,403,Management,Father,53,818,1567643,Salaried,Public,775,0.59,None,0,0.0,461326,Owned,Stable,Yes,Meets Criteria,Semi-Urban,Group_B,8.5
STU11316,22,Male,819,98.72,94.97,9.07,0,0,GRE,299.0,USA,4918481,University_67,667,STEM,Father,55,694,2305150,Salaried,MNC,75432,39.27,Property,6448105,76.28,705451,Owned,Improving,Yes,Meets Criteria,Urban,Group_B,9.5
STU11317,25,Female,-1,73.79,75.85,6.75,0,0,GMAT,701.0,Australia,3649333,University_88,275,Management,Father,49,760,4614885,Salaried,Private,93676,24.36,None,0,0.0,412833,Rented,Stable,Yes,Meets Criteria,Semi-Urban,Group_A,8.5
STU11318,24,Male,850,71.64,73.78,8.48,0,0,TOEFL,82.0,Ireland,3078942,University_5,975,Management,Mother,54,827,782539,Self-Employed,Govt,5994,9.19,None,0,0.0,678624,Owned,Stable,No,High Unsecured Loan (3078942) vs Income (782539),Urban,Group_A,8.5
STU11319,24,Female,705,93.22,94.62,9.19,0,0,IELTS,7.0,Germany,2224631,University_39,904,Medical,Mother,54,736,1874174,Salaried,MNC,34581,22.14,None,0,0.0,179224,Rented,Improving,Yes,Meets Criteria,Urban,Group_A,8.5
STU11320,25,Female,782,62.72,66.91,6.51,1,0,IELTS,6.0,Canada,3557770,University_57,94,STEM,Father,51,695,1293420,Salaried,Public,38595,35.81,Property,5412516,65.73,519464,Mortgaged,Declining,No,Declining CIBIL Trend with borderline score,Urban,Group_C,10.35
STU11321,23,Male,711,72.42,70.73,6.13,0,0,IELTS,8.0,UK,4119370,University_49,799,Management,Father,45,807,933130,Salaried,MNC,22376,28.78,Property,7130438,57.77,593819,Rented,Stable,Yes,Meets Criteria,Urban,Group_A,8.5
STU11322,24,Male,813,80.7,81.44,8.62,2,0,IELTS,8.0,Australia,4198058,University_65,510,STEM,Mother,56,689,2543111,Salaried,MNC,27136,12.8,Property,6974835,60.19,627899,Mortgaged,Declining,No,Declining CIBIL Trend with borderline score,Rural,Group_B,10.0
STU11323,23,Male,-1,85.4,94.48,8.96,2,0,GMAT,684.0,Canada,2640864,University_83,191,Management,Mother,54,810,1298036,Self-Employed,Govt,15952,14.75,None,0,0.0,392410,Rented,Stable,Yes,Meets Criteria,Urban,Group_A,8.5
STU11324,23,Male,653,87.92,86.24,8.08,0,1,TOEFL,101.0,UK,4511828,University_73,40,STEM,Father,44,822,1061779,Self-Employed,Govt,5943,6.72,Property,8661867,52.09,294452,Owned,Stable,Yes,Meets Criteria,Rural,Group_A,10.0
STU11325,29,Male,749,90.18,81.42,8.01,0,0,IELTS,8.0,Canada,3158988,University_76,404,Management,Mother,53,685,3480673,Salaried,MNC,95888,33.06,Property,5335878,59.2,304708,Mortgaged,Improving,Yes,Meets Criteria,Urban,Group_B,9.5
STU11326,28,Male,-1,83.66,76.15,8.21,0,0,IELTS,8.0,Australia,4099310,University_51,851,STEM,Father,62,706,502009,Salaried,MNC,9139,21.85,Property,7875653,52.05,710408,Rented,Improving,Yes,Meets Criteria,Urban,Group_B,8.5
STU11327,21,Female,713,67.67,66.4,7.54,0,0,IELTS,7.0,Germany,1836745,University_98,346,STEM,Father,53,773,1173081,Salaried,MNC,35738,36.56,Fixed Deposit,2708612,67.81,285824,Owned,Stable,Yes,Meets Criteria,Semi-Urban,Group_A,8.5
STU11328,25,Male,723,74.35,63.48,7.06,0,0,GMAT,637.0,UK,4249964,University_88,379,Medical,Father,47,707,664493,Salaried,MNC,2352,4.25,Property,7516028,56.55,497167,Mortgaged,Improving,Yes,Meets Criteria,Semi-Urban,Group_A,8.5
STU11329,26,Male,696,65.46,63.55,7.01,0,1,IELTS,8.0,UK,3904952,University_79,329,STEM,Father,59,774,1402522,Self-Employed,Govt,38562,32.99,Property,5386355,72.5,313591,Mortgaged,Stable,Yes,Meets Criteria,Urban,Group_A,9.5
STU11330,22,Male,739,75.64,83.98,8.15,0,0,GRE,326.0,Ireland,2240470,University_15,936,STEM,Father,50,803,1815544,Salaried,Govt,9974,6.59,None,0,0.0,318821,Mortgaged,Stable,Yes,Meets Criteria,Semi-Urban,Group_B,8.5
STU11331,27,Male,716,84.99,83.53,9.19,0,0,IELTS,6.0,Canada,3746902,University_27,404,STEM,Father,52,672,1482091,Salaried,Govt,14507,11.75,None,0,0.0,222745,Rented,Declining,No,Declining CIBIL Trend with borderline score,Semi-Urban,Group_B,9.5
STU11332,24,Female,691,82.86,83.08,8.24,0,0,,0.0,Canada,3457580,University_28,838,Medical,Father,51,771,1900009,Salaried,MNC,6167,3.89,None,0,0.0,556955,Mortgaged,Stable,Yes,Meets Criteria,Urban,Group_A,9.5
STU11333,29,Female,757,81.23,94.94,8.45,0,0,GRE,299.0,Germany,2265585,University_83,822,STEM,Father,51,722,982740,Salaried,MNC,1152,1.41,None,0,0.0,481048,Rented,Improving,Yes,Meets Criteria,Rural,Group_A,9.0
STU11334,24,Male,672,77.93,82.92,7.05,0,0,GRE,327.0,UK,4239851,University_72,62,Management,Mother,54,837,1076058,Salaried,Govt,27179,30.31,Property,5110636,82.96,488521,Rented,Stable,Yes,Meets Criteria,Rural,Group_A,10.0
STU11335,23,Male,716,69.76,70.42,7.36,0,1,GMAT,652.0,Australia,3114416,University_18,958,Management,Mother,49,792,1697900,Salaried,Public,23548,16.64,None,0,0.0,450215,Rented,Stable,Yes,Meets Criteria,Semi-Urban,Group_C,9.35
STU11336,24,Female,748,78.74,83.82,8.06,0,0,IELTS,7.0,UK,3861732,University_22,142,Management,Mother,52,830,1508608,Salaried,MNC,25656,20.41,Property,7671419,50.34,403196,Rented,Stable,Yes,Meets Criteria,Urban,Group_C,9.35
STU11337,22,Male,769,84.96,80.29,7.94,0,0,TOEFL,100.0,Australia,4014155,University_79,295,STEM,Father,45,778,467579,Self-Employed,Govt,4746,12.18,Property,6789967,59.12,234421,Mortgaged,Stable,Yes,Meets Criteria,Semi-Urban,Group_A,8.5
STU11338,23,Male,660,85.79,84.36,8.14,0,0,IELTS,6.0,UK,4842583,University_6,160,Management,Mother,56,728,1581197,Salaried,Private,33688,25.57,Property,8082586,59.91,353363,Rented,Improving,Yes,Meets Criteria,Urban,Group_B,9.5
STU11339,23,Male,709,85.72,96.91,9.7,0,0,GRE,297.0,Ireland,3023257,University_41,71,STEM,Father,47,651,569857,Salaried,Private,6457,13.6,None,0,0.0,145430,Rented,Declining,No,Declining CIBIL Trend with borderline score; High Unsecured Loan (3023257) vs Income (569857),Urban,Group_A,9.5
STU11340,22,Male,-1,80.15,77.04,8.17,0,0,GRE,333.0,UK,3528620,University_39,292,STEM,Father,56,783,675142,Salaried,MNC,13883,24.68,None,0,0.0,514567,Rented,Stable,No,High Unsecured Loan (3528620) vs Income (675142),Urban,Group_A,8.5
STU11341,22,Female,-1,87.52,79.95,8.01,0,0,TOEFL,94.0,USA,4361530,University_82,808,STEM,Mother,50,834,3227540,Self-Employed,MNC,69192,25.73,Property,5756189,75.77,116674,Rented,Stable,Yes,Meets Criteria,Urban,Group_B,8.5
STU11342,22,Male,-1,71.58,73.66,6.94,0,0,,0.0,UK,4904325,University_37,215,STEM,Mother,44,784,1258100,Salaried,Private,33775,32.22,Property,6563453,74.72,679759,Owned,Stable,Yes,Meets Criteria,Rural,Group_C,9.85
STU11343,22,Male,-1,80.82,81.24,9.18,0,0,GRE,298.0,USA,3960325,University_19,900,STEM,Father,56,815,814857,Self-Employed,MNC,17028,25.08,None,0,0.0,764382,Rented,Stable,No,High Unsecured Loan (3960325) vs Income (814857),Semi-Urban,Group_C,9.35
STU11344,22,Male,761,67.84,70.05,6.46,0,0,GRE,316.0,USA,4072302,University_21,209,Management,Father,54,791,1771372,Salaried,Private,20371,13.8,Property,6621605,61.5,604572,Rented,Stable,Yes,Meets Criteria,Semi-Urban,Group_B,8.5
STU11345,30,Male,751,71.87,77.4,8.24,0,0,,0.0,USA,5219732,University_62,476,Management,Mother,56,716,791552,Salaried,Public,25680,38.93,Property,8610642,60.62,388533,Mortgaged,Improving,Yes,Meets Criteria,Urban,Group_A,8.5
STU11346,23,Male,811,61.39,67.64,5.96,0,0,GRE,299.0,UK,4399267,University_66,837,Arts,Father,56,821,3902425,Salaried,Public,49744,15.3,Property,7593760,57.93,362800,Owned,Stable,Yes,Meets Criteria,Urban,Group_B,8.5
STU11347,23,Male,-1,82.77,85.13,7.96,0,0,,0.0,Canada,3220188,University_16,661,Arts,Father,51,694,433198,Salaried,MNC,6601,18.29,Property,4418274,72.88,574412,Owned,Declining,No,Declining CIBIL Trend with borderline score,Urban,Group_A,9.5
STU11348,21,Male,800,79.77,84.98,8.53,0,0,IELTS,6.5,USA,5322043,University_4,334,Medical,Father,44,694,1125461,Self-Employed,Public,21633,23.07,Property,8799996,60.48,754674,Rented,Declining,No,Declining CIBIL Trend with borderline score,Rural,Group_B,10.0
STU11349,27,Female,777,90.45,91.56,8.82,0,1,GRE,310.0,Canada,3507566,University_75,78,STEM,Mother,58,727,1295499,Salaried,Govt,23886,22.13,None,0,0.0,260861,Owned,Improving,Yes,Meets Criteria,Urban,Group_A,8.5
STU11350,23,Female,-1,64.59,71.89,7.26,0,0,IELTS,6.5,Germany,2343055,University_70,209,STEM,Father,49,792,561512,Self-Employed,Private,4993,10.67,Property,3040641,77.06,785918,Owned,Stable,Yes,Meets Criteria,Rural,Group_B,9.0
STU11351,23,Female,709,90.35,80.4,8.92,0,0,GRE,308.0,Ireland,2426906,University_3,585,Management,Father,49,716,1332460,Self-Employed,Govt,25654,23.1,None,0,0.0,632313,Mortgaged,Improving,Yes,Meets Criteria,Semi-Urban,Group_A,8.5
STU11352,25,Female,778,78.21,89.86,8.55,0,0,GMAT,699.0,USA,4389832,University_24,585,Management,Father,48,762,946555,Salaried,Govt,5114,6.48,Property,6430611,68.26,734842,Owned,Stable,Yes,Meets Criteria,Urban,Group_A,8.5
STU11353,23,Male,709,91.45,88.57,8.1,0,0,GRE,335.0,Ireland,3127013,University_42,142,Management,Mother,53,792,1888307,Self-Employed,Private,15296,9.72,Property,4125754,75.79,213343,Rented,Stable,Yes,Meets Criteria,Semi-Urban,Group_C,9.35
STU11354,24,Male,667,84.75,90.66,9.17,0,0,GRE,325.0,Ireland,2363515,University_5,905,Arts,Father,45,717,1962263,Salaried,MNC,31981,19.56,None,0,0.0,598219,Mortgaged,Improving,Yes,Meets Criteria,Urban,Group_A,9.5
STU11355,21,Female,716,83.06,76.68,8.04,1,1,GRE,334.0,USA,4931966,University_91,900,STEM,Father,47,820,1878638,Salaried,Public,22378,14.29,Property,6852654,71.97,670977,Owned,Stable,Yes,Meets Criteria,Rural,Group_B,9.0
STU11356,25,Male,-1,67.74,79.4,7.81,0,0,GMAT,758.0,Australia,3986738,University_26,18,Medical,Father,50,727,2991061,Self-Employed,MNC,91979,36.9,Property,6842539,58.26,710483,Owned,Improving,Yes,Meets Criteria,Rural,Group_A,9.0
STU11357,27,Male,723,71.53,69.83,7.77,1,0,GMAT,603.0,Australia,4135689,University_74,921,Medical,Mother,62,673,847901,Salaried,Private,22015,31.16,Property,7089932,58.33,285615,Rented,Improving,Yes,Meets Criteria,Urban,Group_A,9.5
STU11358,22,Female,749,96.93,94.05,9.28,2,0,IELTS,6.0,USA,4145023,University_62,284,STEM,Mother,53,838,1872444,Self-Employed,Govt,12036,7.71,Property,7003696,59.18,315869,Rented,Stable,Yes,Meets Criteria,Urban,Group_A,8.5
STU11359,24,Female,-1,91.0,97.23,8.36,0,0,,0.0,Australia,3868953,University_64,96,STEM,Father,54,679,1104474,Self-Employed,Govt,14646,15.91,None,0,0.0,774053,Owned,Improving,No,High Unsecured Loan (3868953) vs Income (1104474),Semi-Urban,Group_A,9.5
STU11360,25,Male,669,78.69,79.31,9.0,0,0,IELTS,7.5,Germany,2024493,University_97,677,STEM,Father,48,663,2483041,Salaried,Private,50143,24.23,None,0,0.0,203571,Rented,Declining,No,Declining CIBIL Trend with borderline score,Rural,Group_C,11.85
STU11361,23,Male,-1,64.22,60.05,7.22,1,0,GRE,292.0,Canada,2799662,University_93,33,STEM,Father,51,684,1519196,Self-Employed,Private,33509,26.47,None,0,0.0,664859,Owned,Improving,Yes,Meets Criteria,Urban,Group_A,9.5
STU11362,22,Male,-1,91.78,80.77,8.71,0,1,GRE,303.0,USA,3666641,University_74,198,Arts,Mother,49,747,576849,Salaried,Private,4007,8.34,Property,4439302,82.59,297524,Owned,Improving,Yes,Meets Criteria,Semi-Urban,Group_C,9.35
STU11363,24,Male,758,84.5,79.04,8.23,0,0,IELTS,6.5,Germany,2322062,University_37,181,Management,Mother,46,673,549133,Salaried,Govt,415,0.91,None,0,0.0,695510,Mortgaged,Declining,No,Declining CIBIL Trend with borderline score; High Unsecured Loan (2322062) vs Income (549133),Semi-Urban,Group_B,9.5
STU11364,25,Male,737,74.72,80.67,7.97,2,0,TOEFL,100.0,Australia,4294056,University_20,611,STEM,Father,50,746,467532,Salaried,Public,266,0.68,Property,7980891,53.8,313060,Rented,Improving,Yes,Meets Criteria,Semi-Urban,Group_A,8.5
STU11365,24,Male,789,95.32,85.66,8.61,0,1,TOEFL,84.0,USA,5058836,University_95,671,STEM,Father,45,704,4797394,Salaried,Govt,90969,22.75,Property,7467808,67.74,721800,Rented,Improving,Yes,Meets Criteria,Urban,Group_B,8.5
STU11366,24,Male,-1,70.15,71.35,8.44,2,0,TOEFL,87.0,UK,3598356,University_25,435,STEM,Father,59,741,1952794,Salaried,Govt,21261,13.06,Property,5373613,66.96,431855,Rented,Improving,Yes,Meets Criteria,Semi-Urban,Group_B,8.5
STU11367,28,Male,-1,79.83,90.57,8.18,1,0,,0.0,Germany,1742957,University_96,798,Medical,Father,51,656,473843,Salaried,Private,15638,39.6,None,0,0.0,166429,Mortgaged,Improving,No,High Unsecured Loan (1742957) vs Income (473843),Rural,Group_B,10.0
STU11368,23,Female,704,67.91,65.88,6.71,0,0,GMAT,621.0,Germany,1730659,University_77,635,STEM,Father,44,763,979042,Self-Employed,Private,14072,17.25,None,0,0.0,729511,Rented,Stable,Yes,Meets Criteria,Urban,Group_A,8.5
STU11369,30,Male,-1,59.09,57.57,5.99,0,0,GRE,331.0,Australia,4241019,University_14,351,STEM,Father,56,716,1132606,Salaried,Govt,31251,33.11,Property,7411430,57.22,783228,Owned,Improving,Yes,Meets Criteria,Urban,Group_A,8.5
STU11370,21,Female,700,72.31,65.94,6.54,1,0,IELTS,6.0,Canada,2662255,University_47,930,STEM,Sister,30,777,695922,Self-Employed,Private,21207,36.57,None,0,0.0,780919,Owned,Stable,No,High Unsecured Loan (2662255) vs Income (695922),Rural,Group_C,9.85
STU11371,23,Female,-1,74.89,80.35,7.79,0,0,GRE,313.0,Canada,3224512,University_87,798,STEM,Mother,49,745,549444,Salaried,Public,7786,17.0,None,0,0.0,290861,Mortgaged,Improving,No,High Unsecured Loan (3224512) vs Income (549444),Urban,Group_C,9.35
STU11372,22,Male,-1,87.14,96.0,8.54,0,0,GRE,306.0,Ireland,2658685,University_1,114,Medical,Father,43,792,2249136,Salaried,Govt,57664,30.77,Property,4886150,54.41,649159,Owned,Stable,Yes,Meets Criteria,Rural,Group_C,9.85
STU11373,24,Male,715,56.56,69.83,6.8,2,1,GRE,325.0,Ireland,2408239,University_58,409,STEM,Mother,49,845,988704,Salaried,Private,16115,19.56,Property,3706386,64.98,154693,Rented,Stable,Yes,Meets Criteria,Urban,Group_A,8.5
STU11374,26,Female,769,56.86,66.3,6.09,2,0,GMAT,577.0,Australia,3093310,University_4,890,STEM,Father,58,677,3437468,Salaried,Private,80700,28.17,None,0,0.0,595968,Rented,Declining,No,Declining CIBIL Trend with borderline score,Urban,Group_B,9.5
STU11375,22,Female,-1,65.16,63.66,5.91,0,0,IELTS,6.0,Canada,3249768,University_30,341,STEM,Father,44,662,3206808,Salaried,MNC,38601,14.44,Property,5279427,61.56,398932,Rented,Declining,No,Declining CIBIL Trend with borderline score,Rural,Group_B,10.0
STU11376,25,Female,762,76.02,66.63,7.46,0,2,GMAT,556.0,Australia,2905098,University_56,187,STEM,Father,51,786,1907553,Salaried,Private,43006,27.05,None,0,0.0,578524,Owned,Stable,Yes,Meets Criteria,Urban,Group_B,8.5
STU11377,22,Male,754,85.04,83.54,7.92,1,0,IELTS,8.0,Ireland,2165904,University_26,688,Management,Father,55,848,1220198,Self-Employed,MNC,24687,24.28,None,0,0.0,274190,Mortgaged,Stable,Yes,Meets Criteria,Urban,Group_A,8.5
STU11378,22,Female,-1,93.47,86.27,8.35,0,0,IELTS,7.5,Australia,4161076,University_56,843,Management,Father,45,670,1540785,Salaried,MNC,30052,23.41,Property,6739664,61.74,254936,Mortgaged,Improving,Yes,Meets Criteria,Urban,Group_B,9.5
STU11379,22,Male,739,80.9,81.48,8.46,0,0,TOEFL,106.0,USA,4366014,University_40,989,STEM,Father,48,810,852290,Self-Employed,Govt,21452,30.2,Property,8016362,54.46,163034,Rented,Stable,Yes,Meets Criteria,Semi-Urban,Group_A,8.5
STU11380,22,Female,-1,75.69,75.42,8.21,0,1,IELTS,6.0,Ireland,2181219,University_84,269,STEM,Father,52,710,4281190,Salaried,MNC,109637,30.73,Property,3580749,60.92,700265,Rented,Improving,Yes,Meets Criteria,Urban,Group_A,8.5
STU11381,27,Male,-1,90.59,87.18,8.18,0,1,,0.0,USA,3605448,University_32,684,STEM,Father,59,666,566024,Salaried,Govt,14800,31.38,Property,4448537,81.05,750216,Owned,Improving,Yes,Meets Criteria,Urban,Group_C,10.35
STU11382,26,Male,777,82.17,74.52,8.25,0,1,IELTS,7.5,USA,5272669,University_51,803,STEM,Father,56,785,1833528,Salaried,Govt,39046,25.55,Property,9060667,58.19,318314,Owned,Stable,Yes,Meets Criteria,Rural,Group_A,9.0
STU11383,22,Female,-1,75.48,70.7,7.51,0,0,GRE,328.0,USA,4601775,University_38,105,Management,Mother,49,747,1008828,Salaried,Private,4991,5.94,Property,7307454,62.97,161489,Owned,Improving,Yes,Meets Criteria,Urban,Group_A,8.5
STU11384,22,Female,762,73.39,72.9,7.2,0,0,,0.0,USA,4180175,University_24,216,STEM,Mother,54,826,1880848,Salaried,MNC,41988,26.79,Property,7006379,59.66,721177,Owned,Stable,Yes,Meets Criteria,Semi-Urban,Group_A,8.5
STU11385,25,Male,822,97.29,89.05,8.26,0,2,GRE,335.0,Germany,2370938,University_34,170,STEM,Father,60,760,1092693,Self-Employed,Private,958,1.05,Property,3731417,63.54,650615,Mortgaged,Stable,Yes,Meets Criteria,Urban,Group_C,9.35
STU11386,22,Male,-1,82.38,81.49,7.04,0,0,GMAT,655.0,USA,3698860,University_21,677,STEM,Father,53,818,857524,Salaried,MNC,18031,25.23,None,0,0.0,768264,Owned,Stable,No,High Unsecured Loan (3698860) vs Income (857524),Semi-Urban,Group_B,8.5
STU11387,22,Female,683,71.82,71.9,7.2,0,1,TOEFL,85.0,Canada,2950478,University_88,719,STEM,Father,55,807,1998654,Self-Employed,Public,34174,20.52,None,0,0.0,638961,Mortgaged,Stable,Yes,Meets Criteria,Urban,Group_A,9.5
STU11388,28,Male,-1,93.25,88.28,8.37,0,0,IELTS,6.0,Australia,3000241,University_57,986,Management,Brother,31,837,1927224,Self-Employed,Private,32354,20.15,None,0,0.0,726192,Rented,Stable,Yes,Meets Criteria,Rural,Group_B,9.0
STU11389,23,Male,687,90.46,95.06,9.56,0,0,GRE,324.0,Ireland,3162321,University_34,312,Medical,Father,52,685,2674094,Salaried,MNC,67550,30.31,Property,4936487,64.06,483346,Rented,Declining,No,Declining CIBIL Trend with borderline score,Urban,Group_B,10.5
STU11390,25,Female,716,84.3,78.96,7.7,1,0,TOEFL,112.0,Ireland,2563703,University_2,553,Management,Father,48,665,853883,Salaried,Public,7386,10.38,Property,3172474,80.81,607347,Rented,Improving,Yes,Meets Criteria,Urban,Group_A,9.5
STU11391,23,Female,740,70.6,81.84,8.18,0,0,TOEFL,104.0,Germany,2153280,University_39,610,Arts,Sister,32,673,4717708,Salaried,MNC,105045,26.72,Property,4193122,51.35,645715,Rented,Declining,No,Declining CIBIL Trend with borderline score,Urban,Group_B,9.5
STU11392,22,Female,763,84.09,87.1,8.42,0,0,IELTS,7.5,Ireland,2764464,University_65,155,STEM,Father,50,835,1622303,Salaried,MNC,31288,23.14,None,0,0.0,610313,Mortgaged,Stable,Yes,Meets Criteria,Urban,Group_B,8.5
STU11393,22,Female,785,78.07,82.89,7.75,0,0,GMAT,580.0,Germany,1897267,University_12,810,Arts,Mother,52,758,2471830,Self-Employed,Public,29217,14.18,None,0,0.0,156159,Rented,Stable,Yes,Meets Criteria,Urban,Group_B,8.5
STU11394,23,Female,813,91.62,84.64,8.62,0,0,GRE,334.0,USA,4595780,University_29,342,Arts,Mother,55,746,1542482,Salaried,MNC,5501,4.28,Property,8937910,51.42,719258,Owned,Improving,Yes,Meets Criteria,Urban,Group_A,8.5
STU11395,22,Female,734,81.07,79.49,7.58,0,0,IELTS,8.0,USA,5267208,University_90,656,STEM,Sister,29,806,597297,Salaried,Govt,7640,15.35,Property,7368423,71.48,387695,Rented,Stable,Yes,Meets Criteria,Semi-Urban,Group_C,9.35
STU11396,22,Male,-1,89.51,87.05,9.07,0,0,GMAT,588.0,Canada,2725483,University_2,157,STEM,Father,51,736,2428699,Salaried,Public,31244,15.44,None,0,0.0,277570,Rented,Improving,Yes,Meets Criteria,Urban,Group_B,8.5
STU11397,23,Female,-1,89.77,95.84,9.68,1,0,GRE,316.0,Ireland,2457234,University_70,129,Management,Father,44,778,4406987,Salaried,MNC,141046,38.41,None,0,0.0,342786,Rented,Stable,Yes,Meets Criteria,Urban,Group_A,8.5
STU11398,24,Female,684,79.03,78.57,8.02,0,0,GRE,317.0,Australia,3077941,University_34,405,STEM,Father,52,688,794733,Self-Employed,Public,13966,21.09,None,0,0.0,741182,Rented,Improving,No,High Unsecured Loan (3077941) vs Income (794733),Semi-Urban,Group_A,10.5
STU11399,23,Female,-1,78.65,81.62,7.32,0,0,TOEFL,99.0,Germany,1742036,University_15,601,Management,Mother,58,843,1320692,Self-Employed,Govt,15749,14.31,Property,3143317,55.42,738820,Rented,Stable,Yes,Meets Criteria,Semi-Urban,Group_A,8.5
STU11400,23,Male,781,94.42,92.54,9.02,0,0,TOEFL,86.0,Ireland,2411260,University_61,737,Management,Mother,50,650,579164,Salaried,MNC,3602,7.46,Fixed Deposit,3373112,71.48,376875,Owned,Improving,Yes,Meets Criteria,Urban,Group_A,9.5
STU11401,23,Female,-1,72.3,70.65,7.63,0,0,IELTS,6.0,Ireland,3142810,University_47,929,Medical,Brother,30,842,558381,Salaried,Public,9224,19.82,Property,4430564,70.93,756216,Owned,Stable,Yes,Meets Criteria,Urban,Group_B,8.5
STU11402,27,Male,-1,62.69,58.39,6.08,0,0,GRE,308.0,USA,4092480,University_73,427,STEM,Father,54,666,1785759,Salaried,MNC,44977,30.22,Property,6496368,63.0,178507,Owned,Declining,No,Declining CIBIL Trend with borderline score,Urban,Group_A,9.5
STU11403,22,Female,748,80.98,79.39,7.91,0,0,IELTS,8.0,Canada,3472242,University_70,555,STEM,Father,57,836,805981,Salaried,Govt,23274,34.65,Property,5449267,63.72,687925,Mortgaged,Stable,Yes,Meets Criteria,Semi-Urban,Group_A,8.5
STU11404,26,Male,-1,63.44,66.01,6.56,0,0,IELTS,6.0,Germany,2341312,University_42,638,STEM,Father,49,750,1589645,Salaried,Private,50189,37.89,Property,3832100,61.1,756413,Mortgaged,Stable,Yes,Meets Criteria,Semi-Urban,Group_B,8.5
STU11405,22,Female,-1,84.16,88.62,8.54,0,0,TOEFL,105.0,Canada,3559352,University_71,451,STEM,Mother,47,779,1599356,Self-Employed,Private,30239,22.69,Property,6232252,57.11,204682,Rented,Stable,Yes,Meets Criteria,Urban,Group_A,8.5
STU11406,30,Male,691,69.13,69.91,7.51,0,0,GRE,297.0,Germany,1784258,University_18,740,STEM,Father,60,823,1178707,Salaried,Govt,2301,2.34,None,0,0.0,610964,Rented,Stable,Yes,Meets Criteria,Semi-Urban,Group_C,10.35
STU11407,23,Female,-1,88.54,98.77,9.82,0,0,GRE,292.0,USA,4232269,University_10,486,Arts,Mother,45,758,4863729,Salaried,Govt,118058,29.13,Property,5847537,72.38,734958,Owned,Stable,Yes,Meets Criteria,Semi-Urban,Group_A,8.5
STU11408,23,Male,768,85.91,83.5,8.39,0,2,IELTS,6.5,Australia,3471537,University_91,664,STEM,Father,46,675,1879337,Salaried,Public,36288,23.17,Property,5075814,68.39,738614,Rented,Declining,No,Declining CIBIL Trend with borderline score,Semi-Urban,Group_A,9.5
STU11409,22,Male,707,66.48,66.74,7.62,0,0,IELTS,8.0,Canada,3037495,University_18,306,STEM,Father,51,798,1324745,Self-Employed,Private,7901,7.16,None,0,0.0,417565,Rented,Stable,Yes,Meets Criteria,Rural,Group_A,9.0
STU11410,23,Female,698,95.2,89.07,9.85,0,2,TOEFL,115.0,Germany,2195247,University_56,510,STEM,Father,50,662,571376,Salaried,MNC,15030,31.57,None,0,0.0,384864,Rented,Improving,No,High Unsecured Loan (2195247) vs Income (571376),Urban,Group_A,10.5
STU11411,22,Female,-1,72.16,73.83,6.46,0,0,GRE,313.0,Canada,3286838,University_57,349,STEM,Father,51,657,699478,Salaried,Public,10506,18.02,None,0,0.0,433508,Rented,Improving,No,High Unsecured Loan (3286838) vs Income (699478),Urban,Group_A,9.5
STU11412,23,Male,798,67.88,76.29,7.66,0,0,,0.0,USA,3652004,University_17,249,STEM,Sister,31,716,1648165,Salaried,Public,48120,35.04,Property,6670835,54.75,774307,Rented,Improving,Yes,Meets Criteria,Urban,Group_B,8.5
STU11413,25,Male,-1,66.81,71.04,6.13,0,0,GRE,315.0,Germany,2211404,University_78,623,STEM,Mother,51,708,912616,Salaried,Public,278,0.37,Fixed Deposit,4302357,51.4,556164,Mortgaged,Improving,Yes,Meets Criteria,Urban,Group_C,9.35
STU11414,30,Male,770,82.44,82.95,8.34,0,0,TOEFL,108.0,USA,4370727,University_62,711,Management,Father,61,771,3302820,Self-Employed,Private,44173,16.05,Property,7915592,55.22,753063,Rented,Stable,Yes,Meets Criteria,Urban,Group_A,8.5
STU11415,23,Male,708,68.26,69.36,7.73,0,1,GRE,296.0,Ireland,2259684,University_65,835,Management,Brother,30,786,671093,Salaried,Private,14303,25.58,Property,4507388,50.13,116416,Owned,Stable,Yes,Meets Criteria,Rural,Group_B,9.0
STU11416,23,Female,747,90.19,83.76,9.1,0,0,TOEFL,105.0,UK,4168416,University_64,573,STEM,Father,46,700,965953,Salaried,Govt,5566,6.91,Fixed Deposit,6988013,59.65,485772,Owned,Improving,Yes,Meets Criteria,Urban,Group_B,8.5
STU11417,23,Female,-1,80.11,68.53,8.04,0,0,GRE,318.0,Germany,1793324,University_92,419,STEM,Sister,30,692,1691265,Salaried,Public,4292,3.05,Property,3199931,56.04,282620,Owned,Declining,No,Declining CIBIL Trend with borderline score,Urban,Group_B,9.5
STU11418,25,Female,-1,64.54,60.04,6.8,2,0,IELTS,7.5,Germany,1967406,University_56,355,STEM,Father,57,800,1609227,Salaried,Public,46474,34.66,Property,3198671,61.51,593607,Rented,Stable,Yes,Meets Criteria,Urban,Group_A,8.5
STU11419,24,Male,-1,86.23,81.16,7.72,1,0,IELTS,7.0,Australia,4245102,University_23,318,Medical,Father,47,681,1969146,Salaried,MNC,45599,27.79,Property,5883917,72.15,450052,Owned,Improving,Yes,Meets Criteria,Rural,Group_A,10.0
STU11420,23,Female,-1,86.79,92.65,9.56,0,0,GRE,293.0,USA,3656583,University_55,261,Management,Father,48,817,1570551,Salaried,Govt,14931,11.41,None,0,0.0,599919,Mortgaged,Stable,Yes,Meets Criteria,Urban,Group_A,8.5
STU11421,24,Male,-1,67.34,68.11,7.84,0,1,TOEFL,87.0,Germany,1797552,University_25,158,Management,Mother,59,832,634592,Salaried,Private,6038,11.42,Fixed Deposit,2929674,61.36,625116,Rented,Stable,Yes,Meets Criteria,Urban,Group_B,8.5
STU11422,25,Male,-1,84.78,87.7,7.67,2,0,TOEFL,108.0,Canada,3829544,University_51,783,Arts,Father,49,712,1415451,Self-Employed,Public,30435,25.8,Property,6674185,57.38,284438,Owned,Improving,Yes,Meets Criteria,Urban,Group_B,8.5
STU11423,25,Female,-1,70.14,82.69,7.8,2,0,,0.0,UK,3997571,University_22,840,STEM,Father,47,771,3483233,Salaried,MNC,82926,28.57,Property,6891987,58.0,173730,Mortgaged,Stable,Yes,Meets Criteria,Urban,Group_A,8.5
STU11424,28,Female,-1,80.04,90.8,9.35,0,0,,0.0,Australia,4070450,University_33,337,STEM,Father,60,812,2815213,Salaried,Public,3115,1.33,Property,6867275,59.27,350694,Mortgaged,Stable,Yes,Meets Criteria,Rural,Group_A,9.0
STU11425,24,Female,-1,72.93,77.2,6.88,3,1,TOEFL,94.0,Canada,3076951,University_30,903,STEM,Mother,49,653,418750,Salaried,MNC,11973,34.31,Fixed Deposit,5817216,52.89,775184,Owned,Declining,No,Declining CIBIL Trend with borderline score,Rural,Group_C,10.85
STU11426,22,Male,744,59.15,71.2,6.47,0,1,,0.0,Ireland,2705569,University_66,927,Management,Sister,26,758,1524232,Salaried,Private,50243,39.56,None,0,0.0,402399,Mortgaged,Stable,Yes,Meets Criteria,Urban,Group_B,8.5
STU11427,27,Male,682,72.68,68.02,6.66,2,0,IELTS,6.0,Germany,2373715,University_27,840,Management,Father,56,742,4887502,Self-Employed,MNC,10745,2.64,Fixed Deposit,3993096,59.45,338005,Rented,Improving,Yes,Meets Criteria,Rural,Group_C,10.85
STU11428,25,Male,-1,80.27,70.12,7.81,0,0,GMAT,716.0,Germany,2314747,University_93,686,Management,Mother,51,711,4699662,Salaried,Private,93328,23.83,Property,3050065,75.89,588667,Mortgaged,Improving,Yes,Meets Criteria,Semi-Urban,Group_B,8.5
STU11429,24,Male,-1,91.5,87.64,9.19,0,0,TOEFL,104.0,Ireland,3028217,University_73,594,STEM,Mother,51,800,676663,Self-Employed,MNC,11604,20.58,None,0,0.0,272533,Owned,Stable,No,High Unsecured Loan (3028217) vs Income (676663),Rural,Group_A,9.0
STU11430,23,Female,-1,93.01,90.53,8.61,0,0,IELTS,7.0,Australia,3572986,University_90,137,STEM,Mother,57,772,2438952,Salaried,Public,22295,10.97,Property,5572183,64.12,254210,Owned,Stable,Yes,Meets Criteria,Urban,Group_B,8.5
STU11431,30,Male,682,66.85,67.65,7.72,0,1,TOEFL,114.0,Canada,3626962,University_49,728,STEM,Father,55,694,540404,Self-Employed,Private,2381,5.29,Property,4943505,73.37,693791,Owned,Improving,Yes,Meets Criteria,Urban,Group_B,10.5
STU11432,27,Male,783,68.53,69.61,6.54,0,0,GRE,296.0,Germany,1806796,University_15,662,Management,Mother,58,790,1848512,Salaried,Private,1853,1.2,None,0,0.0,274748,Mortgaged,Stable,Yes,Meets Criteria,Urban,Group_A,8.5
STU11433,25,Male,772,63.89,74.31,7.52,0,0,TOEFL,115.0,Canada,3859842,University_22,150,STEM,Father,47,661,1045311,Self-Employed,Govt,519,0.6,Property,5342081,72.25,112215,Mortgaged,Declining,No,Declining CIBIL Trend with borderline score,Semi-Urban,Group_B,9.5
STU11434,25,Female,-1,65.86,61.28,6.2,0,0,GRE,297.0,Australia,2945245,University_4,521,STEM,Father,59,811,1970439,Salaried,MNC,60397,36.78,None,0,0.0,614204,Owned,Stable,Yes,Meets Criteria,Urban,Group_B,8.5
STU11435,21,Male,741,66.76,67.84,7.1,0,0,IELTS,7.0,Australia,3432550,University_12,296,STEM,Mother,42,835,1293317,Salaried,Govt,38702,35.91,None,0,0.0,413419,Rented,Stable,Yes,Meets Criteria,Urban,Group_A,8.5
STU11436,22,Female,690,84.11,75.77,8.22,0,0,,0.0,Canada,2702521,University_62,283,Medical,Mother,49,850,793779,Salaried,Public,20279,30.66,None,0,0.0,687064,Owned,Stable,No,High Unsecured Loan (2702521) vs Income (793779),Urban,Group_B,9.5
STU11437,23,Male,-1,77.17,78.89,8.72,0,0,TOEFL,100.0,Australia,4078162,University_13,36,Medical,Mother,44,700,2070891,Self-Employed,MNC,31549,18.28,Property,7345901,55.52,301238,Rented,Improving,Yes,Meets Criteria,Semi-Urban,Group_B,8.5
STU11438,26,Male,-1,67.37,59.29,6.0,0,0,IELTS,8.0,Ireland,2569524,University_10,340,Management,Mother,47,826,424157,Salaried,Govt,6163,17.44,None,0,0.0,518875,Owned,Stable,No,High Unsecured Loan (2569524) vs Income (424157),Urban,Group_C,9.35
STU11439,23,Male,704,64.17,76.63,6.9,1,0,GRE,313.0,USA,4138363,University_12,726,STEM,Father,45,830,1271431,Self-Employed,Govt,41820,39.47,Property,4971285,83.25,578735,Rented,Stable,Yes,Meets Criteria,Semi-Urban,Group_A,8.5
STU11440,23,Female,719,70.7,76.99,7.85,1,0,IELTS,7.0,Australia,3992293,University_61,43,Management,Father,52,807,2063101,Self-Employed,Private,25258,14.69,None,0,0.0,698982,Mortgaged,Stable,Yes,Meets Criteria,Rural,Group_A,9.0
STU11441,23,Female,797,67.13,63.87,6.91,3,0,GRE,314.0,Canada,3345270,University_73,579,Management,Mother,53,753,1134089,Salaried,Private,14683,15.54,Property,5243010,63.8,126175,Mortgaged,Stable,Yes,Meets Criteria,Urban,Group_B,8.5
STU11442,23,Female,-1,78.94,79.21,7.86,1,0,TOEFL,87.0,UK,4153763,University_88,677,STEM,Mother,54,774,722104,Self-Employed,Govt,1748,2.9,Property,5086315,81.67,730087,Owned,Stable,Yes,Meets Criteria,Semi-Urban,Group_A,8.5
STU11443,22,Male,-1,73.31,80.52,7.64,2,2,GRE,314.0,Australia,2913658,University_77,243,STEM,Father,45,655,982401,Salaried,MNC,4345,5.31,None,0,0.0,485921,Rented,Declining,No,Declining CIBIL Trend with borderline score,Urban,Group_B,9.5
STU11444,21,Male,-1,83.09,76.47,7.7,0,0,IELTS,6.5,Ireland,2570551,University_39,81,Medical,Father,50,651,4397631,Salaried,MNC,54023,14.74,None,0,0.0,255961,Rented,Improving,Yes,Meets Criteria,Rural,Group_B,10.0
STU11445,24,Female,659,83.94,86.18,9.31,0,1,TOEFL,87.0,Germany,2066879,University_59,298,STEM,Mother,56,673,751778,Salaried,Public,18743,29.92,Fixed Deposit,3287623,62.87,513803,Rented,Improving,Yes,Meets Criteria,Urban,Group_A,10.5
STU11446,22,Female,727,61.67,68.67,7.25,0,1,IELTS,8.0,Australia,3088300,University_12,624,Management,Mother,54,801,611189,Salaried,Private,19149,37.6,Property,4782522,64.57,295625,Mortgaged,Stable,Yes,Meets Criteria,Semi-Urban,Group_B,8.5
STU11447,27,Female,670,73.37,64.24,6.8,0,0,TOEFL,108.0,Ireland,2217666,University_91,903,Management,Mother,62,717,1568484,Salaried,Private,13928,10.66,None,0,0.0,248297,Mortgaged,Improving,Yes,Meets Criteria,Semi-Urban,Group_B,9.5
STU11448,25,Female,713,84.9,84.1,8.7,0,0,GRE,292.0,Canada,3061027,University_100,518,Medical,Mother,48,650,703026,Self-Employed,Govt,3316,5.66,Property,5741419,53.31,495004,Rented,Improving,Yes,Meets Criteria,Rural,Group_A,10.0
STU11449,25,Female,813,90.57,80.19,9.09,0,0,IELTS,6.0,UK,4421958,University_29,948,STEM,Father,57,737,614962,Salaried,Govt,5639,11.0,Property,5493278,80.5,290016,Mortgaged,Improving,Yes,Meets Criteria,Semi-Urban,Group_C,9.35
STU11450,22,Female,677,84.0,92.79,9.47,0,0,GRE,322.0,UK,3633764,University_72,626,Management,Sister,30,834,546799,Salaried,Govt,92,0.2,Fixed Deposit,4619122,78.67,655438,Mortgaged,Stable,Yes,Meets Criteria,Urban,Group_B,9.5
STU11451,22,Male,833,95.61,86.1,9.37,0,2,IELTS,7.5,Germany,1881911,University_18,430,Medical,Mother,44,749,1937171,Self-Employed,Public,59677,36.97,Property,3454949,54.47,501267,Rented,Improving,Yes,Meets Criteria,Semi-Urban,Group_B,8.5
STU11452,24,Female,650,70.33,74.72,7.79,0,1,IELTS,6.0,USA,3764640,University_74,381,STEM,Mother,45,806,493323,Salaried,MNC,13876,33.75,None,0,0.0,224512,Rented,Stable,No,High Unsecured Loan (3764640) vs Income (493323),Rural,Group_B,10.0
STU11453,27,Female,734,60.37,58.8,7.08,1,0,IELTS,7.0,Australia,3207474,University_57,55,STEM,Father,61,795,1085558,Salaried,Public,7222,7.98,Fixed Deposit,3933204,81.55,184323,Owned,Stable,Yes,Meets Criteria,Semi-Urban,Group_B,8.5
STU11454,25,Male,755,83.02,72.88,8.01,0,1,IELTS,6.0,Australia,4143249,University_74,805,Management,Father,50,793,772966,Self-Employed,MNC,8431,13.09,Property,5943194,69.71,787233,Mortgaged,Stable,Yes,Meets Criteria,Urban,Group_C,9.35
STU11455,22,Male,-1,67.74,66.25,6.81,0,0,GRE,326.0,Germany,1859204,University_53,353,STEM,Father,45,802,1339159,Salaried,Public,12455,11.16,Property,2933403,63.38,231180,Mortgaged,Stable,Yes,Meets Criteria,Rural,Group_B,9.0
STU11456,23,Female,-1,78.39,81.79,7.93,1,0,GMAT,681.0,Ireland,3159751,University_61,208,STEM,Father,56,729,1929149,Salaried,Public,5314,3.31,Fixed Deposit,6071010,52.05,184158,Mortgaged,Improving,Yes,Meets Criteria,Semi-Urban,Group_B,8.5
STU11457,24,Male,654,63.42,68.01,7.12,0,0,TOEFL,105.0,Ireland,2399521,University_24,71,STEM,Father,52,725,2894795,Salaried,Private,93677,38.83,Property,4383774,54.74,487427,Owned,Improving,Yes,Meets Criteria,Semi-Urban,Group_C,10.35
STU11458,26,Female,706,74.14,75.04,6.77,0,0,IELTS,6.5,Ireland,2614331,University_8,416,Management,Mother,60,719,1944353,Salaried,Public,28220,17.42,None,0,0.0,560118,Rented,Improving,Yes,Meets Criteria,Urban,Group_A,8.5
STU11459,30,Male,-1,77.26,71.72,7.92,0,0,GRE,306.0,Canada,3816114,University_70,516,Management,Father,54,790,559194,Salaried,Private,18037,38.71,Property,5549910,68.76,348919,Owned,Stable,Yes,Meets Criteria,Semi-Urban,Group_B,8.5
STU11460,23,Female,-1,81.2,80.1,8.1,0,0,,0.0,Germany,1930248,University_18,554,Arts,Brother,26,734,575108,Salaried,Private,1017,2.12,None,0,0.0,575917,Mortgaged,Improving,No,High Unsecured Loan (1930248) vs Income (575108),Urban,Group_A,8.5
STU11461,22,Female,685,82.04,82.88,8.12,0,0,IELTS,6.0,Australia,3404479,University_51,164,Management,Father,46,794,1183302,Salaried,Govt,28761,29.17,None,0,0.0,120205,Rented,Stable,Yes,Meets Criteria,Semi-Urban,Group_A,9.5
STU11462,27,Male,776,70.07,69.56,6.09,0,0,GMAT,560.0,Australia,3590473,University_90,317,STEM,Father,59,657,1013316,Salaried,Govt,30044,35.58,None,0,0.0,214574,Mortgaged,Declining,No,Declining CIBIL Trend with borderline score; High Unsecured Loan (3590473) vs Income (1013316),Urban,Group_A,9.5
STU11463,25,Male,710,91.84,92.52,9.07,0,0,GRE,328.0,UK,5016950,University_3,146,STEM,Father,51,725,1733622,Salaried,Private,39409,27.28,Property,6237005,80.44,295752,Owned,Improving,Yes,Meets Criteria,Semi-Urban,Group_C,9.35
STU11464,24,Male,771,80.11,83.33,8.78,0,0,GRE,310.0,Australia,4057304,University_35,716,Management,Mother,46,824,492865,Salaried,MNC,16399,39.93,Property,7767201,52.24,251802,Mortgaged,Stable,Yes,Meets Criteria,Rural,Group_C,9.85
STU11465,23,Female,723,72.84,80.04,7.66,0,1,GRE,293.0,Germany,1688883,University_54,778,Management,Father,56,829,426620,Self-Employed,MNC,1122,3.16,None,0,0.0,226385,Mortgaged,Stable,No,High Unsecured Loan (1688883) vs Income (426620),Urban,Group_B,8.5
STU11466,23,Female,-1,78.06,79.08,7.87,0,0,GRE,312.0,Canada,3915928,University_84,703,STEM,Mother,54,800,1344483,Self-Employed,Public,19726,17.61,None,0,0.0,757637,Mortgaged,Stable,Yes,Meets Criteria,Rural,Group_B,9.0
STU11467,22,Female,-1,71.76,65.85,7.77,0,1,IELTS,6.0,Canada,3649780,University_91,196,Management,Father,56,683,1772441,Salaried,Private,35151,23.8,None,0,0.0,161922,Owned,Declining,No,Declining CIBIL Trend with borderline score,Urban,Group_B,9.5
STU11468,28,Female,795,85.1,81.74,7.67,0,0,IELTS,6.5,USA,4799568,University_9,50,STEM,Father,49,750,1403657,Salaried,Govt,44795,38.3,Property,8147902,58.91,428832,Owned,Stable,Yes,Meets Criteria,Rural,Group_C,9.85
STU11469,29,Female,748,79.69,90.1,7.84,3,0,GRE,307.0,UK,3944992,University_5,900,STEM,Father,53,759,423911,Salaried,Private,7156,20.26,Fixed Deposit,6939176,56.85,408017,Rented,Stable,Yes,Meets Criteria,Semi-Urban,Group_B,8.5
STU11470,29,Female,658,61.66,66.36,5.86,0,0,GMAT,606.0,UK,5024015,University_44,902,Management,Father,59,807,2730910,Salaried,Govt,87374,38.39,Fixed Deposit,7472415,67.23,365465,Owned,Stable,Yes,Meets Criteria,Semi-Urban,Group_A,9.5
STU11471,22,Female,697,80.69,76.27,8.14,0,0,TOEFL,82.0,UK,3459665,University_63,584,Arts,Father,52,653,840311,Self-Employed,MNC,11142,15.91,None,0,0.0,559286,Owned,Declining,No,Declining CIBIL Trend with borderline score; High Unsecured Loan (3459665) vs Income (840311),Semi-Urban,Group_A,10.5
STU11472,25,Male,-1,96.92,91.5,8.44,0,0,IELTS,7.5,Germany,2282388,University_62,270,Arts,Father,46,849,1306748,Self-Employed,MNC,43389,39.84,None,0,0.0,635288,Mortgaged,Stable,Yes,Meets Criteria,Rural,Group_B,9.0
STU11473,23,Female,684,77.71,89.18,7.91,0,0,,0.0,Australia,3159137,University_37,315,STEM,Mother,53,828,1586367,Salaried,Public,45575,34.47,Property,3842802,82.21,521702,Mortgaged,Stable,Yes,Meets Criteria,Urban,Group_B,9.5
STU11474,24,Male,-1,75.38,82.44,7.21,0,0,IELTS,7.0,UK,3373523,University_21,649,Medical,Father,50,652,2305675,Salaried,Govt,37907,19.73,Fixed Deposit,6707557,50.29,438312,Mortgaged,Improving,Yes,Meets Criteria,Urban,Group_A,9.5
STU11475,25,Female,682,64.77,63.19,6.58,1,0,IELTS,7.0,Australia,3144629,University_8,643,STEM,Brother,30,819,4402004,Self-Employed,MNC,103073,28.1,None,0,0.0,266711,Mortgaged,Stable,Yes,Meets Criteria,Semi-Urban,Group_A,9.5
STU11476,24,Male,-1,64.88,66.53,6.3,0,1,GRE,290.0,Australia,3941609,University_5,586,Management,Mother,45,814,621121,Salaried,Govt,17369,33.56,None,0,0.0,158648,Mortgaged,Stable,No,High Unsecured Loan (3941609) vs Income (621121),Semi-Urban,Group_B,8.5
STU11477,23,Male,-1,65.77,77.15,7.38,0,0,IELTS,7.5,USA,4518786,University_32,15,STEM,Father,46,679,446339,Salaried,MNC,5713,15.36,Property,7027875,64.3,252691,Owned,Declining,No,Declining CIBIL Trend with borderline score,Semi-Urban,Group_A,9.5
STU11478,25,Female,828,87.05,93.0,9.72,0,0,GRE,319.0,Australia,3361079,University_73,570,Management,Father,58,789,1746126,Salaried,Govt,18816,12.93,None,0,0.0,703067,Owned,Stable,Yes,Meets Criteria,Semi-Urban,Group_B,8.5
STU11479,28,Female,773,66.53,66.54,6.4,0,0,IELTS,6.5,Ireland,2586860,University_30,977,STEM,Father,62,711,1678876,Self-Employed,Govt,37552,26.84,Property,4930152,52.47,118882,Rented,Improving,Yes,Meets Criteria,Urban,Group_C,9.35
STU11480,24,Male,-1,83.66,87.09,8.94,2,0,IELTS,6.0,Germany,1894900,University_60,912,STEM,Mother,45,827,712390,Salaried,Public,2993,5.04,Property,3649321,51.92,230098,Mortgaged,Stable,Yes,Meets Criteria,Semi-Urban,Group_A,8.5
STU11481,22,Female,711,91.66,82.42,9.03,0,0,IELTS,6.0,UK,3663966,University_56,718,Management,Father,45,675,4713862,Salaried,MNC,124958,31.81,Fixed Deposit,6523492,56.17,289219,Owned,Declining,No,Declining CIBIL Trend with borderline score,Urban,Group_A,9.5
STU11482,21,Male,708,79.23,77.36,7.34,0,0,IELTS,7.5,USA,4901020,University_88,375,STEM,Father,51,674,1709608,Salaried,Public,6064,4.26,Property,6320608,77.54,567735,Rented,Declining,No,Declining CIBIL Trend with borderline score,Urban,Group_B,9.5
STU11483,25,Male,677,76.05,79.32,8.2,0,1,,0.0,Canada,3802556,University_73,768,STEM,Father,53,826,646648,Self-Employed,Public,3610,6.7,None,0,0.0,208772,Mortgaged,Stable,No,High Unsecured Loan (3802556) vs Income (646648),Urban,Group_B,9.5
STU11484,22,Female,698,72.35,72.44,8.66,1,0,GMAT,636.0,UK,4900841,University_62,548,Management,Father,55,829,4532831,Salaried,Private,129651,34.32,Property,6144355,79.76,503674,Rented,Stable,Yes,Meets Criteria,Urban,Group_B,9.5
STU11485,24,Female,727,90.91,92.01,9.68,0,0,GRE,322.0,USA,4096999,University_40,888,STEM,Mother,45,818,1001274,Self-Employed,Govt,33223,39.82,Fixed Deposit,5369042,76.31,609931,Rented,Stable,Yes,Meets Criteria,Urban,Group_C,9.35
STU11486,21,Male,-1,60.69,68.14,6.91,0,1,IELTS,8.0,UK,3574134,University_30,139,STEM,Father,52,689,2248134,Salaried,MNC,18881,10.08,None,0,0.0,400900,Owned,Declining,No,Declining CIBIL Trend with borderline score,Urban,Group_A,9.5
STU11487,23,Female,785,73.8,72.79,7.16,0,0,,0.0,Ireland,2969250,University_68,766,Medical,Mother,45,666,3767733,Salaried,Govt,122317,38.96,None,0,0.0,487384,Mortgaged,Improving,Yes,Meets Criteria,Semi-Urban,Group_B,9.5
STU11488,23,Female,-1,82.98,82.83,8.24,0,0,IELTS,6.0,Ireland,2297787,University_82,213,Management,Father,44,720,774548,Self-Employed,Public,17966,27.83,Property,3159948,72.72,247573,Rented,Improving,Yes,Meets Criteria,Urban,Group_B,8.5
STU11489,24,Male,-1,65.5,64.31,7.29,0,2,GRE,334.0,Germany,2415680,University_32,382,STEM,Father,56,699,2173766,Salaried,Public,65105,35.94,Property,4366204,55.33,637788,Mortgaged,Declining,No,Declining CIBIL Trend with borderline score,Urban,Group_C,10.35
STU11490,22,Female,-1,62.84,58.51,6.16,0,0,GRE,302.0,USA,3605194,University_8,353,Medical,Father,54,802,2968084,Salaried,Govt,92495,37.4,None,0,0.0,571342,Owned,Stable,Yes,Meets Criteria,Urban,Group_A,8.5
STU11491,24,Female,708,74.76,77.56,7.8,1,0,TOEFL,94.0,Ireland,2302580,University_10,701,Arts,Father,45,816,484881,Salaried,Govt,16011,39.62,None,0,0.0,204014,Owned,Stable,No,High Unsecured Loan (2302580) vs Income (484881),Urban,Group_B,8.5
STU11492,21,Male,-1,80.72,77.76,7.86,0,0,TOEFL,110.0,Ireland,2482421,University_78,42,Arts,Brother,26,799,792730,Salaried,MNC,25256,38.23,None,0,0.0,338767,Owned,Stable,No,High Unsecured Loan (2482421) vs Income (792730),Urban,Group_B,8.5
STU11493,27,Male,665,83.76,87.04,9.78,0,0,TOEFL,114.0,Ireland,3046872,University_9,635,STEM,Father,54,750,1140164,Salaried,MNC,5732,6.03,Property,3854073,79.06,322886,Rented,Stable,Yes,Meets Criteria,Urban,Group_A,9.5
STU11494,25,Female,-1,89.46,83.38,8.4,0,0,GRE,315.0,Ireland,2761754,University_48,993,Management,Mother,59,756,3649437,Salaried,Private,56019,18.42,Property,4978101,55.48,152550,Owned,Stable,Yes,Meets Criteria,Semi-Urban,Group_A,8.5
STU11495,23,Female,749,67.93,64.31,7.06,0,0,,0.0,Germany,2355512,University_47,371,STEM,Father,44,727,1401757,Salaried,Public,36389,31.15,None,0,0.0,377109,Rented,Improving,Yes,Meets Criteria,Semi-Urban,Group_C,9.35
STU11496,24,Male,688,81.3,81.15,8.94,0,0,TOEFL,99.0,Canada,3438150,University_25,735,Management,Father,48,795,1674161,Salaried,Govt,19185,13.75,Property,4957264,69.36,743883,Mortgaged,Stable,Yes,Meets Criteria,Semi-Urban,Group_A,9.5
STU11497,24,Male,-1,73.11,68.25,6.88,1,0,IELTS,6.5,Germany,2044425,University_16,91,Management,Father,49,687,534074,Self-Employed,MNC,3853,8.66,Fixed Deposit,3125411,65.41,254121,Owned,Declining,No,Declining CIBIL Trend with borderline score,Urban,Group_A,9.5
STU11498,23,Male,744,75.12,75.74,6.93,1,0,GMAT,588.0,Canada,2773863,University_66,871,STEM,Father,52,812,2164798,Salaried,Private,38519,21.35,None,0,0.0,626939,Owned,Stable,Yes,Meets Criteria,Urban,Group_A,8.5
STU11499,24,Female,-1,92.39,93.78,8.49,0,0,TOEFL,106.0,Canada,2834724,University_31,742,STEM,Father,49,832,977494,Salaried,Private,21440,26.32,Property,4696329,60.36,508738,Rented,Stable,Yes,Meets Criteria,Rural,Group_C,9.85
